"timestamp","user_email","risk_level","risk_score","anomaly_detected","explanation","recommended_action","incident_id","id"
"{""2026-01-29 10:55:35+03""}","thalil","düşük",35,"false","Olay, kurum kontrolünde bir yazıcıya gönderildiği için düşük risklidir. 'AUTHORIZED' olarak işaretlenmiş olaylar genellikle izin verilen hareketlerdir. Veri hacmi düşük olduğundan email kanalı kadar risk taşımamaktadır.","Bu olay izlenebilir ancak anormal bir durum olarak değerlendirilmemektedir. Gelecekte benzer olaylar takip edilmeli ve kullanıcı farkındalık eğitimleri ile yazıcı kullanımı konusunda bilgilendirilmelidir.",338423401,"35"
"{""2026-01-29 10:55:19+03""}","thalil","düşük",25,"false","Bu olayda, yazdırma kanalında (`endpoint`) ve kurumsal bir hedefe gönderim yapılmıştır. `action` alanı 'AUTHORIZED' olduğu için herhangi bir engelleme veya karantinaya alma durumu yoktur. `max_matches` değeri 9 olduğundan veri hacmi düşük risk oluşturmaktadır.","Yazdırma işlemleri rutin olarak izlenmeli ancak mevcut durumda ek bir aksiyon gerekmemektedir.",338423125,"36"
"{""2026-01-29 10:55:17+03""}","ksena","düşük",25,"false","Olay ENDPOINT_PRINTING kanalında ve kurum içi bir yazıcıya yönlendirilmiş. Veri aktarımı kurum kontrolünde olduğundan dolayı risk düşüktür. Dosyanın authorized (izin verilmiş) olarak işaretlenmesi bu davranışın izin verilen bir işlem olduğunu gösteriyor.","Olay düşük risk seviyesinde ancak izlemeye devam edilmelidir. Kullanıcının veri transfer davranışları rutinmiş gibi görünse de, düzenli kontrol ile anormal bir faaliyet olup olmadığı gözlemlenmelidir.",338423263,"37"
"{""2026-01-29 10:55:14+03""}","ksena","düşük",30,"false","Olay 'ENDPOINT_PRINTING' kanalından geldiği ve 'AUTHORIZED' olarak işaretlendiği için risk seviyesi düşüktür. Yazıcı kanalı kurum kontrolündedir, veri hacmi de düşük olduğu için ciddi bir tehlike arz etmez.","Olayın kayıt altında tutulması ve periyodik olarak gözden geçirilmesi tavsiye edilir.",338423258,"38"
"{""2026-01-29 10:55:04+03""}","thalil","düşük",20,"false","Olay, kurum içinde bir yazıcıya yapılan veri transferini içermekte ve 'authorized' olarak işaretlenmiştir. Endpoint kanalı kullanıldığı için risk düşük kabul edilir. Destination adresi kurumsal bir kaynağı işaret ettiğinden dışarıya veri aktarımı riski yoktur. Veri hacmi de düşük seviyededir.","Olayın kurum içi bir yazıcıya yapılmış olması nedeniyle daha fazla izlemeye gerek yoktur. Ancak, benzer olaylar için periyodik incelemeler yapılarak tüm transferlerin uygun şekilde yetkilendirildiğinden emin olunmalıdır.",338422988,"39"
"{""2026-01-29 10:54:43+03""}","kazimo","orta",35,"false","Olay 'email' kanalı üzerinden gerçekleşmiş ve kurumsal bir alana gönderim yapılmıştır. Ancak, action 'authorized' olduğundan ve 'max_matches' değeri düşük olduğundan risk seviyesi orta olarak değerlendirilmiştir.","Olayın detaylarını inceleyerek, gelecekte benzer olayların izlenmesi için uyarı sistemi kurun.",338423171,"40"
"{""2026-01-29 10:53:53+03""}","aozkan","orta",60,"false","E-posta kanalı üzerinden gönderilen veri, kurumsal bir alan adına gitmektedir. 'Action' bölümünde 'authorized' olarak işaretlenmiş, ancak 'max_matches' değeri göz önünde bulundurularak gönderilen veri hacmi orta risk düzeyinde değerlendirilmiştir.","İlgili kullanıcı hakkında daha fazla bilgi toplayarak, benzer olayların tekrar etmesi durumunda izleme yapın.",338423314,"41"
"{""2026-01-29 10:53:50+03""}","hesaparastirmaservisi@kuveytturk.com.tr","yüksek",80,"true","Olay, email kanalı üzerinden gerçekleşmiş ve dış bir adrese (fraud@enparabank.com) gönderim içeriyor. 'Quarantined' aksiyonu, olayın riskli olduğunu gösteriyor. Hedeflenen email adresi yabancı bir kuruma ait ve veri hacmi email kanalı için önemli. Bu faktörler, olayın anormal ve yüksek riskli olmasına neden oluyor.","Bu olayın detayları incelenmeli, kullanıcı ile iletişime geçilerek gönderimin amacı öğrenilmelidir. Aynı zamanda email trafiği ve kullanıcı aktiviteleri daha kapsamlı bir şekilde takip edilmelidir.",338423310,"42"
"{""2026-01-29 10:53:43+03""}","yberat","yüksek",75,"true","Olay, e-posta kanalı aracılığıyla kurumsal bir dış adrese gönderilen ve karantinaya alınmış bir veriyi içeriyor. Karantinaya alınmış olması, gönderimin riskli olarak değerlendirildiğini gösteriyor. Her ne kadar hedef adres kurumsal olsa da, durum anormal bir davranış sinyali veriyor olabilir.","Karantinaya alınan olayı daha detaylı inceleyin ve kullanıcının bu tür eylemleri tekrar edip etmediğini kontrol edin. Gerekiyorsa kullanıcıya bilgi verin ve güvenlik farkındalığı eğitimleri düzenleyin.",338423103,"43"
"{""2026-01-29 10:53:31+03""}","aksoyk","orta",45,"false","Email kanalı üzerinden kurumsal bir alan adına gönderim yapılmış ve olay yetkili olarak işaretlenmiş. Veri hacmi düşük seviyede olduğu için risk seviyesi orta olarak değerlendirilmiştir.","Olayın takibini sürdürün ve benzer olayların sıklığını izleyin. Gerekirse daha detaylı inceleme yaparak izin verilen gönderimlerin geçerliliğini doğrulayın.",338423021,"44"
"{""2026-01-29 10:52:51+03""}","melikeka","düşük",20,"false","Veri aktarımı kurum içi yazıcıya yapılmıştır ve yetkilendirilmiştir. 'endpoint' kanalı daha düşük risklidir ve kişisel veya kamuya açık bir e-posta servisi kullanılmamıştır. Veri hacmi yükseklik arz etmemektedir.","İzlemeye gerek yok, ancak benzer olaylar tekrarlarsa kullanıcı eğitimi verilebilir.",338422961,"45"
"{""2026-01-29 10:52:38+03""}","enkaya","düşük",20,"false","Olay, kurumsal bir yazıcıya yapıldığı için genel veri sızıntısı riski düşüktür. Kanal 'endpoint' ve hedef kurumsal bir sunucu olduğundan, veri hacmi ve diğer faktörler düşük risk göstermektedir.","Olayın kayıt altına alınarak izlenmesi yeterlidir; ancak benzer olayların artışı durumunda iç denetim yapılabilir.",338422769,"46"
"{""2026-01-29 10:52:35+03""}","enkaya","düşük",20,"false","Olay 'ENDPOINT_PRINTING' kanalı üzerinden gerçekleşmiştir ve hedef \srvsube-482\34-482-P01 kurumsal bir yazıcıdır, bu nedenle risk düşüktür. 'AUTHORIZED' aksiyonu, olayın izin verilen bir işlem olduğunu gösterir.","İlgili yazıcı kullanımlarını izlemeye devam edin, ancak şu an için ek bir önlem almaya gerek yoktur.",338422679,"47"
"{""2026-01-29 10:52:21+03""}","bgursu","orta",35,"false","Email kanalı üzerinden kurumsal bir alan adına gönderim yapılmış ve olay 'AUTHORIZED' olarak işaretlenmiştir. Bu durumda, gönderim izni verilmiş olsa da izlenmesi gerekir. Veri hacmi düşük seviyede olduğundan risk seviyesi 'orta' olarak değerlendirilmiştir.","Bu gönderimi izlemeye devam edin ve kullanıcı aktivitelerini gözlemleyin. Anormal bir davranış veya tekrarlayan olaylar tespit edilirse daha ileri düzeyde önlemler alın.",338422881,"48"
"{""2026-01-29 10:51:47+03""}","yiyakup","yüksek",75,"true","Olayın 'blocked' olması ve 'email' kanalında gerçekleşmesi, dış adreslere gönderimle birleştiğinde yüksek risk teşkil ediyor. Her ne kadar hedeflenen adresler kurumsal e-posta adresleri olsa da 'max_matches' değerinin bağlamsal olarak değerlendirilmesi kritik önemdedir.","Kullanıcı hareketleri yakından izlenmeli, olayın detayları incelenerek olası bir yanlış yapılandırma veya ihmal durumu olup olmadığı araştırılmalıdır. Güvenlik politikalarının ve eğitimlerin güncellenmesi düşünülmelidir.",338422251,"49"
"{""2026-01-29 10:51:20+03""}","myilan","düşük",25,"false","Olay email kanalı üzerinden gerçekleşmiş ve kurumsal adreslere gönderim yapılmıştır. Destination alanında birden fazla alıcı olsa da, tüm alıcılar kurumsal alanlara sahip. Max_matches değeri sadece 1 olduğundan veri hacmi düşüktür. Action 'AUTHORIZED' olduğundan olayın risk seviyesi düşüktür.","Bu olayın izlenmesi gerektiği için, mail iletişimleri periyodik olarak kontrol edilmelidir ve kullanıcı etkinlikleri gözlenmelidir. Şüpheli bir durum tespit edilirse daha detaylı inceleme yapılmalıdır.",338422509,"50"
"{""2026-01-29 10:51:20+03""}","ozcelikn","düşük",20,"false","Olay ENDPOINT_PRINTING kanalı üzerinden gerçekleşmiştir. Destination alanı kurum kontrolünde bir yazıcıya işaret etmektedir ve bu durum daha düşük risk taşır. Action 'AUTHORIZED' olduğundan, kurum tarafından izin verilmiş bir işlemdir. Veri hacmi sınırlı (max_matches: 9) ve bu kanal üzerinden yapılan işlemde risk düşük olarak değerlendirilmektedir.","İzleme yapılabilir, ancak bu aşamada önemli bir aksiyon gerekmez.",338422514,"51"
"{""2026-01-29 10:51:15+03""}","yiyakup","yüksek",75,"true","Olay, 'endpoint_email' kanalı kullanılarak gerçekleşmiştir ve 'blocked' olarak işaretlenmiştir, bu da riskli bir duruma işaret eder. İki farklı kurumsal alana gönderim yapılmış, ancak ‘max_matches’ değeri düşüktür. Ancak, 'blocked' olması ve e-posta kanalının kullanılması sebebiyle risk yüksektir.","Bu olayın incelenmesi ve bu kullanıcı için daha sıkı izleme veya denetim önlemleri uygulanması önerilir.",338422726,"52"
"{""2026-01-29 10:51:10+03""}","ismakork","düşük",20,"false","Bu olayda, yazıcıya gönderilen bir doküman bulunuyor. 'Endpoint' kanalı kurum kontrolünde olduğundan ve 'destination' alanı bir yazıcı adresi olduğundan risk düşüktür. 'action' alanı 'AUTHORIZED' olduğu için izin verilen bir işlem yapılmıştır, anormal bir durum tespit edilmiyor.","Olay düşük riskli kabul edilmektedir ve şu an için ek bir eyleme gerek yoktur. Yazıcı işlemleri düzenli aralıklarla gözden geçirilmeye devam edilmelidir.",338422721,"53"
"{""2026-01-29 10:50:49+03""}","nkilinc","düşük",20,"false","Olay, kurum içi bir yazıcıya veri gönderimi içeriyor ve 'AUTHORIZED' olarak işaretlenmiş. Endpoint channel üzerinden gerçekleştiği için risk düşük kabul edilir ve veri hacmi bu durumda sınırlı bir etkiye sahiptir.","Her ne kadar bu olay düşük riskli olarak sınıflandırılmış olsa da, yazıcı ve endpoint aktiviteleri düzenli aralıklarla gözden geçirilmeli ve izlenmelidir.",338422652,"54"
"{""2026-01-29 10:50:39+03""}","bernak","düşük",30,"false","E-posta kanalı üzerinden kurumsal bir alan adına yapılan gönderimde 'AUTHORIZED' aksiyonu kullanılmıştır. Dış adresler için risk potansiyeli daha yüksektir, ancak burada kurumsal bir alan adı söz konusu olduğu için risk düşük olarak değerlendirilmiştir. Max_matches değeri de düşük olduğundan veri hacmi açısından ekstra bir riske işaret etmemektedir.","Bu olay düşük risk taşımaktadır, ancak kullanıcı davranışlarını daha iyi anlayabilmek adına izleme yapılmasında fayda vardır.",338422627,"55"
"{""2026-01-29 10:50:26+03""}","nkilinc","düşük",25,"false","Olay, `endpoint` kanalı üzerinden gerçekleşmiştir ve kurum içi bir yazıcıya gönderim yapılmıştır. Bu kanal daha düşük risklidir ve `action` alanında olay izin verilmiş olarak işaretlenmiştir. Veri hacmi (9 eşleşme) düşük düzeydedir.","Bu olayda anormal bir durum tespit edilmediği için spesifik bir aksiyon önerilmemektedir ancak kullanıcı aktiviteleri periyodik olarak izlenmeye devam edilmelidir.",338422220,"56"
"{""2026-01-29 10:50:05+03""}","fozkan","yüksek",75,"true","Olay 'BLOCKED' olarak işaretlenmiş ve bu durum riskli kabul edilmiştir. HTTPS kanalında gerçekleşen bu bloklama, nav-edge.smartscreen.microsoft.com gibi güvenilir bir hedefe yönelik olsa dahi anormal davranışa işaret edebilir. Ancak kişisel veya genel e-posta servislerine yönelik olmadığı için veri sızıntısı riski düşüktür.","Kullanıcının neden bu siteye erişiminin engellendiği araştırılmalı, gerekli ise kullanıcıyla iletişime geçilmelidir. Gelecekte benzer olayların önüne geçmek için güvenlik politikaları gözden geçirilmeli.",338422497,"57"
"{""2026-01-29 10:49:56+03""}","atesd","düşük",25,"false","Veri kanalında 'ENDPOINT_PRINTING' kullanılmış ve hedeflenen yazıcı kurum içinde. Action 'AUTHORIZED' olduğu için, işlem izin verilmiş olarak kabul ediliyor. 'max_matches' değeri düşük ve bu durumun anormal bir veri sızıntısı riski taşımadığı değerlendirilmiştir.","Bu olay düşük risk seviyesinde olduğu için, sadece kayıt altına alınması yeterlidir. Gelecek benzer olaylar izlenebilir.",338421940,"58"
"{""2026-01-29 10:49:47+03""}","aaydogdu","orta",60,"true","Olay 'quarantined' aksiyonu ile işaretlenmiş ve dış bir e-posta adresine yüksek risk taşıyan bir kanal üzerinden gönderilmiş. Maksimum eşleşme sayısı düşük olsa da, risk seviyesi kombinasyonel faktörler göz önüne alındığında yüksektir.","Kullanıcının, verilerin dış adreslere neden gönderildiğini açıklaması istenmelidir. Ayrıca, gelecekteki benzer olaylar için kullanıcı eğitimi uygulanmalıdır.",338422425,"59"
"{""2026-01-29 10:49:43+03""}","bpiskin","düşük",20,"false","Olay ENDPOINT_PRINTING kanalında gerçekleşmiş ve kurum içi bir sunucuya veri aktarımı yapılmıştır. Bu kanal kurum kontrolünde olduğu için risk seviyesi düşüktür ve veri hacmi de düşük etki yapmaktadır. 'Authorized' (izin verilmiş) bir işlem olduğu için anormallik saptanmamıştır.","Olayın rutin bir işlem olarak devam edip ettiği gözden geçirilmeli ve bu tür işlemleri izlemeye devam edin.",338422420,"60"
"{""2026-01-29 10:49:17+03""}","aydogdus","düşük",15,"false","Olay, yazıcı kanalı üzerinden gerçekleşmiş ve kurum içi bir yazıcıya gönderim yapılmıştır. Bu nedenle risk seviyesi düşüktür. Yazıcı kanalı, daha kontrollü bir alan olduğu için ve gönderim miktarı sınırlı olduğu için düşük risk algılanmaktadır.","Bu olaya özel olarak bir ek aksiyon alınmasına gerek yoktur. Ancak kullanıcı aktiviteleri genel olarak izlenmeye devam edilmelidir.",338422323,"61"
"{""2026-01-29 10:49:10+03""}","simseke","düşük",20,"false","Olayın 'ENDPOINT_PRINTING' kanalında gerçekleşmiş olması ve 'AUTHORIZED' aksiyonuyla işaretlenmiş olması, riski düşük gösteriyor. Hedef, kurumsal bir yazıcı olduğundan dışarıya sızma riski yoktur. 'max_matches' değeri düşük seviyede olduğundan olayın veri hacmi açısından riskli olmadığı değerlendirilmektedir.","İzlemeye devam edilir ancak bu aşamada ek bir aksiyon alınmasına gerek yoktur.",338422318,"62"
"{""2026-01-29 10:49:09+03""}","aydogdus","düşük",20,"false","Bu DLP olayı, kurum içindeki bir yazıcıya veri gönderilmesini içermektedir ve 'AUTHORIZED' olarak işaretlenmiştir. Endpoint kanalı kullanıldığından ve hedefin kurum kontrolünde olan bir yazıcı olduğundan risk düşük kabul edilmektedir. Veri hacmi (9 max_matches) de düşük bir risk oluşturuyor.","Bu tür olayların izlemeye devam edilmesi önerilir. Yazıcı aktiviteleri, sıklıkla kurum içi olduğu için düşük risk taşır, ancak gelecekteki anormal davranışları kaçırmamak adına periyodik incelemeler yapılmalıdır.",338422313,"63"
"{""2026-01-29 10:48:11+03""}","umutozer","orta",65,"false","Olay, kurum içi yazıcıya gönderilen bir dosyanın engellenmesiyle ilgilidir. Channel ve destination düşük riskli olsa da, action 'blocked' olduğu için orta düzeyde bir risk söz konusudur. Veri hacmi göz önüne alındığında, anormal bir durum saptanmamıştır.","Politikaların gözden geçirilmesi ve gerekliyse kullanıcıya eğitim verilmesi önerilir.",338422201,"64"
"{""2026-01-29 10:48:02+03""}","erenya","düşük",25,"false","Olay, endpoint kanalı üzerinden bir yazıcıya yapılmış yetkilendirilmiş bir yazdırma işlemidir. Kanal kurum kontrolünde olduğundan ve hedef lokasyon kurumsal bir adres olduğundan dolayı risk düşük değerlendirilmiştir. Veri hacmi de sınırlı olduğu için anomali tespiti yapılmamıştır.","Düşük risk seviyeli bu olay için şimdilik ek bir aksiyon gerektirmemektedir. Ancak, benzer olayların sık tekrarlaması durumunda kullanıcı aktiviteleri izlenmelidir.",338422016,"65"
"{""2026-01-29 10:47:37+03""}","uniyazi","düşük",20,"false","Olay ENDPOINT_PRINTING kanalında ve kurum içi bir yazıcıya gönderim yapıldığı için düşük risklidir. Veri hacmi ve 'AUTHORIZED' işlemi dikkate alındığında anomalik bir durum gözlenmemiştir.","Bu olay düşük riskli kabul edilmekle birlikte, yazıcıdan çıkan belgelerin takip edilmesi konusunda personel bilgilendirmesi yapılabilir.",338421913,"66"
"{""2026-01-29 10:47:19+03""}","yberat","yüksek",70,"true","Email kanalında tespit edilen olayda veri, kurumsal bir e-posta adresine gitmekte ancak 'quarantined' olması nedeniyle riskli kabul edilmektedir. Bu durum anormal bir kullanıcı davranışına işaret edebilir.","Karantinaya alınan e-postanın içeriği ve alıcı adresi dikkatle incelenmeli, kullanıcıyla görüşülerek olayın detayları öğrenilmelidir.",338421841,"67"
"{""2026-01-29 10:47:18+03""}","niluferh","orta",60,"true","Olay 'BLOCKED' eyleminde olduğu için, veri sızıntısı önleme kuralları ihlal edilmiş olabilir. Kanal 'ENDPOINT_PRINTING' ve veri gönderimi kurum içi bir yazıcıya yapıldığı için düşük riskli kabul edilse de, yüksek sayıda veri eşleşmesi (max_matches: 48) gözlemlenmiştir.","Nilüferh kullanıcısının bu tür faaliyetleri tekrarlayıp tekrarlamadığını izleyin ve bir anormallik olup olmadığını değerlendirin. Kullanıcının veriye erişim izni ve yazdırma ihtiyaçlarını gözden geçirin.",338421838,"68"
"{""2026-01-29 10:47:15+03""}","yalcinh","düşük",25,"false","Olay, kurumsal bir e-posta adresine gönderilen düşük hacimli veriyi içermektedir. Action 'AUTHORIZED' olduğu için kurum tarafından izin verilmiş bir işlem olup, dışarıya gönderim olmadığı için düşük risklidir.","Bu tür olayları izlemeye devam edin, ancak mevcut durumda ek bir aksiyona gerek yoktur.",338421797,"69"
"{""2026-01-29 10:47:12+03""}","kumtaso","yüksek",75,"true","Olay 'quarantined' olarak işaretlenmiş ve Email kanalı üzerinden gerçekleşmiş. Gönderi kurumsal bir alan adına yapılmış olmasına rağmen, `quarantined` action ve dış e-posta kullanımının bir arada olması risk düzeyini artırmaktadır. Ayrıca, birden fazla kişiye gönderim yapılmış olması ve veri hacminin (max_matches: 2) düşük olmasına rağmen quarantine edilmiş olması anormal bir durumu işaret etmektedir.","Bu olay detaylı bir şekilde incelenmelidir. Kullanıcının kullandığı verilerin korunması için yeniden değerlendirme yapılmalı ve kullanıcı bilgilendirilmelidir.",338421793,"70"
"{""2026-01-29 10:47:07+03""}","csinan","yüksek",70,"false","Bu DLP olayı, kullanıcı tarafından birden fazla kurumsal adrese e-posta kanalı üzerinden verilerin 'released' olarak gönderildiğini göstermektedir. 'Released' aksiyonu, kurum tarafından izin verilmiş olsa da izlenmesi gereken bir durumdur. Destination alanındaki adreslerin kurumsal olduğu ve max_matches değerinin düşük seviyede (6) olduğu göz önünde bulundurulsa da e-posta kanalı nedeniyle risk skoru yüksek olarak değerlendirilmiştir.","Kullanıcı verilerinin gönderimi konusunda inceleme yapılmalı ve gerektiğinde politikalar gözden geçirilmelidir. Kullanıcının bu tür gönderimleri sık sık gerçekleştirip gerçekleştirmediği izlenmelidir.",338422045,"71"
"{""2026-01-29 10:46:59+03""}","uniyazi","düşük",20,"false","Olay, kurum içinde bir yazıcıya yapılan baskıyı içeriyor ve 'AUTHORIZED' olarak işaretlenmiş. Veri hacmi düşük ve kanal kurum kontrolünde olduğu için risk seviyesi düşüktür.","Bu tür olaylar genellikle düşük risklidir ancak belirli bir kullanım alışkanlığı ile birlikte tekrar ederse izlenmelidir.",338422040,"72"
"{""2026-01-29 10:46:58+03""}","gfeyza","düşük",10,"false","Olay, kurum kontrolündeki bir yazıcıya yapılan veri gönderimini içermekte ve yetkilendirilmiş bir aksiyon ile sonuçlanmakta. Endpoint kanalı üzerinden gönderilen veri miktarı düşük olduğu için risk seviyesi düşük olarak değerlendirilmektedir.","Diğer kanal ve aksiyonlarda daha yüksek risk içeren aktiviteler izlenmeli ancak bu olay için özel bir aksiyon gerekmemektedir.",338422035,"73"
"{""2026-01-29 10:46:54+03""}","melikeka","düşük",25,"false","Olay, kurum içindeki bir hedefe yönlendirilmiş ve `AUTHORIZED` olarak işaretlenmiş, bu nedenle düşük riskli kabul edilir. `max_matches` değeri düşük ve endpoint kanalı kullanılmıştır.","Şu anda ekstra bir önleme gerek yoktur, olayın düzenli izlenmesi yeterlidir.",338421709,"74"
"{""2026-01-29 10:46:53+03""}","uniyazi","düşük",20,"false","Olay `{endpoint_printing}` kanalında gerçekleşmiştir ve yerel bir yazıcıya veri göndermektedir. Bu kanal düşük risklidir çünkü kurum kontrolündedir. Action alanı izin verilmiş (`authorized`) bir işlem olmasına rağmen, veri hacmi ve hedef yazıcı hakkında daha fazla bilgiye ihtiyaç olabilir. Destination yerel bir sunucudur ve verilerin dış adreslere gönderilmesi söz konusu değil. Max Matches değeri düşük riskli bir seviyede.","Olay `authorized` olarak işaretlenmiş olmasına rağmen izlenmeye devam edilmeli, yazıcıların güvenlik konfigürasyonu kontrol edilmelidir. Eğer yazıcılarda veri sızıntısı önleyici tedbirler yeterince güçlü değilse, ek güvenlik katmanları eklenmelidir. Herhangi bir anomalinin belirlenmemiş olması raporların rutin olarak gözden geçirilmesine devam edilmeli.",338421704,"75"
"{""2026-01-29 10:46:52+03""}","dataman","düşük",20,"false","DLP olayında `endpoint_printing` kanalı kullanılarak kurumsal bir yazıcıya baskı gönderimi gerçekleşmiştir. Olayın `authorized` olarak işaretlenmiş olması, yetkilendirilmiş bir eylemi gösterir. Veri hacmi düşük (9 matches), bu da riski azaltan bir etkendir.","Herhangi bir anormal davranış tespit edilmedi. Ancak, yazıcı faaliyetleri dönemsel olarak gözden geçirilmelidir.",338421699,"76"
"{""2026-01-29 10:46:20+03""}","ykarasu","yüksek",75,"true","Eylem 'quarantined' olarak işaretlenmiş olduğundan, yüksek risk taşıyan bir olay. Kanal 'EMAIL' ve alıcılar kurumsal alan adları içeriyor ancak birden fazla alıcıya gönderim yapıldığı için risk seviyesi yükseliyor. Veri hacmi düşük olsa da, eylemin 'quarantined' olması ve birden fazla kurumsal alıcıya gönderim yapılmış olması riski artırıyor.","Bu olayın detaylandırılması ve ykarasu kullanıcı profilinin daha derin bir analize tabi tutularak kullanıcı davranışlarının incelenmesi önerilir. Alıcılarla iletişim kurarak gönderilen içeriğin teyidi ve içeriğin uygunluğu kontrol edilmelidir.",338421267,"77"
"{""2026-01-29 10:45:49+03""}","hesaparastirmaservisi@kuveytturk.com.tr","yüksek",85,"true","Olayda e-posta kanalı kullanılmış ve mesaj farklı kurumsal adreslere gönderilmeye çalışılmıştır. 'Quarantined' eylemi direkt olarak riske işaret ederken, birden fazla kurumsal alan adı içermesi riski daha da artırmaktadır. Veri hacmi düşük gibi görünse de çoklu göndermeler anormallik göstergesidir.","E-posta içeriği detaylı incelenmeli ve alıcıların ihtiyaç duyması halinde bilgilendirilerek izin süreçleri gözden geçirilmeli. Kullanıcıya veri güvenliği politikaları hakkında ek eğitim verilmesi önerilir.",338421638,"78"
"{""2026-01-29 10:45:45+03""}","fguler","yüksek",70,"true","Olay, HTTPS kanalında ve Webex altyapısına yönelik `blocked` bir işlem içermektedir. İletişim platformlarına veri transferi yüksek risk taşıyabilir. Destination alanı her ne kadar kişisel e-posta servisi olmasa da, `blocked` aksiyon ve HTTPS kanalı nedeniyle risk yüksektir.","Kullanıcı ile iletişime geçilerek olayın detayları araştırılmalı ve gerekiyorsa iletişim kanallarına yönelik kısıtlamalar gözden geçirilmelidir.",338421767,"79"
"{""2026-01-29 10:45:06+03""}","fguler","yüksek",75,"true","Olayda HTTPS kanalı üzerinden Webex altyapısına erişim olduğuna dair bir kayıt var. Action alanının BLOCKED değeri, sistem tarafından riskli veya izinsiz bir erişim girişimi olduğunu gösteriyor. Her ne kadar kurum içi bir altyapıya ait bir destination olsa da, bloklanması veri sızıntısı veya izinsiz erişim girişimi riskini artırıyor.","Kullanıcının Webex altyapısında erişim hakları gözden geçirilmeli ve gerekirse daha fazla izleme yapılmalıdır. Olayın tekrar etmesi durumunda kullanıcıyla iletişime geçilip sebebi araştırılmalıdır.",338421105,"80"
"{""2026-01-29 10:44:47+03""}","anlarm","düşük",25,"false","Olay endpoint üzerinden gerçekleştirilmiş ve kurumsal bir yazıcıya yönlendirilmiş. Yetkilendirilmiş bir aksiyon olduğundan risk seviyesi düşüktür. Veri hacmi ve kanal değerlendirmesi düşük risk göstermektedir.","Olay düşük riskli olduğu için düzenli takibine gerek yoktur ancak yazıcıya yapılan diğer benzer aktivitelerin kontrolü sağlanmalıdır.",338421668,"81"
"{""2026-01-29 10:44:14+03""}","btuzel","düşük",20,"false","Olay ENDPOINT_PRINTING kanalı üzerinden gerçekleşmiştir ve kurum içi bir yazıcı adresi hedeflenmiştir, bu nedenle düşük riskli şüpheli bir durum söz konusu değildir.","Bu olayda anormal bir durum tespit edilmemiştir ancak genel DLP politikaları doğrultusunda izlenmeye devam edilmelidir.",338421240,"82"
"{""2026-01-29 10:43:53+03""}","btuzel","düşük",25,"false","Olay, kurum içi bir yazıcının kullanımıyla ilgilidir ve action alanı 'AUTHORIZED' olarak belirtilmiştir. 'ENDPOINT_PRINTING' kanalında gerçekleştiği için risk düşüktür ve veri sızıntısı olasılığı azdır. Destination alanı kurum ağına ait olduğundan dolayı dışarıya veri çıkışı yoktur.","Bu olayın düzenli olarak izlenmesi ve gerektiğinde kontrol edilmesi önerilir. Şu anda anormal bir durum bulunmamakta ve herhangi bir alarm gerektirmemektedir.",338421608,"83"
"{""2026-01-29 10:43:47+03""}","ismakork","düşük",20,"false","Olay, kurum içinde bir yazıcının kullanımıyla ilgilidir. 'endpoint' kanalında gerçekleştiği için düşük risklidir. 'authorized' aksiyon olduğundan işlemin izinli olduğu anlaşılmaktadır. Veri sızıntısı belirtisi yoktur.","Bu olay düşük riskli olarak değerlendirilmiştir. Düzenli izleme yeterli olacaktır.",338421555,"84"
"{""2026-01-29 10:43:47+03""}","dala","düşük",25,"false","Olay, kurum içi yazıcıya yapılan bir yazdırma işlemini içermektedir. 'AUTHORIZED' olarak işaretlendiği için izin verilmiştir. Endpoint kanalı kullanılmış olup, risk seviyesi düşüktür.","Kullanıcı davranışı normal sınırlar içerisindedir. Ancak, 'endpoint' kanalı üzerinden yapılan işlemler düzenli olarak izlenmelidir.",338421560,"85"
"{""2026-01-29 10:43:33+03""}","uozen","düşük",20,"false","Olay 'endpoint' kanalı kullanılarak gerçekleşmiş ve yazıcıya yönlendirilmiş. Yazıcı 'kurum içi' bir kaynak olduğundan ve 'action' yetkilendirilmiş olarak belirtildiğinden, risk düşük olarak değerlendirilmektedir.","Olayın izlenmesi yeterli görülmektedir, ancak gelecekte benzer olayların sıklığını incelemek kurum içi veri kaybı önleme politikalarının etkinliğini arttırabilir.",338421075,"86"
"{""2026-01-29 10:43:23+03""}","aabus","yüksek",70,"true","Olayda veri transferi `blocked` olduğu için risk seviyesi yüksektir. Kanal HTTPS olmasına rağmen, bu olayda veri gönderimi engellenmiş ve kurumsal bir alan adına yönlendirilmiştir. Yine de blocked olan bir olay risk teşkil etmektedir.","Bu olayın neden engellendiğini belirlemek için daha fazla araştırma yapın ve kullanıcıyla iletişime geçin. Olay tekrarlanırsa kullanıcı faaliyetlerini izleyin.",338420307,"87"
"{""2026-01-29 10:42:52+03""}","aabus","orta",60,"true","Olayda `blocked` aksiyonu olması, verinin paylaşımının engellendiğini gösteriyor, bu durum riskli kabul edilir. `HTTPS` kanalı üzerinden `architecht365-my.sharepoint.com` adresine veri gönderimi yapıldığı için, kurumsal bir ortamda paylaşım yapılmış olması riski azaltmış fakat tamamen ortadan kaldırmamıştır. `max_matches` değeri 4 olarak, düşük bir veri hacmini temsil ediyor. Riski artıran faktörler arasında yer almasa da, genel değerlendirme bağlamında dikkate alınmalıdır.","Kullanıcının bu veri paylaşımı bloklandığı için, olayın kurumsal veri politikalarına uygunluğunun kontrol edilmesi ve kullanıcıya veri paylaşımı kuralları hakkında bilgilendirme yapılması önerilir.",338421229,"88"
"{""2026-01-29 10:42:22+03""}","aabus","orta",65,"true","DLP olayı kanal olarak HTTPS üzerinden gerçekleştirilmiştir. Destination, kurumsal bir SharePoint adresidir ancak action 'blocked' olması nedeniyle olay yüksek riskli kabul edilmiştir. Veri sızıntısı veya yetkisiz veri erişimi teşebbüsü olabilir.","Kullanıcının ve olayın detaylı incelenerek veri sızıntısı olup olmadığı tespit edilmelidir. Kullanıcı hesap aktiviteleri ve erişim yetkileri gözden geçirilmelidir.",338421038,"89"
"{""2026-01-29 10:42:22+03""}","semerci","orta",45,"false","Olay EMAIL kanalında gerçekleşmiş ve sadece kurumsal adreslere gönderim yapılmıştır. 'max_matches' değeri düşük ve 'action' olarak 'AUTHORIZED' seçilmiş, bu nedenle olay kurum tarafından izin verilmiş olarak değerlendirilmiştir. Her ne kadar kurumsal adreslere gönderim yapılmış olsa da izlenmesi gereken bir olaydır.","Bu olayın izlenmesi ve benzer bir durum tekrar ettiğinde detaylı inceleme yapılması önerilir.",338421041,"90"
"{""2026-01-29 10:42:08+03""}","dsalih","orta",60,"false","Olay, kurum içi bir yazıcının kullanımı için engellenmiş bir eylem içermektedir. Bu kanal kurum kontrolünde olduğundan risk düşük kabul edilse de, engellenmiş bir olay olduğu için dikkat edilmelidir.","Engellenmiş olayın nedenini araştır ve gerekli olduğu takdirde ilgili izinleri kontrol et. Kullanıcıya güvenlik politikalarını hatırlat.",338421143,"91"
"{""2026-01-29 10:42:07+03""}","aabus","yüksek",80,"true","Olay HTTPS kanalı üzerinden gerçekleşmiştir ve action 'blocked' olduğu için riskli kabul edilmektedir. Destination 'my.sharepoint.com' kurumsal bir alan adını işaret etse de, potansiyel bir veri sızıntısı riskine işaret eden bir bloklama olayı vardır.","Bu olay detaylı bir şekilde incelenmelidir. Kullanıcının bu tür eylemleri tekrarlayıp tekrarlamadığına bakılmalı ve gerekirse hesabı izlemeye alınmalıdır.",338421064,"92"
"{""2026-01-29 10:41:47+03""}","aabus","yüksek",75,"true","Olay, bir dış paylaşım platformuna (architecht365-my.sharepoint.com) veri gönderim girişimi içeriyor ve `blocked` olarak işaretlenmiş. HTTPS kanalı kullanılmış olup, bunun kurum içi kontrolü sınırlıdır. Veri hacmi düşük (4 matches) olsa da, bloklanmış olması ve dış bir platforma yönelmeye çalışılması riski artırıyor.","Kullanıcıya bu tür eylemler hakkında eğitim verilmeli ve bloklama nedenleri açıklanmalı. Bu eylemin arka planı araştırılmalı ve gerekirse izinler veya politikalar güncellenmelidir.",338420286,"93"
"{""2026-01-29 10:41:45+03""}","mehmetta","düşük",20,"false","Olay, tek bir alıcıya kurumsal bir alan adına gönderilen bir e-posta içermektedir. Gönderilen verinin hacmi düşük olduğu için risk seviyesi düşük olarak değerlendirilmiştir. Eylem 'AUTHORIZED', yani izin verilmiş olduğundan anomali saptanmamıştır.","İlgili e-posta ve içerik için düzenli izleme sağlanabilir, ancak mevcut durumda ek bir aksiyon alınması gerekmemektedir.",338420281,"94"
"{""2026-01-29 10:41:21+03""}","tugbasen","yüksek",80,"true","E-posta kanalı üzerinden kurumsal adreslere gönderim yapılmış ancak 'quarantined' olarak işaretlendiği için veri sızıntısı potansiyeli taşıyor. Yüksek riskli bir durum, çünkü bu işlem engellenmiş ve hedef destinasyonlar birden fazla kurumsal adres içeriyor.","Kullanıcının e-posta gönderimleri üzerinde inceleme yapılması ve gerekirse kullanıcı ile iletişim kurularak veri güvenliği politikaları hakkında bilgilendirme yapılması önerilir.",338419771,"95"
"{""2026-01-29 10:41:14+03""}","mehmetta","orta",40,"false","Olay, kurumsal bir e-posta adresine (birlikmakina.eu) gönderilmiş ve action 'AUTHORIZED' olarak belirtilmiş olduğundan, risk seviyesi orta olarak değerlendirilmektedir. Email kanalında tek bir eşleşme olduğu için veri hacmi düşük, ancak izlemeye devam edilmelidir.","Gönderim kurumsal bir e-posta adresine olduğu için risk düşüktür, ancak benzer gönderimler izlenmeli ve kullanıcı eğitimi yapılmalıdır.",338421023,"96"
"{""2026-01-29 10:41:03+03""}","aktase","düşük",25,"false","Olay, kurumsal bir yazıcıya yapılan gönderimi içeriyor ve 'authorized' olarak işaretlenmiştir. Bu nedenle anormal bir davranış ya da yüksek riskli bir durum tespit edilmedi.","Olayın izlenmesi gerekmez, çünkü tepki verilmesi gereken bir anomali ya da yüksek risk yaratan bir durum mevcut değil.",338420137,"97"
"{""2026-01-29 10:40:44+03""}","uyaniky","düşük",30,"false","Olay bir e-posta kanalı üzerinden kurumsal bir adres olan sompet.com.tr'ye gönderilmiş ve 'authorized' olarak işaretlenmiştir, bu durumda veri sızıntısı riski düşüktür. Ayrıca 'max_matches' değeri 1 olduğundan veri hacmi de sınırlıdır.","Bu olay izin verilen kategoride olduğundan izleme altında tutulmalı, ancak anormal bir durum gözlemlenmediğinde ekstra bir aksiyon gerektirmez.",338420335,"98"
"{""2026-01-29 10:40:42+03""}","sbeldek","orta",50,"false","Email kanalı üzerinden kurumsal bir alan adına (mutlu.av.tr) gönderim yapılmıştır. Olay 'authorized' olarak belirtildiği için yönetim tarafından izin verilmiş bir işlemdir. Veri hacmi düşük (max_matches: 4) iletilmiştir. Anormal bir durum tespit edilmemiştir.","Her ne kadar işlem izinli olsa da, izlenmeye devam edilmesi ve kullanıcı aktivitelerinin düzenli olarak gözden geçirilmesi önerilir.",338420328,"99"
"{""2026-01-29 10:40:31+03""}","mehmgord","düşük",20,"false","Olay, kurum içi bir yazıcıya yapılan bir baskı işlemiyle ilgili olduğu için risk düşük kabul edilmektedir. Veri hacmi de sınırlı olduğu için, herhangi bir anomali gözlenmemiştir.","Bu olayda güvenlik riski düşük olduğu için özel bir aksiyon önerilmiyor. Ancak, olaylar rutin olarak izlenmelidir.",338420250,"100"
"{""2026-01-29 10:40:25+03""}","saruhand","düşük",25,"false","Olay, email kanalıyla kurumsal adreslere veri gönderimini içermekte ve action değeri 'AUTHORIZED' olduğundan dolayı düşük risklilik taşımaktadır. Veri hacmi tek bir eşleşme içeriyor ve kurumsal adresler kullanıldığı için risk seviyesi düşüktür.","Bu olay düşük riskli kabul edilse de, kullanıcı davranışları düzenli olarak gözlemlenmelidir. İzinsiz veya anormal veri gönderimlerini önlemek için DLP politikaları güncel tutulmalıdır.",338419740,"101"
"{""2026-01-29 10:40:05+03""}","hesaparastirmaservisi@kuveytturk.com.tr","yüksek",80,"true","Olay bloklanmış ve 'quarantined' statüsünde olup, e-posta kanalı üzerinden birçok kurumsal e-posta adresine gönderim içeriyor. Bu durum potansiyel bir veri sızıntısı göstergesi olabilir. Maksimum eşleşme değeri orta seviyede, fakat kanalın niteliği ve gönderim yapılan adreslerin çeşitliliği riski artırmakta.","DLP politikaları ve kullanıcı erişim hakları gözden geçirilmelidir. Olayın detayları incelenerek gerekiyorsa kullanıcının e-posta erişim yetkileri geçici olarak sınırlandırılmalıdır.",338420193,"102"
"{""2026-01-29 10:39:58+03""}","dsalih","orta",65,"true","Veri kaynağı olarak ENDPOINT_PRINTING kanalı kullanılmış ve hedef destinasyon kurumsal bir yazıcı. Ancak, işlem BLOCKED olarak sınıflandırılmış ve yüksek bir veri hacmi söz konusu. Bu durum, gizli veya hassas bilgilerin kurum içi yazıcı aracılığıyla yetkisiz bir şekilde erişime açılması girişimi olabilir.","Bu olayı daha detaylı incelemek ve belki de ilgili yazıcıya veya kullanıcıya ilişkin erişim kısıtlamalarını gözden geçirmek gerekebilir.",338420190,"103"
"{""2026-01-29 10:39:40+03""}","skagan","orta",30,"false","Olay email kanalı üzerinden gerçekleşmiştir. Destination alanı kurumsal bir alan adı içerdiği için ve 'authorized' olarak işaretlendiği için ciddi bir risk barındırmamaktadır. Ancak veri hacmi göz önünde bulundurularak izlenmesi önerilir.","Bu kullanıcıya ait aktiviteleri, gelecekteki benzer olaylarla karşılaştırarak izleyin ve düzenli aralıklarla analiz edin.",338420091,"104"
"{""2026-01-29 10:38:41+03""}","egulcan","yüksek",85,"true","E-posta kanalı üzerinden gönderilen veriler 'quarantined' grubuna alınmış ve kişisel adreslere gönderilmediği halde riskli bir durum söz konusu olabilir. Ancak dış alana gönderim yapılmış olması riski artırmaktadır.","Kullanıcının bu e-posta gönderimini ve içeriğini denetleyerek, niyetinin ve verilerin gizliliğinin uygunluğunu anlayın. Gerekirse kullanıcı ile görüşerek bilgilendirme yapın.",338419613,"105"
"{""2026-01-29 10:38:24+03""}","hesaparastirmaservisi@kuveytturk.com.tr","yüksek",75,"true","Olayda email kanalı kullanılarak kurumsal bir hesaptan başka bir kuruma veri gönderimi yapılmak istenmiş ve bu gönderim karantinaya alınmıştır. Email kanalının kullanılması ve karşı alıcının başka bir kurumsal alan adı olması durumu kurumsal arayışlar açısından risklidir. 'Quarantined' aksiyonu olayın risk taşıdığını gösterir.","Karantinaya alınan içeriğin incelemesi yapılmalı ve gerekli ise kullanıcı bilgilendirilmelidir. Mevcut DLP politikasının etkinliği gözden geçirilmeli ve kurum içi eğitimlerle kullanıcı farkındalığı artırılmalıdır.",338419549,"106"
"{""2026-01-29 10:37:55+03""}","hturk","yüksek",75,"true","Olayda 'blocked' aksiyonu olduğu için riskli olarak değerlendirilmektedir. Kanal HTTPS olarak belirtilmiştir ve api.business.githubcopilot.com hedefi, kurumsal içeriğe gönderim yapmaktadır, ancak kurumsal bir hizmete yönelik veri sızıntısı ihtimali değerlendirilmelidir. Veri hacmi nispeten düşüktür ve tek bir hedef adresi bulunmasına rağmen, olayın engellenmiş olması ve bireysel bir alan değil kurumsal bir API olması yüksek risk taşımaktadır.","Bu olayda veri sızıntısı olasılığını minimize etmek adına, kullanıcı ile iletişime geçilerek gönderimin sebebi anlaşılmalıdır. Kullanıcıya ilgili veri politikaları hatırlatılabilir ve olayın detaylı log analizi ile incelenmesi sağlanabilir. Gerekirse sistem erişim yetkileri gözden geçirilmelidir.",338419713,"107"
"{""2026-01-29 10:37:04+03""}","egulcan","yüksek",80,"true","Olay 'quarantined' olarak işaretlenmiş ve hedef adresler kurumsal alan adı ile ilişkilidir. Email kanalında veri gönderimi gerçekleşmiş, bu durumda içerik karantinaya alındığı için yüksektir. İki adres hedeflenmiştir, bu da riski artırmaktadır.","İçerik detayı incelenerek risk değerlendirmesi yapılmalıdır. Kullanıcı ile görüşülerek bu tür davranışlardan kaçınılması gerektiği konusunda uyarılmalıdır. Bu tür olayların tekrarını önlemek amacıyla kullanıcı eğitimi verilmesi önerilir.",338419473,"108"
"{""2026-01-29 10:36:28+03""}","muyavuz","orta",30,"false","Olay, kurumsal e-posta adreslerine gönderildiği için daha düşük risk seviyesinde değerlendirilmektedir. E-posta kanalı üzerinden gönderilmiş ve veri hacmi yüksektir ancak action 'authorized' olduğu için bu olayda kurum tarafından izin verilmiş bir durum söz konusudur.","Bu tür gönderimlerin düzenli olarak izlenmesi önerilir ancak şu an için acil bir müdahale gerekmemektedir.",338419654,"109"
"{""2026-01-29 10:36:20+03""}","eyupcan","düşük",20,"false","Olay, kurum kontrolündeki bir yazıcıya 'ENDPOINT_PRINTING' kanalı üzerinden veri gönderimi içermekte, 'AUTHORIZED' olarak işaretlenmiş. Destination, kurum içi bir sunucu adresi olduğundan ve 'max_matches' değeri düşük olduğundan düşük risk taşıdığı değerlendirilmiştir.","Olay, düşük risk taşıdığı için kurum prosedürlerine uygunluğu kontrol edilerek izlenebilir fakat şu anda ek bir müdahale gerektirmemektedir.",338419586,"110"
"{""2026-01-29 10:36:05+03""}","eyupcan","düşük",20,"false","Olay endpoint printing kanalında meydana gelmiş olup, hedef bir kurum sunucusudur. Action 'authorized' yani izin verilmiş bir işlemdir. Max matches değeri düşük düzeydedir ve doğrudan veri sızıntısı riski taşımamaktadır.","Bu olay düşük risk seviyesinde olup, rutin izleme kapsamında değerlendirilmelidir.",338419522,"111"
"{""2026-01-29 10:35:29+03""}","eyupcan","düşük",15,"false","Olay, kurum içi bir yazıcıya gönderilen belge ile ilgilidir ve 'authorized' olarak işaretlenmiştir, dolayısıyla veri sızıntısı riski düşüktür. Veri hacmi de bu değerlendirmeyi destekliyor.","Olayın izlenmesi gerekir ancak şu anda acil bir aksiyon alınması gerekli değildir. Kullanıcının bu tür aktiviteleri devam ederse daha fazla analiz yapılabilir.",338419233,"112"
"{""2026-01-29 10:35:06+03""}","idepe","orta",40,"false","E-posta kanalı kullanılmış ve izin verilen bir eylem gerçekleştirilmiş. Gönderimler, kurumsal alan adlarına yapılmıştır. Veri hacmi düşük olduğu için risk orta seviyededir. Kanal ve eylem türü birlikte değerlendirildiğinde ciddi bir anomali tespit edilmemiştir.","Kullanıcı aktivitelerinin izlenmesine devam edilmeli ve herhangi bir değişiklik veya ani yükselişlerde alarm sistemleri kontrol edilmelidir.",338419427,"113"
"{""2026-01-29 10:34:43+03""}","karkaurt","düşük",25,"false","Olay, ENDPOINT_PRINTING kanalı üzerinden meydana geldiği için düşük riskli olarak kabul edilmiştir. Yazıcı kullanımı kurum içinde olduğundan risk düşüktür ve 'AUTHORIZED' olarak işaretlenmiştir. Maksimum eşleşme sayısı olan 9, bu kanal için düşük etkili olduğundan risk seviyesini artırmamaktadır.","Olayın izlenmesi önerilir ancak şu anda acil bir aksiyon gerektirmemektedir. Gelecekte benzer işlemler için rutin inceleme yapılmalıdır.",338419023,"114"
"{""2026-01-29 10:34:33+03""}","iuslu","orta",45,"false","Olay email kanalı üzerinden gerçekleşmiş ancak gönderilen adres kurumsal bir alan adına ait olduğu için risk daha düşüktür. Action alanı 'AUTHORIZED' olarak belirtilmiş, bu da olayın kurum tarafından izin verildiğini gösterir. Veri hacmi düşük olduğu için bu olayda büyük bir anomali veya sızıntı riski saptanmamıştır.","Olayın kayıt altında tutulması ve kullanıcının gelecekteki hareketlerinin izlenmesi önerilir. Dış adreslere gönderimlerde dikkatli olunmalıdır.",338418732,"115"
"{""2026-01-29 10:34:27+03""}","guclucan","düşük",25,"false","Olay, kurumsal bir e-posta adresine gönderilmiş ve action alanında 'AUTHORIZED' olarak izlenmiş. Email kanalı kullanıldığında diğer kanallara göre daha dikkatli olunması gerekse de hedef adres kurumsal bir alan adı içeriyor ve max_matches değeri düşük. Bu nedenle genel risk düşük seviyede.","Olayın izlenmesi devam etmeli fakat şu an için acil bir müdahale gerekmemektedir.",338419341,"116"
"{""2026-01-29 10:34:18+03""}","uozdemir","orta",45,"false","Olayda 'email' kanalı üzerinden kurum kimliği olan bir adrese yetkilendirilmiş veri gönderimi yapılmıştır. 'max_matches' değeri orta seviyede bir risk oluşturabilir ancak destination kurumsaldır ve action 'AUTHORIZED' olduğu için kritik bir risk gözlemlenmemiştir.","Bu olayın gelecekteki benzer olaylarla birlikte izlenmesi önerilir. Özellikle 'max_matches' değerinin artış gösterip göstermediği kontrol edilmeli, bunun yanında kullanıcı davranışları açısından bir anomali oluşup oluşmadığı periyodik olarak incelenmelidir.",338419336,"117"
"{""2026-01-29 10:33:07+03""}","ssamsa","orta",40,"false","Veri transferi email kanalı üzerinden gerçekleşmiş ve kurumsal bir alan adına gönderilmiştir. Olayın 'AUTHORIZED' olması, kurum tarafından izin verildiğini gösteriyor. Max_matches değeri 1 olduğundan veri hacmi düşüktür ve bu, risk skorunu azaltır.","Bu olay için rutin izlemeye devam edin ve benzer olayların tekrarlanıp tekrarlanmadığını kontrol edin. Herhangi bir anormallik veya sıra dışı aktivite tespit edildiğinde daha detaylı bir değerlendirme yapılmalıdır.",338419191,"118"
"{""2026-01-29 10:32:44+03""}","uyaniky","orta",35,"false","Email kanalı üzerinden kurumsal bir alana gönderim yapılmıştır ve olay 'authorized' olarak işaretlenmiştir. Veri hacmi düşük olduğu için risk seviyesi düşürücü bir etkisi vardır. Genel olarak orta risk seviyesinde bir olay kabul edilir.","Olayın detayları ve içerdiği verinin türü incelenmeli, gerekli ise izleme devam ettirilmelidir.",338418640,"119"
"{""2026-01-29 10:32:42+03""}","parlakn","düşük",20,"false","Bu olayda, yazdırma kanalı kullanılmış ve hedef bir kurumsal yazıcıdır. Yazıcıya iletilen veri hacmi düşük (max_matches: 9) ve olay yetkilendirilmiş bir işlem olarak görünmektedir (action: AUTHORIZED). Bu sebeplerle risk seviyesi düşük olarak değerlendirilmiştir.","Bu tür yetkilendirilmiş olaylar için, yalnızca rutin izleme yapılmalıdır. Ancak, alışılmadık veya anormal aktiviteler gözlemlenir ise daha fazla inceleme yapılması gerekebilir.",338418635,"120"
"{""2026-01-29 10:32:32+03""}","parlakn","düşük",20,"false","Olay 'endpoint' kanalı üzerinden gerçekleşmiştir ve kurum içi bir yazıcıya yönlendirilmiştir. Bu kanal ve hedef kontrol altında olduğundan risk düşüktür. Veri hacmi de sınırlı olduğu için olayda anomali tespit edilmemiştir.","Bu tip olaylar düşük riskli kabul edilmekle birlikte, düzenli olarak gözden geçirilmelidir. Anormal durumların erken tespiti için izleme yapılabilir.",338418992,"121"
"{""2026-01-29 10:32:12+03""}","sbabat","orta",50,"true","Olay email kanalı üzerinden gerçekleşmiş ve kişisel bir e-posta servisine gönderim yapılmıştır. Gönderim izni verilmiş olsa da, kişisel e-posta adresine tek bir eşleşme ile veri gönderimi olduğu için bu durum anormal olarak kabul edilebilir.","Kullanıcının bu tür kişisel e-posta adreslerine veri göndermeye devam edip etmediği izlenmeli ve kullanıcıya veri güvenliği konularında ek eğitim verilmelidir.",338418717,"122"
"{""2026-01-29 10:32:02+03""}","csinan","orta",40,"false","Email kanalından iki kurumsal adrese veri gönderimi yapılmış ve action 'authorized' olarak işaretlenmiştir. Bu durum kurumsal izinle gerçekleştirildiği için düşük risk taşır, ancak veri hacmi nedeniyle izlenmesi tavsiye edilir.","Gönderilen veri içeriği kontrol edilmeli ve ilgili kullanıcıyla iletişime geçilerek izin gereklilikleri yeniden değerlendirilmelidir.",338418822,"123"
"{""2026-01-29 10:31:49+03""}","ebrary","orta",45,"false","Email kanalıyla gönderilen veri, kurumsal bir alana (mutlu.av.tr) olduğundan dolayı düşük risk seviyesinde. Ancak `max_matches` değeri 26 gibi orta seviyede bir veri hacmi olduğu için dikkat edilmelidir. `action` alanında olay `AUTHORIZED` olarak işaretlenmiştir, bu kurum tarafından izin verilen bir gönderim olup hala izlenmesi gereken bir duruma işaret eder.","Olayın izlenmesi ve `max_matches` değerini oluşturan datanın hassasiyetinin gözden geçirilmesi önerilir.",338418432,"124"
"{""2026-01-29 10:31:46+03""}","aslanel","düşük",20,"false","Olay, kurum içi bir yazıcıya belge gönderimiyle ilgilidir. Endpoint ve yazıcı kanalları kurum kontrolünde olduğundan dolayı risk düşük kabul edilmiştir. Yetkilendirilmiş bir aksiyon olması ve iç adresin hedeflenmesi anomali tespitini zorlaştırmaktadır.","Olayın rutin bir işlem olduğundan emin olmak için belirli aralıklarla izlenmesi önerilir. Düzenli veri sızıntısı taramaları yapılmalıdır.",338418598,"125"
"{""2026-01-29 10:31:39+03""}","azatf","düşük",30,"false","Olayda sadece bir eşleşme mevcuttur ve bu e-posta kurumsal bir alan adına gönderilmiştir. Ayrıca, 'AUTHORIZED' aksiyonu alınmıştır, bu da kurum tarafından izin verildiği anlamına gelir. Dolayısıyla olayda düşük risk vardır.","E-posta kanalı üzerinden gönderim izinli olduğu için, belirli bir ek aksiyon önerilmemektedir ancak kullanıcı davranışı izlenmelidir.",338418593,"126"
"{""2026-01-29 10:31:37+03""}","bkaraca","orta",40,"false","Email kanalı üzerinden kurumsal bir adrese veri gönderimi yapılmış ve action 'authorized' olarak belirtilmiştir, bu nedenle olay izlenmeli ancak yüksek risk taşımaktadır. 'max_matches' 9 olduğu için veri hacmi nispeten düşüktür.","Bu gönderimin içeriği gözden geçirilmeli ve rutin bir işlem olup olmadığı kontrol edilmelidir. Eğer benzer işlemler tekrarlanıyorsa kullanıcı davranışları daha detaylı izlenmelidir.",338418776,"127"
"{""2026-01-29 10:31:28+03""}","aslanel","düşük",30,"false","Olay, kurumsal bir printera veri gönderimini içeriyor. Kanal 'endpoint', bu yüzden risk görece düşük. 'action' yetkilendirilmiş ve kurumsal bir ağ kaynağına veri gönderimi var.","Veri gönderimi kurumsal bir printera yapıldığı için özel bir önlem gerektirmiyor, ancak olayların düzenli gözden geçirilmesi faydalı olabilir.",338418771,"128"
"{""2026-01-29 10:31:11+03""}","hturk","yüksek",75,"true","Olay, BLOCKED olarak işaretlenmiş olup, API üzerinden GitHub Copilot'a yapılan bir erişim girişimi sırasında engellenmiştir. Bu kanalın HTTPS olması ve kurumsal olmayan bir dış kaynağa erişim sağlanmaya çalışılması nedeniyle yüksek riskli kabul edilmiştir. Veri hacmi nispeten düşük olsa da, destination alanındaki adresin kurumsal kontrol dışında kalması riski artırmaktadır.","Kullanıcı davranışları ve diğer benzer olayları izlemeye devam edin. Kullanıcının çalışma rutini hakkında daha fazla bilgi toplanarak bu erişim olayının gerekçesi anlaşılmaya çalışılmalı ve gerektiğinde ek güvenlik önlemleri uygulanmalıdır.",338418689,"129"
"{""2026-01-29 10:30:28+03""}","taylanu","yüksek",75,"true","Olay, e-posta kanalında ve 'QUARANTINED' aksiyonu ile tespit edilmiştir; bu da potansiyel riskin yüksek olduğunu gösterir. Hedef adres, kurumsal bir alan adına ait olduğu için biraz daha az risklidir, ancak 'max_matches' değeri düşük olsa da izleme gerektirir.","Olayı daha detaylı inceleyin ve gerekirse kullanıcı ile iletişime geçerek onay alın ya da daha fazla izleme yapın.",338418195,"130"
"{""2026-01-29 10:30:15+03""}","keremt","yüksek",80,"true","Email kanalı üzerinden kişisel adreslere veri gönderimi gerçekleştirilmiş ve birden fazla dış adres bulunmakta. Aksiyonun 'AUTHORIZED' olması verinin izinli olduğunu gösterebilir ancak risk seviyesi yüksektir ve izleme gereklidir.","Kullanıcının verileri kişisel adreslere neden gönderdiği araştırılmalıdır. Mümkünse bu tür veri transferleri için ek onay mekanizmaları uygulanmalıdır.",338418407,"131"
"{""2026-01-29 10:29:47+03""}","toprak","yüksek",85,"true","Email kanalında, kurumsal bir adrese gönderim yapılmış olsa da eylemin 'quarantined' olması ve veri hacminin nispeten yüksek olması nedeniyle olay yüksek riskli kabul edilmiştir.","Kullanıcının bu eylemi ile ilgili daha fazla bilgi toplanmalı ve gerekiyorsa olayın tekrarına karşı önleyici tedbirler alınmalıdır.",338418457,"132"
"{""2026-01-29 10:29:41+03""}","yilmazyu","düşük",30,"false","Olay ENDPOINT_PRINTING kanalında gerçekleşmiş ve işlem AUTHORIZED olarak belirtilmiştir. Destination kurumsal bir cihazı gösteriyor ve kişisel e-posta servisleri veya dış adresler içermiyor. Veri hacmi (max_matches) düşük bir değerle sınırlı, bu kanalda risk seviyesine önemli bir etki yapmıyor.","Bu olayın takibi yapılmalı ancak şu an için düşük risk taşıdığı göz önünde bulundurularak sadece izlenmesi yeterlidir.",338418452,"133"
"{""2026-01-29 10:29:26+03""}","yilmazyu","düşük",15,"false","Olay ENDPOINT_PRINTING kanalında gerçekleştiği ve kurumsal bir yazıcıya gönderim yapıldığı için risk seviyesi düşüktür. Max_matches değeri yüksek olmasa da, kurumsal kontrol altındaki bir kanal olduğundan dolayı veri hacmi riski artırmıyor.","Olayın takibi gerekmez ancak periyodik izleme ile benzer olaylar kontrol altında tutulmalıdır.",338418261,"134"
"{""2026-01-30 06:23:21+03""}","suntexagrid","yüksek",80,"true","Olayın 'quarantined' olması, verinin gönderiminin engellendiğini gösteriyor, bu riskli bir durumdur. Email kanalı kullanılarak gönderilen veri, yüksek hacimde olduğu için risk skorunu artırmıştır. Hedef adresin kurumsal bir alan adı olmaması da riski artırmaktadır.","İlgili kullanıcının bu tür davranışları devam ettirip ettirmediği izlenmelidir. Kullanıcıyla iletişime geçilerek, olayın sebebi anlaşılmalı ve gerekli eğitim verilmeli.",338498044,"135"
"{""2026-01-30 05:53:59+03""}","ksel","orta",50,"true","Olay, HTTPS kanalı üzerinden 'nav-edge.smartscreen.microsoft.com' adresine yapılan ve 'blocked' olarak işaretlenen bir aktarımı içermektedir. Bu durum, kurum içi politikalar doğrultusunda riskli kabul edilmekte olup, veri sızıntısı potansiyeline işaret edebilir.","Olayın ve kullanıcının davranışlarının detaylı bir şekilde incelenmesi, kullanıcı uyarılarının yapılması ve gerekiyorsa erişim kısıtlamalarının uygulanması önerilir.",338497495,"136"
"{""2026-01-30 01:57:45+03""}","yifurkan","yüksek",75,"true","Bu olayda emailler kurumsal alanlara gönderilmiş olmasına rağmen; çok sayıda adrese aynı anda gönderim yapılması ve ilişkili 'max_matches' değeri nedeniyle yüksek risk taşımaktadır. Ayrıca, 'released' olmasına rağmen izleme gerektiren bir davranış sergilemiştir.","Olayı daha detaylı inceleme ve kullanıcıyı izleme altında tutma. Benzer olayların tekrar etmesi halinde kullanıcıyla iletişime geçilmesi ve eğitim verilmesi. Gerekirse erişim izinlerinin gözden geçirilmesi.",338497725,"137"
"{""2026-01-30 01:51:52+03""}","yifurkan","düşük",25,"false","Olay, kurum içi bir email göndermesi olarak görülüyor. Destination alanındaki adresler kurumsal alan adlarına ait, bu yüzden risk düşüktür. Action 'AUTHORIZED' olarak işaretlendiği için bu gönderime izin verilmiştir.","Olayın izlenmesine devam edilmelidir. Herhangi bir anomali veya olası bir veri sızıntısı tespit edilmemiştir. Risk düşük olduğu için ek bir aksiyon gerekmemektedir.",338497830,"138"
"{""2026-01-30 01:47:27+03""}","yifurkan","orta",40,"false","Email kanalı üzerinden kurumsal bir varış noktasına (ziraatbank.com.tr) veri gönderildiği için risk seviyesi orta olarak değerlendirildi. Veri hacmi (max_matches: 2) düşük. `AUTHORIZED` aksi olduğu için olay izin verilmiş durumda; bu nedenle, sistemde anomali tespit edilmedi.","Olayların izlenmesine devam edin ve uyumsuzluk belirtileri varsa daha derin analiz yapın.",338496682,"139"
"{""2026-01-30 01:41:32+03""}","yifurkan","düşük",35,"false","Bu olayda gönderim için kullanılan email kanalı ve alıcılar kurumsal alan adı taşıdığından düşük risk taşımaktadır. 'AUTHORIZED' action tipi olayın yetkilendirilmiş olduğunu göstermekte olup, risk seviyesini azaltmaktadır. Gönderilen veri hacmi de oldukça düşük seviyededir.","Olayın doğru yetkilendirme ile gerçekleştirildiği ve düşük risk taşıdığı belirlenmiştir. Ancak izleme ve kayıt altında tutulmaya devam edilmelidir.",338497166,"140"
"{""2026-01-30 01:29:11+03""}","yifurkan","orta",60,"true","Gönderim e-posta kanalı üzerinden yapılmıştır ve birçok kurumsal alıcıya yönlendirilmiştir. Gönderim yetkili olarak işaretlenmiş olsa da, birden fazla alıcıya yönlendirilmesi ve özellikle bankacılık kurumlarına yapılması nedeniyle dikkat edilmesi gereken bir durumdur. Ayrıca, 'max_matches' değeri orta seviyede olduğundan veri hacmi de ek bir risk unsuru taşımaktadır.","Bu olay gözlemlenmeli ve kullanıcının geçmiş eylemlerine ve gönderim içeriğine bağlı olarak daha fazla analiz yapılmalıdır. Gelecek gönderimler için kullanıcıya veri koruma politikaları hatırlatılmalıdır. Riskin devam etmesi durumda daha detaylı inceleme başlatılmalıdır.",338497279,"141"
"{""2026-01-30 00:43:00+03""}","yifurkan","orta",60,"false","Email kanalında birden fazla kurumsal adrese gönderim yapılmış. Hedef adresler çoğunlukla kurumsal ve bu nedenle risk seviyesi yüksektir ancak kişisel email servisleri kullanılmadığı için daha düşük bir risk seviyesi ile değerlendirilmiştir.","Hedef adreslerin her birinin alaka düzeyi ve geçerliliği kullanıcıya sorularak teyit edilmelidir. İlerleyen süreçte benzer olaylar için izleme artırılmalıdır.",338497349,"142"
"{""2026-01-30 00:40:03+03""}","tpkkose","orta",35,"false","Veri gönderimi HTTPS kanalı üzerinden gerçekleşmiş ve Microsoft'un bir servisine yönlendirilmiş. 'Blocked' aksiyonu riski artırsa da, hedefin kurumsal olduğu ve veri hacminin düşük olduğu göz önüne alındığında risk seviyesi orta olarak değerlendirilmiştir.","Olayın logları incelenmeli ve benzer olaylar için izleme kurulmalıdır.",338497272,"143"
"{""2026-01-30 00:39:54+03""}","tpkkose","orta",65,"true","Bu olayda verinin HTTPS kanalından gönderilmeye çalışıldığı ve aksiyonun 'blocked' olduğu gözlemlenmiştir. Güvenli olmayan bir kanala veri iletim girişimi riskli kabul edilir. Destination olarak belirlenen 'nav-edge.smartscreen.microsoft.com' adresinin Microsoft'a ait olması riski bir miktar azaltsa da, bloklama aksiyonu ve bağlam nedeniyle dikkat çekmektedir.","Bu olayın detayları gözden geçirilmeli ve kullanıcıyla iletişime geçilerek bu davranışın nedenleri anlaşılmalıdır. Eğer kullanım amacında bir suiistimal tespit edilirse, gerekli önlemler alınmalıdır.",338496675,"144"
"{""2026-01-30 00:37:04+03""}","yifurkan","orta",45,"false","Olayın e-posta kanalı üzerinden gerçekleşmesi ve birden fazla alıcı adresi içermesi riski artırsa da, tüm alıcıların kurumsal ve yetkilendirilmiş olması riski düşürüyor. Ancak veri hacminin email kanalında olması nedeniyle durum tamamen risksiz kabul edilmemelidir.","Kullanıcının bu tür e-posta gönderimleri için kurum politikaları ile uyumlu bir şekilde hareket ettiği doğrulanmalı ve gelecekteki benzer olaylar için izleme yapılmalıdır.",338497202,"145"
"{""2026-01-30 00:34:56+03""}","ucarz","yüksek",65,"true","Olay, 'ENDPOINT_HTTPS' kanalı üzerinden gerçekleşmiştir. 'BLOCKED' aksiyonunun alınması, riskin yüksek olduğunu gösterir. Destination alanı kurumsal bir alan adı içermekte ve veri hacmi makul düzeydedir ancak aksiye rağmen engellenmiştir. Bu durum anomalilere işaret edebilir.","Kullanıcının erişim ve kullanım faaliyetleri daha yakından izlenmeli ve gerekirse derinlemesine inceleme yapılmalıdır.",338497152,"146"
"{""2026-01-30 00:33:16+03""}","ucarz","yüksek",80,"true","Olay, kurum kontrolündeki bir kanal olan 'ENDPOINT_HTTPS' üzerinden gerçekleşmiştir ancak 'BLOCKED' şeklinde sonuçlanmıştır, bu nedenle yüksek risk taşır. Destination olarak KTVERIBILIMCI kurumsal bir başvuru gibi görünse de 'blocked' eylemi ve diğer faktörler bir araya geldiğinde risk düzeyi yükselmektedir.","Bu kullanıcı etkinliği derinlemesine incelenmeli ve gerekirse kullanıcının hesapları geçici olarak askıya alınmalı veya daha detaylı izleme yapılmalıdır.",338497335,"147"
"{""2026-01-30 00:32:52+03""}","ucarz","orta",65,"true","Olay 'blocked' olarak işaretlenmiş, dolayısıyla riskli kabul edilir. Kanal 'ENDPOINT_HTTPS' olmasına rağmen 'BLOCKED' aksiyonu ve kurumsal dışına çıkmayan 'KTVERIBILIMCI' adresi risk skorunu azaltıyor. Ancak veri sızıntısını önlemek için dikkatli olunmalıdır.","Kullanıcının bu eylemi tekrar etmemesi için eğitim alması ve bu tür eylemlerin neden riskli olduğu konusunda bilgilendirilmesi önerilir.",338496429,"148"
"{""2026-01-30 00:27:17+03""}","tpkkose","yüksek",70,"true","Olay, 'HTTPS' kanalı üzerinden gerçekleşmiş ve 'nav-edge.smartscreen.microsoft.com' adresine gönderim engellenmiş. 'BLOCKED' aksiyonu riskli kabul edilmekte. Destinasyonun kurumsal bir alan adı olmaması ve engellenmiş olması bu durumu yüksek riskli yapıyor.","Kullanıcı ile iletişime geçilerek olay hakkında bilgi alınmalı ve bilgi paylaşımı prosedürleri hatırlatılmalı. Ayrıca sistem logları yeniden gözden geçirilerek benzer girişimler için proaktif önlemler alınmalı.",338495909,"149"
"{""2026-01-30 00:27:16+03""}","tpkkose","orta",70,"true","Olay, şüpheli bir bağlantıyı barındırdığı için 'blocked' olarak işaretlendi. Veri gönderme kanalının HTTPS olması ve varış noktasının bir tarayıcı koruma servisi olması, risk düzeyini artırıyor. Kişisel bir e-posta servisi olmasa da, blocked action ve HTTPS kanal nedeniyle anormal davranış ihtimali var.","Kullanıcının bu tür bağlantıları neden oluşturduğu araştırılmalı ve gerekirse kullanıcı eğitimi sağlanmalı.",338495906,"150"
"{""2026-01-30 00:27:16+03""}","tpkkose","orta",60,"false","Olay, HTTPS kanalı üzerinden gerçekleşmiştir ve 'nav-edge.smartscreen.microsoft.com' adresine bloklanmıştır. Hedef adres kurumsal bir alan adı olduğu için risk düşüktür. Ancak, 'blocked' aksiyonu riskli kabul edilir. Veri hacmi düşük olduğu için risk orta seviyede değerlendirilmiştir.","Kullanıcının bu tür eylemleri tekrarlayıp tekrarlamadığını izleyin ve gerekirse detaylı inceleme yapın. Kullanıcıya güvenli internet kullanımı ve veri erişimi konusunda eğitim verilmesi önerilir.",338495903,"151"
"{""2026-01-30 00:24:58+03""}","yifurkan","orta",45,"false","E-posta kanalı üzerinden kurumsal alan adlarına yönelik yetkilendirilmiş bir gönderim yapılmış. Burada bazı adresler duyarlı sistemler ile ilişkilendirilebilir, ancak hepsi kurumsal olup public servis içermemektedir. Veri hacmi nispeten düşük olduğundan dolayı risk seviyesi ortadır.","Kullanıcının e-posta trafiği, anormal davranışlar açısından izlenmeye devam edilmeli ve ilgili eylemler düzenli olarak gözden geçirilmeli.",338496577,"152"
"{""2026-01-30 00:21:31+03""}","yifurkan","orta",40,"false","Bu DLP olayı e-posta kanalından 3 farklı kurumsal vakıfbank.com.tr adresine gönderim içeriyor ve 'authorized' olarak işaretlenmiştir. E-posta kanalı olması nedeniyle veri hacmi riski bir miktar artırmakla birlikte, kurumsal alana gönderim yapıldığından kullanıcı davranışı normal kabul edilebilir. Eylem 'authorized' olarak belirlenmiş olsa da, destination alanında birden fazla adres olması riski biraz artırabilir.","Kullanıcının e-posta ile verileri gönderme sıklığı izlenmeli ve gerektiğinde eğitim verilmelidir. Veri hacmi konusunda dikkatli olunmalıdır.",338497072,"153"
"{""2026-01-29 22:09:03+03""}","bkarasu","yüksek",85,"true","Olay, dış e-posta servisi olan Hotmail'e gönderim içerdiğinden ve eylem karantinaya alındığı için yüksek risk taşımaktadır. Kanal email olduğundan, büyük veri hacmi de risk skorunu artırır.","İlgili kullanıcı ile iletişime geçilerek olayın nedeni araştırılmalıdır. E-posta içeriği incelenmeli ve gerekirse daha fazla güvenlik önlemi alınmalıdır.",338496476,"154"
"{""2026-01-29 21:56:49+03""}","hesaparastirmaservisi@kuveytturk.com.tr","yüksek",85,"true","Olay, e-posta kanalı üzerinden çoklu hedeflere gönderilmeye çalışılan ve kurumsal alan adlarına yönlendirilmiş verileri içeriyor. 'Quarantined' aksiyonu, kurumsal tarafa gönderilmek istenen verilerin riskli görüldüğünü belirtiyor. Veri hacmi (13 matches) dikkat çekici ve gönderim denemesi kişisel e-mail adresi içermemekle birlikte, yine de dış kurumsal alanlara gönderim riski artırabilir.","Kullanıcının bu tür erişimleri tekrarlamaması için eğitilmesi, e-tabaka izleme sistemlerinin güçlendirilmesi ve ilgili içeriklerin doğrulanması önerilir.",338496310,"155"
"{""2026-01-29 21:39:04+03""}","hesaparastirmaservisi@kuveytturk.com.tr","düşük",20,"false","Olayda e-posta kanalı kullanılmış ve gönderim kurumsal bir adrese yapılmış. Action olarak 'AUTHORIZED' belirtilmiş ve risk düşük kabul edilebilir. Veri hacmi de göz önüne alındığında risk seviyesi düşüktür.","Bu olayda herhangi bir anomali ya da yüksek risk durumu gözlemlenmemiştir. İzleme amaçlı kayıt altına alınabilir, ancak acil bir müdahale önerilmemektedir.",338496552,"156"
"{""2026-01-29 21:36:47+03""}","davuts","orta",60,"true","Olay ENDPOINT_APPLICATION kanalında gerçekleşmiş ve Microsoft Edge üzerinden bir engelleme durumu söz konusu. Kanal ve hedef düşük riskli görünse de, 'blocked' aksiyonu ve endpoint üzerinde olması orta seviyede risk teşkil eder. Bu, standart dışı bir durumun göstergesi olabilir.","Kullanıcının bu davranışının arkasındaki neden analiz edilmeli, benzer olayların tekrarlanmaması için kullanıcı eğitimi veya teknik önlemler alınmalıdır.",338496467,"157"
"{""2026-01-29 21:36:47+03""}","davuts","yüksek",70,"true","Olay, endpoint kanalında gerçekleşmiş ve Microsoft Edge üzerinden bir veri çıkışı engellenmiştir. 'Blocked' olarak işaretlenmesi, verinin çıkışının engellendiğini gösterir ve bu, risklidir. Her ne kadar kanal kurum kontrolünde olsa da, engellenen girişim ve kullanıcı amacı anormal olabilir.","Bu olayla ilgili daha fazla bilgi toplanmalı ve kullanıcıyla iletişime geçilmelidir. Davuts'un bu veriyi Edge üzerinden çıkarmaya çalışmasının nedeni araştırılmalı ve gerekirse kullanıcı eğitimi veya ek güvenlik önlemleri alınmalıdır.",338496464,"158"
"{""2026-01-29 21:35:23+03""}","davuts","yüksek",70,"true","DLP olayı 'ENDPOINT_APPLICATION' kanalı üzerinden gerçekleştiği ve 'Microsoft Edge' destinasyonuna yönelik olduğu için genellikle daha düşük risklidir. Ancak, 'BLOCKED' aksiyonu alındığı için bu durum riskli olarak değerlendirilir. Verinin 'block' edilmesi nedeniyle anormal bir davranış olduğunu düşünüyoruz.","Kullanıcı ile iletişime geçilerek yapılan işlemin detayları öğrenilmeli ve kullanıcının bu tür işlemleri yaparken dikkatli olması sağlanmalıdır.",338496423,"159"
"{""2026-01-29 21:33:48+03""}","davuts","yüksek",65,"true","Olay, bir endpoint application üzerinden Microsoft Edge'e veri aktarma girişimini içeriyor. İşlem 'blocked' olarak işaretlenmiş, bu da potansiyel bir veri sızıntı girişimi olabileceğini gösteriyor. Endpoint channel düşük riskli kategoride olsa da, işlem engellendiği için risk artıyor.","Kullanıcının işlemi hakkında detaylı inceleme yapın ve gerekirse önlemler alın. Kullanıcıya veri güvenliği politikaları hakkında eğitim verilmesi önerilir.",338496300,"160"
"{""2026-01-29 21:23:46+03""}","gursoye","yüksek",85,"true","Olay, email kanalında gerçekleşmiş ve iki kurumsal alan adına gönderim yapılmıştır. Ancak action 'quarantined' olduğu için bloklanmıştır. Her ne kadar adresler kurumsal alan adı içeriyor olsa da, eylemin durdurulması ve veri hacmi (maksimum eşleşme 58) göz önüne alındığında risk seviyesi yüksektir. Kanal ve eylem birlikte değerlendirildiğinde veri sızıntısı veya anormal kullanıcı davranışı ihtimali bulunmaktadır.","Bu olay araştırılmalı ve ilgili kullanıcı ile görüşülmelidir. Kullanıcının alışılmadık bir davranış sergileyip sergilemediği ve veri paylaşımının neden yapıldığı anlaşılmalıdır. Ayrıca DLP politikaları gözden geçirilmeli ve gerekirse güncellenmelidir.",338495559,"161"
"{""2026-01-29 21:18:39+03""}","busrae","yüksek",80,"true","Olay 'quarantined' olarak işaretlenmiştir ve e-posta kanalı kullanılarak kurumsal adreslere gönderim gerçekleştirilmiştir. Her ne kadar kurumsal adresler olsa da, karantinaya alınmış olması gösterge niteliğindedir. 'Max_matches' değeri e-posta kanalı için düşük olsa da, birlikte değerlendirilmiş risk unsurları yüksektir.","Olayın içeriği ve veri türü incelenmeli ve ilgili kullanıcı bilgilendirilmeli. Benzer olayların tekrarını engellemek için farkındalık eğitimleri düzenlenmelidir.",338495669,"162"
"{""2026-01-29 20:04:48+03""}","yarash","yüksek",70,"true","Olay 'blocked' olduğu için riskli kabul edilir. Channel 'ENDPOINT_APPLICATION' olduğundan kurum kontrolündedir ancak 'Powershell' gibi bir destinasyon kullanılması olağandışıdır. Max_matches değeri orta seviyede risk teşkil eder. Genel değerlendirme 'yüksek' risk seviyesini işaret etmektedir.","Olayı daha detaylı incelemek için sistem kayıtları gözden geçirilmeli, kullanıcıya derinlemesine bir risk analizi uygulanmalı ve gerekirse erişim kısıtlamaları gözden geçirilmeli.",338495299,"163"
"{""2026-01-29 20:04:48+03""}","yarash","yüksek",75,"true","Bu DLP olayı, bir Endpoint üzerinde Powershell'e yönelik eylemin Engellendi (Blocked) durumu sergilediğini göstermektedir. Endpoint kanalı daha düşük risk taşısa da Powershell'in kullanılması, anormal kullanıcı davranışına ve potansiyel veri sızıntısına işaret etmektedir. Veri hacmi çok önemli olmamakla birlikte etkinlik tipi açısından risk taşır.","Bu olayı detaylı inceleyin ve kullanıcıyla iletişime geçerek bu eylemin neden yapıldığını belirleyin. İlgili sistemlerde ayrıca loglar kontrol edilerek güvenlik açıkları değerlendirilmeli ve gerekirse ek güvenlik önlemleri alınmalıdır.",338495303,"164"
"{""2026-01-29 20:04:48+03""}","yarash","yüksek",75,"true","Olay 'blocked' aksiyonu ile sonuçlanmış ve 'endpoint_application' kanalı kullanılarak verilerin 'Powershell' hedefine yönlendirilmesi denemesi yapılmış. Powershell, script tabanlı işlemler ve olası kötü niyetli aktiviteler için kullanılabilir. Maksimum eşleşmelerin sayısı 7 olarak tespit edilmiştir, bu da belirli bir veri hacmine işaret etmektedir. Bu bağlamda, veri transferi ve 'blocked' aksiyonu riski artırmaktadır.","Kullanıcıya ait aktivitelerin detaylı bir incelemesi yapılmalı ve kullanıcı izleme altında tutulmalıdır. Ayrıca, Powershell kullanımı denetimli ve sınırlı olmalıdır.",338495307,"165"
"{""2026-01-29 20:04:47+03""}","yarash","yüksek",75,"true","Action alanında 'blocked' olması ve 'endpoint' kanalının kullanılması, bu olayın yüksek risk taşıdığını gösteriyor. Powershell gibi uygulama kanalları üzerinde engellenmiş bir işlem, genellikle kurum içi politikaların ihlali veya kötü amaçlı bir girişim belirtisi olabilir.","Bu olay için daha detaylı bir inceleme yapın. Kullanıcının bu işlemi neden yapmaya çalıştığı araştırılmalı ve benzer girişimlerin tekrarını önlemek için gerekli güvenlik önlemleri alınmalıdır.",338496047,"166"
"{""2026-01-29 20:04:47+03""}","yarash","yüksek",65,"true","Eylem 'blocked' olarak belirlenmiş ve kanal 'ENDPOINT_APPLICATION' üzerinden Powershell'e erişim denemesi yapılmış. Powershell aracılığıyla sistemde değişiklik yapmak veya veri exfiltrate etmek mümkün olabilir. Bu nedenle risk yüksek kabul edilmiştir.","Kullanıcının Powershell erişim denemesi incelemeye alınmalı, gerektiğinde yetkileri gözden geçirilmeli ve daha fazla anormal davranışlar için izlenmelidir.",338496051,"167"
"{""2026-01-29 20:04:46+03""}","yarash","orta",65,"true","Olay 'blocked' olduğu için risklidir. Kanal olarak endpoint kullanılmış ve destination Powershell, veri kaynağı olarak bir iç risk göstergesidir. Action block olması nedeniyle anormal davranış potansiyeli vardır.","Kullanıcının bu işlem için izin verilip verilmediği kontrol edilmeli, Powershell kullanımı ile ilgili daha fazla detay araştırılmalı ve gerekirse kullanıcı eylemleri izlenmeye devam edilmelidir.",338496043,"168"
"{""2026-01-29 20:04:45+03""}","yarash","orta",60,"true","Olay, 'blocked' olarak değerlendirildiği için riskli kabul edilir. 'Endpoint' kanalı kullanılmış ve veri 'Powershell' hedefine yönlendirilmiştir. Bu durum özellikle veri sızıntısı veya kötü niyetli bir eylemi gösterebilir. Her ne kadar 'endpoint' kanalı daha düşük riskli kabul edilse de, 'blocked' aksiyonu ve Powershell hedefi beraber ele alındığında risk seviyesini yükseltmektedir.","Kullanıcının eylemleri detaylı bir şekilde incelenmeli ve gerekirse erişim hakları gözden geçirilmeli. Powershell kullanımına dair detaylı loglar analiz edilerek herhangi bir zararlı betik çalıştırılıp çalıştırılmadığı tespit edilmelidir.",338496040,"169"
"{""2026-01-29 20:04:44+03""}","yarash","yüksek",65,"true","Olay 'BLOCKED' olarak işaretlenmiş ve 'ENDPOINT_APPLICATION' kanalından 'Powershell' hedefine yönlendirilmiş. 'Endpoint' kanalı düşük riskli kabul edilse de, 'BLOCKED' aksiyonu ve 'Powershell' gibi bir hedef uygulama anormal kullanıcı davranışı gösterebilir.","Kullanıcının Powershell üzerinde gerçekleştirmeye çalıştığı işlemler detaylı incelenmeli, ve gerekiyorsa kullanıcı ile görüşülerek açıklama istenmelidir. Sistem yapılandırması ve güvenlik ayarları gözden geçirilmelidir.",338496034,"170"
"{""2026-01-29 20:04:44+03""}","yarash","yüksek",75,"true","Bu olay, 'blocked' aksiyonu ile yüksek riskli olarak değerlendirilmiştir çünkü PowerShell üzerinden endpoint kanalında bir veri çıkış denemesi var. PowerShell'in kötü niyetli amaçlarla kullanılma potansiyeli yüksektir.","Kullanıcının PowerShell kullanımı izlenmeli ve bu tür aksiyonlar için uyarı mekanizması geliştirilmelidir.",338496037,"171"
"{""2026-01-29 20:04:43+03""}","yarash","yüksek",70,"true","Olayın action alanında 'blocked' olması, davranışın engellendiğini ve potansiyel risk taşıdığını gösteriyor. Channel 'ENDPOINT_APPLICATION' olup, genel olarak kurum kontrolünde olsa da Powershell kullanımı dikkat çekici ve potansiyel olarak zararlı script çalıştırma gibi eylemler içerebilir. Max matches değeri düşük olup, tek başına risk skoru üzerinde büyük etki yaratmasa da, genel bağlamda risk derecesini artırıcı bir unsurdur.","Bu olay, kullanıcı davranışını daha detaylı incelemek için bir uyarı başlatmayı ve sistem yöneticisinin Powershell kullanımıyla ilgili daha fazla bilgi sağlamasını gerektirir. Kullanıcı faaliyetlerinin daha yakın izlenmesi ve gerekirse ek güvenlik önlemlerinin alınması önerilir.",338496030,"172"
"{""2026-01-29 20:04:40+03""}","yarash","yüksek",70,"true","Olay, Powershell üzerinde 'BLOCKED' olarak işaretlendiğinden ve son kullanıcı tarafından yürütülmek istendiğinden yüksek risk kategorisinde değerlendirilmiştir.","Bu kullanıcı işlemi denemesiyle ilgili daha ayrıntılı bir soruşturma yapın ve gerekirse kullanıcıya yönelik uyarılar ve eğitimlerle riskleri azaltın.",338496017,"173"
"{""2026-01-29 20:04:40+03""}","yarash","yüksek",70,"true","Olay, Powershell uygulaması üzerinden gerçekleştirilen ve 'blocked' olarak işaretlenen bir işlem içeriyor. Endpoint channel kullanıldı, bu yüzden veri transferi kurum kontrolünde. Ancak, Powershell gibi bir uygulamanın kullanılması ve action'ın 'blocked' olması, işlemde anormal bir durum olduğunu gösteriyor. Max_matches değeri 5 ile düşük olsa da, şeklen riskli bir olay. Bu nedenle, risk seviyesi yüksek olarak değerlendirildi.","Bu olayın detaylı bir incelemesi yapılmalıdır. Kullanıcının bu tür işlemleri neden yapmaya çalıştığı araştırılmalı ve gerekirse kullanıcı davranışları izlenmelidir. Ayrıca, Powershell erişimiyle ilgili daha sıkı güvenlik politikaları değerlendirilmelidir.",338496021,"174"
"{""2026-01-29 20:04:40+03""}","yarash","yüksek",75,"true","Action alanında 'blocked' olması, riskli bir davranışın veya veri sızıntısı girişiminin olduğunu gösterir. Kullanıcı 'Powershell' ile bir işlem gerçekleştirmeye çalışmış ve engellenmiştir. Endpoint kanalı daha düşük riskli kabul edilse de, bu tür işlemler genellikle anomali göstergesidir.","Kullanıcının gerçekleştirmeye çalıştığı işlemi detaylıca inceleyin ve kullanıcının neden bu aksiyonu aldığını araştırın. Eğer uygunsuz bir davranış olduğu tespit edilirse, kullanıcıyla iletişime geçerek durumu çözümleyin ve gerekirse kullanıcıya eğitim verin.",338496026,"175"
"{""2026-01-29 20:04:39+03""}","yarash","yüksek",70,"true","Bu olayda 'BLOCKED' aksiyonu, bir uygulama üzerinden dışa veri transferi girişimini belirtmektedir. Powershell kullanımı genellikle sistem yöneticileri tarafından yapılan işlemlerle ilişkilidir ancak bu bağlamda veri sızıntısı riski taşıyabilir. Max_matches değeri yüksek olmamakla birlikte, endpoint kanalında ve 'BLOCKED' aksiyonu altında olması riski artırmaktadır.","Kullanıcı davranışları ve Powershell komutları detaylı olarak incelenmelidir. Kullanıcının sistem yönetici yetkileri ve bu yetkilerin gerekliliği gözden geçirilmeli, gerekirse yetki kısıtlaması yapılmalıdır.",338496008,"176"
"{""2026-01-29 20:04:39+03""}","yarash","yüksek",75,"true","DLP olayında 'BLOCKED' aksiyonu, potansiyel risk seviyesini artırmaktadır. Veri 'ENDPOINT_APPLICATION' kanalı üzerinden 'Powershell' ile işlem görmüş ve bu da kontrolsüz bir komut satırı ulaşımı olduğu anlamına gelebilir. Ayrıca 'max_matches' değeri 11 olması, veri hacminin belirli bir düzeyi aştığını göstermektedir. Bu kombine faktörler sonucu yüksek risk olarak değerlendirilmiştir.","Bu olayın detaylı incelenmesi ve ilgili kullanıcının davranışlarına dikkat edilmesi gerekmektedir. Gerekirse bu kullanıcının erişim seviyeleri gözden geçirilmelidir.",338495998,"177"
"{""2026-01-29 20:04:39+03""}","yarash","yüksek",70,"true","Olay, bloklanmış bir eylem olarak işaretlenmiştir ve Powershell gibi bir endpoint uygulamasına yönlendirilmektedir. Bu kanalın genellikle kurum kontrolünde olması nedeniyle düşük riskli olduğu düşünülse de eylem biçimi ve bağlam, potansiyel bir veri sızıntısı veya kötüye kullanım girişimi olabileceğini gösteriyor.","Kullanıcının, Powershell üzerinde hangi aktiviteleri gerçekleştirmeye çalıştığı araştırılmalı ve gerekiyorsa kullanıcıya ilişkin daha sıkı bir denetim uygulanmalıdır. Ayrıca, politikalar güncellenerek bu tür bloklama olaylarının tekrar etmesi önlenmelidir.",338496003,"178"
"{""2026-01-29 20:04:39+03""}","yarash","yüksek",70,"true","Olayda engellenmiş bir eylem mevcut ve PowerShell'e veri aktarımı gibi anormal bir davranış gözlemlendi. Endpoint kanalında gerçekleşmiş olmasına rağmen engellenen eylem, veri sızıntısı ve sistem bütünlüğüne zararlı olabilecek bir risk taşır.","Bu kullanıcının PowerShell erişim faaliyetleri detaylıca incelenmeli ve engellenmiş eylemin amacı araştırılmalıdır. Ayrıca benzer aktivitelerin tekrarlanmasını önlemek için uygun güvenlik önlemleri alınmalıdır.",338496012,"179"
"{""2026-01-29 20:04:38+03""}","yarash","orta",60,"true","Olay, 'blocked' aksiyonu ile sonlandığı için risklidir. Endpoint kanalı üzerinden Powershell'e erişim denemesi yapılmış, bu durum anormal bir kullanıcının davranışına işaret edebilir. Kişisel veya kurumsal e-posta servisleri yer almadığı için veri hırsızlığı doğrudan yüksek risk olmamakla birlikte davranışsal olarak izlenmelidir.","Kullanıcının Powershell erişim denemesiyle ilgili inceleme yapın. Kullanıcının sistem üzerinde başka şüpheli aktiviteleri olup olmadığını belirlemek için log analizlerini gözden geçirin. Gerekli ise kullanıcıya yönelik ek güvenlik kontrolleri ekleyin.",338495383,"180"
"{""2026-01-29 20:04:38+03""}","yarash","yüksek",75,"true","Olay BLOCKED olarak işaretlenmiş ve endpoint application kanalında gerçekleşmiş. PowerShell gibi bir hedef, veri sızıntısı veya kötü amaçlı kullanım için potansiyel risk taşıyabilir. Max_matches değeri nispeten düşük olsa da, birleşik değerlendirmede yüksek risk ve anomali tespit edilmiştir.","Bu olayın detaylı incelemesi yapılmalı ve kullanıcıya erişim kısıtlamaları uygulanarak, PowerShell kullanımı hakkında daha fazla bilgi toplanmalıdır.",338495988,"181"
"{""2026-01-29 20:04:38+03""}","yarash","yüksek",70,"true","Olay, endpoint application kanalında gerçekleşmiş ve Powershell kullanılarak veri aktarımını denemiştir. Bu kanal kurum kontrolünde olduğundan daha düşük riskli kabul edilse de, action 'blocked' olarak belirtilmiş, bu da riskli bir girişimi gösteriyor. Destination alanı Powershell olduğundan yüksek risk taşıyabilir.","Kullanıcının bu tür eylemleri sıkça gerçekleştirmesi analiz edilmelidir. Powershell üzerinden yapılan bu girişim sistem yöneticileri tarafından incelenmeli ve gerekirse kullanıcının erişim hakkı gözden geçirilmelidir.",338495993,"182"
"{""2026-01-29 20:04:37+03""}","yarash","yüksek",75,"true","Bu olayda Powershell üzerinden veri aktarımı denemesi yapılmış ve bu uygulama güvenlik politikası gereği engellenmiştir. Action alanındaki 'blocked' değeri ve endpoint kanalında gerçekleşmiş olması önemli bir risk faktörüdür. Veri sızıntısı potansiyeli yüksektir.","Kullanıcının Powershell kullanımı denetlenmeli ve gerekirse yetkileri gözden geçirilmelidir. Olayın detayları araştırılarak daha fazla anomali olup olmadığı kontrol edilmelidir.",338495727,"183"
"{""2026-01-29 20:04:37+03""}","yarash","yüksek",70,"true","Olay 'blocked' olarak işaretlenmiştir ve veri transferi 'endpoint' kanalında PowerShell'e yönlendirilmiştir. Kanalın kurum kontrolünde olmasına rağmen, bir script ya da uygulama aracılığıyla yapılmış olması ve eylemin engellenmiş olması önemli bir veri sızıntısı girişimi veya anormal davranış göstergesidir.","Kullanıcıya ait hareketler ve ilgili uygulama monitör edilirken, bu eyleme neden olan süreç değerlendirilmelidir. DLP kuralları gözden geçirilerek güncellenmeli, ve kullanıcıyla olası bilinçli sızıntı riskine karşı görüşülmelidir.",338495732,"184"
"{""2026-01-29 20:04:36+03""}","yarash","yüksek",80,"true","Olay 'BLOCKED' aksiyonu ile sonuçlanmış ve 'ENDPOINT_APPLICATION' kanalı üzerinden PowerShell'e veri gönderilmeye çalışılmış. Bu kanal genellikle iç sistemlerde düşük riskli kabul edilir. Ancak PowerShell üzerinden bloklanan bir eylem olması ve veri taşınmaya çalışılması anormal kullanıcı davranışı göstergesidir.","Kullanıcı ile iletişime geçilerek, bu eylemin amacı ve gerekçesi sorgulanmalı, gerekirse kullanıcı eğitimi veya ek önlemler alınmalıdır.",338495718,"185"
"{""2026-01-29 20:04:36+03""}","yarash","yüksek",75,"true","DLP olayı, 'ENDPOINT_APPLICATION' kanalında 'blocked' olarak değerlendirilmiştir. Bu, verinin transfer edilmesinin engellendiğini belirtir ve riskli bir davranış olarak kabul edilir. 'Powershell' gibi bir hedefe yönlendirme yapıldığı için, burada bir veri manipülasyonu veya sızıntı teşebbüsü olabilir. Veri hacmi düşük olsa da (10 eşleşme), bloklanmış bir aksiyon olduğu için risk seviyesi yüksektir.","Bu olayın detayları incelemeli, kullanıcı ile iletişime geçmeli ve gerekirse ek güvenlik önlemleri alınmalıdır. Kullanıcının niyetini anlamak için çalışılmalı ve bu tür uygulama erişimleri değerlendirilmelidir.",338495722,"186"
"{""2026-01-29 20:04:35+03""}","yarash","orta",65,"true","Endpoint kanalında Powershell aracılığıyla yüksek riskli bir bloklama olayı yaşandı. Action, 'blocked' olduğu için risk seviyesi orta düzeydedir. Her ne kadar destination olarak kurum içi bir uygulama kullanılsa da, olayın 'blocked' statüsü ve veri erişimi denemesi riskli kabul edilir.","Bu kullanıcının Powershell kullanım aktiviteleri detaylı olarak incelenmelidir. Ek olarak, kullanıcı için daha sıkı erişim ve izleme prosedürleri uygulanmalıdır.",338495710,"187"
"{""2026-01-29 20:04:35+03""}","yarash","yüksek",75,"true","Endpoint uygulamasında Powershell üzerinden bloklanmış bir olay tespit edildi. Powershell genellikle siber saldırılarda kullanıldığı için risk yüksektir. Veri miktarı düşük olsa da eylem bloklandığı için dikkat edilmelidir.","Kullanıcının Powershell kullanım yetkilerini gözden geçirin ve gerekirse sınırlayın. Olayın detaylarını inceleyerek potansiyel bir saldırı olup olmadığını belirleyin.",338495714,"188"
"{""2026-01-29 20:04:34+03""}","yarash","yüksek",70,"true","Olay 'endpoint_application' kanalında gerçekleşmiştir ve PowerShell kullanılmıştır, bu potansiyel olarak hassas komutların çalıştırıldığını gösterebilir. Max_matches değeri düşük olsa da 'blocked' aksiyonu ve hedefin PowerShell olması birlikte değerlendirildiğinde risk önemli derecede yüksek olabilir.","Kullanıcının faaliyetlerini izleyin, geçmişte benzer olayların olup olmadığını kontrol edin ve gerekirse PowerShell kullanımı üzerine kısıtlama getirip, eğitim verin.",338495705,"189"
"{""2026-01-29 20:04:32+03""}","yarash","yüksek",75,"true","Olay 'endpoint' kanalı üzerinden gerçekleşmiş olup, eylem 'blocked' olarak kaydedilmiştir. 'Powershell' aracılığıyla yapılan bu işlem, veri sızıntısı olasılığını artırmaktadır. Ayrıca, bu tür olaylar genellikle ileri düzey siber saldırıların habercisi olabilir.","Sistemde Powershell erişimlerini ve bu kullanıcının son aktivitelerini detaylıca inceleyin. Ayrıca, ileri güvenlik önlemleri alarak bu tür olayları izlemeye devam edin.",338495701,"190"
"{""2026-01-29 20:04:31+03""}","yarash","yüksek",75,"true","Olay 'BLOCKED' kategorisinde olduğu için riskli kabul edilmektedir. Endpoint üzerinden Powershell'e gönderim yapılması, özellikle bu eylem engellenmiş olduğu için güvenlik ihlali veya kötüye kullanım şüphesi doğurmaktadır. Veri hacmi düşük fakat kanal ve aksiyon dikkate alındığında risk seviyesi yüksektir.","Bu kullanıcı tarafından yapılan benzer işlemler izlenmelidir. Sistem ayarları ve yetkileri gözden geçirilmeli, gerekli önlemler alınmalıdır.",338495697,"191"
"{""2026-01-29 20:04:30+03""}","yarash","yüksek",70,"true","Olay 'blocked' eylemi ile sonuçlanmış ve kanal 'ENDPOINT_APPLICATION' üzerinden Powershell'e yönlendirilmiştir. Bu durum, bir veri sızıntısı veya anormal bir etkinlik teşebbüsü olabileceğini gösteriyor. Max_matches değeri nispeten düşük olmasına rağmen action ve kanal kombinasyonu risk seviyesini artırmaktadır.","Kullanıcı faaliyetleri ve ilgili sistemlerin detaylı bir incelemesi gerçekleştirilmelidir. Powershell üzerinden yapılan işlemler kontrol edilmeli ve kullanıcıya gerekli güvenlik uyarıları verilmelidir.",338495692,"192"
"{""2026-01-29 20:04:29+03""}","yarash","yüksek",75,"true","Olay, 'endpoint_application' kanalında 'Powershell' gibi bir hedefe yapmak istediği bir eylem sırasında 'blocked' olarak işaretlenmiştir. Powershell üzerinden yapılan hareketlerde veri manipülasyonu ve dışarı veri sızdırma riski yüksektir. Bu nedenle, eylem engellenmiş olmasına rağmen yüksek bir risk taşımaktadır.","Kullanıcının Powershell üzerinde hangi işlemleri yapmaya çalıştığı incelenmeli ve benzer aktivitelerin tekrarı önlenmelidir. Kullanıcının iş ihtiyacı gereği Powershell kullanımı varsa, bu işlemler için kontrollü bir ortam oluşturulmalı veya izin seviyeleri gözden geçirilmelidir.",338495232,"193"
"{""2026-01-29 20:04:29+03""}","yarash","orta",60,"true","Bu olayda Powershell gibi bir uygulama üzerinden veri gönderimi engellenmiştir. Uygulama kanalı olan 'ENDPOINT_APPLICATION' kurum kontrolünde olduğu için risk daha düşüktür, ancak eylemin 'blocked' olması potansiyel bir tehdit veya anormal davranışı gösterir. Max_matches değeri orta düzeyde bir veri hacmini işaret etmekte.","Olayın detaylı bir şekilde incelenmesi ve kullanıcıya eğitim verilmesi önerilir. İleri analiz için olayın tekrarlanıp tekrarlanmadığını izleyin.",338495687,"194"
"{""2026-01-29 19:22:02+03""}","talhaka","yüksek",85,"true","Olay e-posta kanalı üzerinden icloud.com gibi kişisel bir e-posta adresine gerçekleşmiş ve aksiyon olarak 'quarantined' belirtilmiştir. Bu durum, veri sızıntısı riskini artıran bir faktördür. Kullanıcının bu tür bir eylemde bulunması anormal kabul edilebilir.","Bu olayın detaylı bir şekilde incelenmesi ve kullanıcı ile iletişime geçilerek olayın sebebi öğrenilmelidir. Gelecekteki benzer durumların önlenmesi için bilinçlendirme eğitimleri verilmesi önerilir.",338495355,"195"
"{""2026-01-29 18:46:32+03""}","aleynas","kritik",85,"true","DLP olayı 'quarantined' aksiyonunu içeriyor ve email kanalından kişisel bir Gmail adresine gönderim tespit edildi. Bu durum ciddi bir veri sızıntısı riskini gösteriyor. Max_matches değeri, gönderilen veri hacminin dikkat edilmesi gereken bir noktada olduğunu ortaya koyuyor.","İlgili kullanıcıyla hemen iletişime geçilip bu eylemin nedeni araştırılmalı. Gerektiğinde daha fazla inceleme ve raporlama yapılmalıdır.",338495425,"196"
"{""2026-01-29 18:06:05+03""}","uyusmazm","orta",40,"false","Olay, kurumsal bir e-posta adresine gönderim içeriyor ve 'authorized' olarak işaretlenmiş, bu nedenle izin verilmiş bir işlem gibi görünüyor. Veri hacmi makul seviyelerde ancak 'email' kanalında olduğu için risk değerlendirmesinde daha fazla dikkat edilmelidir.","Bu işlem izlenmeye devam edilmeli ve kullanıcı davranışı düzenli olarak gözden geçirilmeli. İzin verilen işlemler nedeniyle kullanıcı eğilimlerini değerlendirmek önemlidir.",338495518,"197"
"{""2026-01-29 18:05:10+03""}","tascib","düşük",20,"false","Olayda endpoint üzerinden kurum içi bir servise sadece bir veri iletimi gerçekleştirilmiş ve aksiyon 'authorized' (izin verilmiş) olarak kaydedilmiştir. Kanal kurum kontrolünde olduğu için risk düşüktür.","Bu olay düşük riskli olarak değerlendirilmiş olup takibi veya ek önlem gerektirmez.",338495403,"198"
"{""2026-01-29 17:58:19+03""}","selmang","düşük",20,"false","Olayda 'authorized' eylemi bulunduğundan ve email kanalı üzerinde gönderim kurumsal e-posta adreslerine yapılmış olduğundan dolayı risk düşük değerlendirilmiştir. Veri hacmi düşük ve kişisel e-posta servislerine gönderi bulunmamaktadır.","Olayın izlenmesi önerilir, ancak şu aşamada kritik bir risk olmadığı değerlendirildiğinden acil bir eylem gerekmemektedir. Gelecekte benzer olayları takip ederek anormal bir örüntü oluşup oluşmadığını gözlemleyin.",338495319,"199"
"{""2026-01-29 17:54:38+03""}","talhaka","yüksek",85,"true","Olay, kişisel bir e-posta servisine (iCloud) gönderim içerdiğinden ve eylemin karantina altına alınması nedeniyle yüksek risk taşımaktadır. Dış e-posta adresine gönderim ve action alanının 'quarantined' olması risk seviyesini artırmaktadır.","Kullanıcının bu etkinliğine dair detaylı bir inceleme yapılarak benzer aktivitelerin tekrarlanması engellenmeli ve gerekli önlemler alınmalıdır.",338495217,"200"
"{""2026-01-29 17:54:11+03""}","selmang","yüksek",85,"true","Bu DLP olayı, 'email' kanalından birden fazla dış kurumsal adrese gönderim içerir. Ancak, 'quarantined' action nedeniyle risk seviyesi yüksektir ve engelleme yapılmıştır. Veri hacmi makul düzeyde olsa da birden fazla alıcıya gönderildiği için risk artmıştır.","Olayın detayları incelenmeli ve benzer olaylar için daha sıkı önlemler alınmalıdır. Kullanıcıya bilgilendirme ve uyarlama eğitimleri verilmelidir.",338495143,"201"
"{""2026-01-29 17:52:48+03""}","uzunm","düşük",15,"false","Olay, kurum içi yazıcıya yazdırma işlemi olduğu için risk seviyesi düşüktür. 'authorized' olarak işaretlenmiş ve endpoint kanalı kullanılmıştır, bu da kontrol altında olduğunu gösterir.","Olay izlenmeye devam edilmeli ancak şu anda herhangi bir aksiyon gerekmez.",338494999,"202"
"{""2026-01-29 17:51:46+03""}","mehkkaya","orta",60,"true","DLP olayında HTTPS kanalı üzerinden telem-edge.smartscreen.microsoft.com adresine yönlendirilen bir talep 'blocked' olarak işaretlenmiştir. HTTP(S) üzerinden yapılan istekler genellikle daha düşük riskli olsa da 'blocked' statüsü ve Microsoft'a gönderim dikkate alındığında, anormal bir kullanıcı davranışı söz konusu olabilir.","Kullanıcının bu işlemi neden gerçekleştirdiğini anlamak için IT güvenlik ekibi tarafından bir inceleme başlatılmalı ve gerekli görüldüğünde kullanıcıya eğitim verilmeli.",338495287,"203"
"{""2026-01-29 17:45:36+03""}","dcoskun","düşük",25,"false","Olay email kanalı üzerinden gerçekleşmiş ve kurumsal bir e-posta adresine gönderim yapılmıştır. Olay 'AUTHORIZED' olarak işaretlenmiş, dolayısıyla kurum tarafından izin verilmiş bir işlem olarak değerlendirilmektedir. Veri hacmi düşük olduğundan risk seviyesi düşüktür.","Bu olaya yönelik izleme devam ettirilmeli, ileride benzer olayların artış göstermesi durumunda daha fazla analiz yapılmalıdır.",338495044,"204"
"{""2026-01-29 17:45:30+03""}","leventd","düşük",30,"false","Olay, email kanalı üzerinden kurumsal bir alan adınına (stf.com.tr) gönderim içermekte ve action 'AUTHORIZED' olarak belirtilmiştir. Max_matches değeri 1 olup, bu veri hacmi düşük bir seviyede risk oluşturmaktadır.","Bu olay izlenmeli ancak şu anda ciddi bir risk teşkil etmemektedir. Olaylar arasındaki tutarlılığı kontrol etmek için gelecekteki aktiviteler izlenmelidir.",338495039,"205"
"{""2026-01-29 17:45:26+03""}","msavas","orta",45,"false","Olay e-posta kanalında gerçekleşmiş ancak tüm hedefler kurumsal alan adlarına ait. Max_matches değeri düşük ve 'AUTHORIZED' aksiyonu verildiği için olay doğrudan riskli değil. Yine de izinli olaylar önlem amaçlı izlenmeli.","'Permitted' olaylar periyodik olarak gözden geçirilmeli ve kullanıcı davranış profili oluşturulmalı. Eğitim ve farkındalık çalışmalarına devam edilmesi önerilir.",338495175,"206"
"{""2026-01-29 17:45:03+03""}","guner","yüksek",85,"true","Güvenlik olayında, EMAIL kanalında 'quarantined' olarak işaretlenmiş bir gönderim tespit edilmiştir. Veri dış adres olan 'zekeriyasonmez@sultanmarketim.com' e-posta adresine gönderilmek istenmiştir. Bu durum, potansiyel bir veri sızıntısı riski taşımaktadır. 'sultanmarketim.com' adresi kurumsal bir alan adı gibi gözükse de, dış e-posta adresi olduğundan bu tip olaylar dikkatle izlenmelidir.","Bu olay için, olayın detayları incelenmeli ve gerekirse kullanıcı ile görüşülerek yanlış anlamaların önüne geçilmelidir. Veri kaynağı ve içeriği incelenerek izinsiz veri paylaşımının olup olmadığı kontrol edilmelidir. Sistem izinlerine ve kullanıcı faaliyetlerine yönelik ek izleme talimatları verilebilir.",338495110,"207"
"{""2026-01-29 17:44:02+03""}","leventd","düşük",30,"false","Olay 'email' kanalı üzerinden kurumsal bir alana gönderilmiştir ve 'action' alanında 'AUTHORIZED' olarak işaretlenmiştir. 'Max_Matches' değeri düşük ve tek bir kurumsal alana gönderim olduğu için risk seviyesi düşüktür.","Olay monitor edilmeye devam edilebilir, ancak şu an için acil bir aksiyon önerilmemektedir.",338494967,"208"
"{""2026-01-29 17:40:30+03""}","ecarikli","yüksek",70,"true","Olay, 'quarantined' olarak değerlendirilmiştir ve e-posta kanalından gönderim yapılmıştır. Her iki hedef adresin de kurumsal olması riski azaltmaktadır ancak gönderim miktarı ve olayın karantinaya alınmış olması risk seviyesini yükseltmektedir.","Söz konusu olayın içeriğini inceleyin ve kullanıcı ile iletişime geçerek olayın neden karantinaya alındığını tespit edin. Gerekirse güvenlik politikalarını güncelleyin.",338494900,"209"
"{""2026-01-29 17:39:41+03""}","hbeken","düşük",25,"false","DLP olayında 'endpoint' kanalı kullanılmış ve yazıcıya gönderim yapılmış. Hedef kurumsal bir sunucu 'srvsube-174' olduğu için risk düşük ve 'authorized' aksiyonuna sahiptir. Veri hacmi az olduğundan riski artırmamaktadır.","Herhangi bir anormal davranış tespit edilmemiştir. Benzer yazıcı kullanımını izlemeye devam edin.",338495012,"210"
"{""2026-01-29 17:39:34+03""}","mehmete","düşük",35,"false","DLP olayında e-posta kanalı üzerinden hukuki danışmanlık sağlayan kurumsal bir e-posta adresine gönderim yapılmış, bu yüzden risk düşük kabul edilmiştir. Action alanı 'AUTHORIZED' olduğu için kurum tarafından izin verilmiş bir olaydır, ancak izlenmelidir. Veri hacmi ve alıcı adresin güvenilirliği göz önünde bulundurularak risk seviyesinin düşük olduğu tespit edilmiştir.","Gönderilen verilerin içeriği incelenmeli ve benzer gelecekteki olaylar için izleme yapılarak veri kayıpları önlenmelidir. İlgili kullanıcıyı bilinçlendirerek veri güvenliği eğitimine dahil etmek faydalı olabilir.",338494386,"211"
"{""2026-01-29 17:39:01+03""}","dincerm","orta",35,"false","E-posta kanalındaki iletim, kurumsal alan adlarına gönderilmiştir ve action 'authorized' olduğu için kurum tarafından izin verilmiştir. Ancak, email kanalı daha yüksek riskli kabul edildiğinden dolayı izlenmesi gerekir.","İzleme devam etmeli ve benzer olaylar gözlemlenirse detaylı inceleme yapılmalıdır.",338494334,"212"
"{""2026-01-29 17:38:24+03""}","hbeken","düşük",15,"false","DLP olayı endpoint_printing kanalında gerçekleşmiş ve action 'authorized' olarak belirtilmiş. Yazıcı kanalı kurum içi bir hedefe gönderim yaptığı için risk düzeyi düşüktür. Max_matches değeri düşük olduğu için veri hacmi açısından da risk oluşturmaz.","Olayın izlenmiş olması yeterlidir. Ancak, benzer olayların tekrarındaki sıklık takip edilmeli ve yazıcı kanalı üzerinden yüksek veri hacmi gönderimleri kontrol edilmelidir.",338494940,"213"
"{""2026-01-29 17:38:03+03""}","hbeken","düşük",20,"false","Olay, ENDPOINT_PRINTING kanalından ve kurumsal bir sunucuya yönelik olarak gerçekleşmiştir. 'AUTHORIZED' olarak işaretlenmiş ve kontrol altında görünen bir durumdur. Ayrıca, max_matches değeri düşük (9) olup, veri hacmi sınırlıdır ve bu nedenle risk seviyesi düşük olarak değerlendirilmiştir.","Bu olay için belirgin bir anomali tespit edilmediğinden, sadece izleme yapılması önerilir.",338494869,"214"
"{""2026-01-29 17:37:26+03""}","oatas","orta",45,"false","Eylem 'AUTHORIZED' olarak belirtilmiş, yani olay kurumsal olarak izin verilmiş durumda ve risk seviyesi düşüktür. Gönderim kanalı 'EMAIL' olup, varış adresleri kurumsal alan adı içermektedir. 'max_matches' değeri 1 olduğundan veri hacmi düşük. Bu sebeplerle risk seviyesi orta olarak değerlendirilmiştir.","Gönderim izlenmeli ve benzer olaylar için rutin kontrol yapılmalıdır. Destinasyon adresleri kurumsal olduğundan ek aksiyon gerektirmemektedir.",338494160,"215"
"{""2026-01-29 17:36:50+03""}","oatas","düşük",30,"false","Email kanalı üzerinden yapılan gönderimde, kurumsal alan adlarına ait adreslere veri aktarımı gerçekleşmiştir. 'max_matches' değeri düşük olup ve 'action' alanı 'AUTHORIZED' olarak kaydedilmiş, bu da olayın izinli olduğunu göstermektedir. Anormal bir kullanıcı davranışı veya veri sızıntısı belirtileri gözlemlenmemiştir.","Olayın izlenmesi gerekse de, şu an için ek bir aksiyon alınmasına gerek yoktur. Gelecekteki benzer olayların tekrarını önlemek için kullanıcı eğitimleri düzenlenmelidir.",338494349,"216"
"{""2026-01-29 17:36:19+03""}","mehmete","orta",60,"false","Email kanalı üzerinden gönderim yapılmış ve action 'AUTHORIZED' olduğu için olay izin verilmiştir. Ancak alıcı adres kurumsal bir avukatlık bürosuna ait olduğundan, veri sızıntısı riski tamamen gözardı edilmemelidir. Max_matches değeri düşük olduğundan, veri hacmi açısından büyük bir risk taşımamaktadır.","Bu tür izin verilmiş olaylar izlenmeye devam edilmelidir. Özellikle hassas bilgilerin dış paylaşımlarında kurum içi politikaların ihlal edilip edilmediği kontrol edilmelidir.",338494289,"217"
"{""2026-01-29 17:36:16+03""}","dincerm","yüksek",75,"true","Olay, kurum içi bir e-posta adresine gönderildiği için risk seviyesi yüksek olarak değerlendirilmektedir. 'Quarantined' action, verinin engellendiğini ve olası bir veri sızıntısının önlendiğini gösterir. Kişisel ya da public bir e-posta servisine gönderim yoktur, ancak birden fazla adrese gönderim riski artırmaktadır.","Olayın içeriği incelenmeli ve hangi verilerin iletildiği kullanıcı tarafından değerlendirilmelidir. Kullanıcının verfiyenin kurumsal politikalarla uyumlu olup olmadığını kontrol etmeli ve gerekirse eğitim verilmelidir.",338494196,"218"
"{""2026-01-29 17:36:10+03""}","suhedag","düşük",30,"false","Email kanalı üzerinden kurumsal bir alan adına düşük veri hacmi ile gönderim gerçekleştirilmiş ve yetkilendirilmiş bir eylem. Bu durum düşük risk seviyesinde değerlendirilmiştir.","Bu olay düşük risk seviyesinde olup, kullanıcı davranışları düzenli olarak izlenmelidir.",338494191,"219"
"{""2026-01-29 17:34:28+03""}","kaplany","orta",65,"true","Olay email kanalında gerçekleşmiştir ve dış adresler olan kurumsal bir alan adlarına gönderim yapılmıştır. Max_matches değeri olan 503, yüksek veri hacmi anlamına gelir ve released olarak işaretlenmiş olmasına rağmen izlenmesi gerekmektedir. Bu durum anormal kullanıcı davranışı göstergesi olabilir ve dolayısıyla dikkatle değerlendirilmelidir.","Olayın detaylı bir incelemesi yapılmalıdır. Kullanıcının bu adreslere neden bu kadar yüksek bir veri hacmini gönderdiği sorgulanmalı ve gerekirse kullanıcıyla görüşülmelidir. Ayrıca gelecekte benzer durumları önlemek adına kullanıcı eğitimi ve DLP politikaları gözden geçirilmelidir.",338493971,"220"
"{""2026-01-29 17:34:16+03""}","furkanta","orta",40,"false","Olay email kanalında gerçekleşmiş ve kurumsal alan adı olan 'kesermuhasebe.com' adresine gönderilmiştir. Veri hacmi (max_matches: 1) düşük bir seviyede ve olay 'AUTHORIZED' olarak işaretlenmiş, bu da kurum tarafından izin verilmiş ancak tamamen güvenli olmadığı anlamına gelir.","İlgili kullanıcıyı izlemeye devam edin ve benzer olayların tekrarlanıp tekrarlanmadığını kontrol edin. Eğer tekrarlayan ve artan hacimde olaylar görülürse, daha detaylı bir inceleme başlatın.",338494145,"221"
"{""2026-01-29 17:30:54+03""}","fozcan","orta",65,"true","Email kanalı üzerinden kişisel bir e-posta adresine veri gönderimi yapılmış ve action 'authorized' olarak belirtilmiş. Kişisel e-posta adresi ve veri gönderimi otorizasyon almış olsa da hala riskli kabul edilir. Gönderim miktarının düşük olması riski azaltan bir faktördür, ancak dış adres kullanımı ve kişisel alan adı kullanımından dolayı risk orta seviyededir.","Kullanıcı ile iletişime geçilerek gönderilen veri içeriği ve amacı hakkında detaylı bilgi alınmalı. Gerekli görülürse bu tür gönderimler için ek kontroller veya kısıtlamalar getirilmelidir.",338493853,"222"
"{""2026-01-29 17:30:46+03""}","hpayza","düşük",20,"false","Olay, kurum içi bir yazıcıya (endpoint/lan) yetkilendirilmiş bir gönderimdir. 'authorized' aksiyonu alınmış ve kurumsal bir hedefe yönlenmiştir. Max_matches değeri düşük risk seviyesinde ve veri hacmi makul görünüyor.","Olay düşük riskli olduğu için herhangi bir müdahaleye gerek yoktur. Sistem monitör edilmeye devam edilmelidir.",338493733,"223"
"{""2026-01-29 17:30:29+03""}","yiserdar","yüksek",80,"true","Bu olayda, gönderilen e-posta karantinaya alınmış ve kurumsal bir e-posta adresine gönderilmiş olmasına rağmen, 'quarantined' action ile işaretlenmiş olması riski artırmaktadır. Kanal ve varış adresi değerlendirildiğinde, email üzerinden gönderim yapılması ve max_matches değerinin 4 olması veri hacminin de dikkate alınması gerektiğine işaret eder.","Bu olayın detaylı bir şekilde incelenmesi ve kullanıcının eğitilmesi önerilir. Ayrıca, DLP politikalarının gözden geçirilerek kanallara ve action türlerine göre ayarlanması faydalı olacaktır.",338494077,"224"
"{""2026-01-29 17:29:48+03""}","selmang","düşük",30,"false","Olay, kurumsal bir alana gönderilen e-posta üzerinden gerçekleşmiştir ve gönderim onaylanmıştır (AUTHORISED). Max_matches değeri düşük olduğu için veri hacmi riski artırmamaktadır. Genel değerlendirme, düşük risk seviyesindedir.","Olay izlenmeli ancak şu an için ek bir aksiyon gerekmemektedir.",338493949,"225"
"{""2026-01-29 17:29:23+03""}","edisli","orta",35,"false","DLP olayı 'email' kanalı üzerinden kurumsal adreslere gönderim yapıldığını gösteriyor. 'AUTHORIZED' action ile gönderim izinli kabul edilse de izlenmesi önerilir çünkü tamamen risksiz olmayabilir. Gönderim yapılan e-posta adresleri kurumsal olduğundan ve data hacmi düşük olduğundan risk skorunu orta seviyede değerlendirdik.","Bu gönderim izlenmeye devam edilmeli ve benzer olayların tekrarı durumunda kullanıcı uyarılmalıdır.",338493815,"226"
"{""2026-01-29 17:28:53+03""}","iduman","orta",30,"false","Olayın 'AUTHORIZED' durumda olması ve e-posta kanalının kurumsal bir dış alana gönderilmiş olması riski azaltan faktörlerdir. Max_Matches değeri 1 olduğundan, veri hacmi düşüktür. Ancak email kanalı, dış alana gönderim içerdiğinden dolayı dikkate alınmalıdır.","Bu tür olaylar izlenmeye devam etmeli, ancak mevcut koşullarda acil bir müdahale gerektirmemektedir.",338493704,"227"
"{""2026-01-29 17:27:46+03""}","kaslihan","yüksek",85,"true","Olayda, 'quarantined' (karantina) eylemi riskli kabul edilmiş ve dış adres olan hotmail.com'a veri gönderimi söz konusudur. Bu durum veri sızıntısı riskini artırmaktadır.","Kullanıcının bu tür eylemler için sıklığı ve niyeti değerlendirilmelidir. İlgili veri sızıntısı riskini azaltmak için kullanıcı ile iletişime geçilmeli ve gerektiğinde erişim hakkı gözden geçirilmelidir.",338493767,"228"
"{""2026-01-29 17:27:04+03""}","idepe","yüksek",75,"true","DLP vakasında, 'EMAIL' kanalı üzerinden kişisel e-posta servislerine birden fazla dış adrese veri gönderildiği tespit edilmiştir. 'action' alanı 'AUTHORIZED' olduğu için kurum içinde izin verilmiş olabilir, fakat 'destination' alanındaki kritik adresler ve toplamda üç dış alıcıya veri gönderimi riski artırmaktadır. Veri hacmi düşük olmasına rağmen kanal ve hedef bilgilerinin birleşimi risk seviyesini yükseltir.","Bu olayın detaylı bir biçimde incelenmesi ve kullanıcının gelecekteki aktivitelerinin izlenmesi önerilir. Bilinçsiz veya kötü niyetli bir veri transferi olasılığını ekarte etmek için kullanıcıya siber güvenlik ve veri koruma politikaları hakkında eğitim verilmesi de faydalı olacaktır.",338493498,"229"
"{""2026-01-29 17:25:56+03""}","zeynepku","orta",35,"false","Olay email kanalı üzerinden gerçekleşmiş ve kurumsal bir alan adına gönderim yapılmış. 'AUTHORIZED' olarak işaretlenen olayda veri açığa çıkma riski düşüktür ancak izlenmeye değer. Max_matches değeri 6 olduğundan veri hacmi açısından önemli ancak kritik değil.","Olayın izlenmeye devam edilmesi ve kullanıcı davranışının anakronik olup olmadığının belirlenmesi önerilir. Gelecekte benzer olaylar tekrarlarsa detaylı inceleme yapılmalıdır.",338493341,"230"
"{""2026-01-29 17:25:53+03""}","ztefon","yüksek",70,"true","Olay 'email' kanalından gerçekleşmiş ve dış kurumsal bir hedefe gönderim yapılıyor. 'Quarantined' aksiyonu, olayın bloke edildiğini ve potansiyel olarak zararlı olabileceğini gösteriyor. 2 'max_matches' değeri düşük olsa da, bağlamsal olarak değerlendirildiğinde dış ağa gönderim ve karantinaya alma nedeniyle risk yüksektir.","Bu olayın detaylı incelemesi yapılmalı ve gerekirse kullanıcı davranışı izlenmelidir. Kullanıcıya veri güvenliği politikaları hakkında bilgilendirme yapılmalıdır.",338493336,"231"
"{""2026-01-29 17:25:38+03""}","bcetin","yüksek",85,"true","Olay, hassas verilerin kişisel bir e-posta adresine, özellikle bir 'hotmail.com' adresine gönderilmesini içeriyor. 'QUARANTINED' aksiyonu, olayın engellendiğini ancak riski yüksek olduğunu gösteriyor. Verinin 'max_matches' değeri 9 olduğu için email kanalında veri hacmi de riski artırıyor.","Bu olayın detaylı bir incelemesi yapılmalı ve kullanıcı bilgilendirilmelidir. E-posta gönderim politikaları gözden geçirilmeli; gerektiğinde kullanıcı için eğitim verilmelidir.",338493176,"232"
"{""2026-01-29 17:25:37+03""}","ztefon","yüksek",85,"true","Bu olay 'quarantined' olarak işaretlendiği için riskli kabul edilir. Gönderim kanalı email olup, gönderilen adres kurumsal bir alan adı olduğu için risk seviyesi bir miktar düşmektedir. Ancak e-posta kanalında max_matches değeri yüksek olduğundan ve dış adres kullanımı söz konusu olduğundan risk seviyesi yükselmiştir.","Olayın detaylı olarak incelenmesi, gönderilen verinin hassasiyetine yönelik değerlendirme yapılması ve gelecekte benzer olayların önlenmesi için kullanıcıya yönelik eğitim verilmesi önerilir.",338493686,"233"
"{""2026-01-29 17:24:34+03""}","bismail","yüksek",85,"true","Olay, email kanalı üzerinden kişisel bir e-posta adresine (gmail) gönderim yapıldığı için yüksek risk taşımaktadır. Gönderim 'quarantined' olarak işaretlendi ve bu durum kullanıcı davranışında anormallik olabileceğine işaret eder.","Kullanıcının bu tür verileri kişisel e-posta adreslerine göndermesine neden olan faktörlerin incelenmesi ve gerekirse kullanıcıya ek eğitim verilmesini öneriyoruz. Ayrıca, olayın tekrar etmeyeceğinden emin olmak için kullanıcı davranışı izlenmelidir.",338493657,"234"
