"incidentid","statusid","flowstatusid","assignmentgroupid","summarydescription","incidentdescription","impactid","priorityid","categoryid","assignedusercode","opendate","closedate","startdate","solutiondescription","requesttypeid","calltypeid","solutionmethod","username","definitioncategoryid","definitioncategorypath"
1314116,"2","3",5768,"özgün grup mail.","s.a.
ekli mailin alıcıya gönderilmesini talep ederiz.
proje evrakalrı gönderiyoruz.
mailler ektedir.
hayırlı cumalar diliyorum

finans@haksan.com.tr","2","4",18271,"absaglam","2026-02-13 14:12:37.65","2026-02-13 14:13:31.073","2026-02-13 12:28:43.087","Mailiniz 5 dakika içerisinde karşıya iletilecektir. Tekrar göndermenize gerek yoktur.","10","3","Mailiniz 5 dakika içerisinde karşıya iletilecektir. Tekrar göndermenize gerek yoktur.","absaglam",NULL,NULL
1314109,"2","3",5768,"mail iletimi","merhaba kolay gelsin;
firmaya findek üyelik evraklarını mail atamıyoruz veri güvenliği sebebiyle yardımcı olursanız sevinirim

97442186 schmıtz cargobull","2","4",18271,"absaglam","2026-02-13 14:05:15.947","2026-02-13 14:12:31.05","2026-02-13 12:04:46.533","Mailiniz 5 dakika içerisinde karşıya iletilecektir. Tekrar göndermenize gerek yoktur.","10","3","Mailiniz 5 dakika içerisinde karşıya iletilecektir. Tekrar göndermenize gerek yoktur.","absaglam",NULL,NULL
1313974,"2","3",5768,"veri güvenliği","merhaba,

ekteki mail veri güvenliği sebebi ile karşı tarafa iletilememiştir. yardım rica ederiz.","3","4",18271,"absaglam","2026-02-13 12:10:52.433","2026-02-13 12:17:47.963","2026-02-13 09:31:39.253","Mailiniz 5 dakika içerisinde karşıya iletilecektir. Tekrar göndermenize gerek yoktur.","10","3","-Mailiniz 5 dakika içerisinde karşıya iletilecektir. Tekrar göndermenize gerek yoktur.","absaglam",NULL,NULL
1314075,"2","3",5768,"ekstre basımı engelleme","ekstre basımında hassas içerik uyarısı sorunu","2","4",18271,"absaglam","2026-02-13 11:56:43.253","2026-02-13 11:58:16.71","2026-02-13 11:40:39.743","Merhaba,
Aşağıdaki linkte yer alan ""DLP Ajanı Nasıl Güncellenir?"" başlığındaki adımları uyguladıktan sonra işlemi yeniden yapmayı dener misiniz?
https://bilge.kuveytturk.com.tr/genel/24374-dlp-forcepoint-one-endpoint","10","3","Merhaba,
Aşağıdaki linkte yer alan ""DLP Ajanı Nasıl Güncellenir?"" başlığındaki adımları uyguladıktan sonra işlemi yeniden yapmayı dener misiniz?
https://bilge.kuveytturk.com.tr/genel/24374-dlp-forcepoint-one-endpoint","absaglam",NULL,NULL
1314064,"2","3",5768,"mail gönderimi","ekli mail gönderilebilmesi için uygunluğunuzu arz ederim.","2","4",18271,"absaglam","2026-02-13 11:44:26.217","2026-02-13 11:45:48.807","2026-02-13 11:15:13.103","Mailiniz 5 dakika içerisinde karşıya iletilecektir. Tekrar göndermenize gerek yoktur.
","10","3","Mailiniz 5 dakika içerisinde karşıya iletilecektir. Tekrar göndermenize gerek yoktur.
","absaglam",NULL,NULL
1314056,"2","3",5768,"mail gönderimi","merhabalar divitteki mail müşteriye ulaştırmamız gerekmektedir. istisna tanımı hususunda desteklerinizi talep ederiz.","2","4",18271,"absaglam","2026-02-13 11:43:24.42","2026-02-13 11:44:17.963","2026-02-13 11:09:26.657","Mailiniz 5 dakika içerisinde karşıya iletilecektir. Tekrar göndermenize gerek yoktur.
","10","3","Mailiniz 5 dakika içerisinde karşıya iletilecektir. Tekrar göndermenize gerek yoktur.
","absaglam",NULL,NULL
1313719,"2","3",5768,"mail hk.","yetki tanımı","2","4",18271,"absaglam","2026-02-13 11:42:24.453","2026-02-13 11:43:17.497","2026-02-12 13:48:53.597","Mailiniz 5 dakika içerisinde karşıya iletilecektir. Tekrar göndermenize gerek yoktur.
","10","3","Mailiniz 5 dakika içerisinde karşıya iletilecektir. Tekrar göndermenize gerek yoktur.
","absaglam",NULL,NULL
1314038,"2","3",5768,"Stopaj yazısı mail atma hakkında","merhaba,
Şubemizin mülk sahiplerine ekteki stopaj yazılarını göndermemiz gerekiyor ancak veri güvenliğine takılıyor. Mailin gönderilebilmesi hususunda desteklerinizi rica ediyoruz.
İyi çalımalar","2","4",18271,"absaglam","2026-02-13 10:42:37.437","2026-02-13 10:43:22.157","2026-02-13 10:33:39.997","Mailiniz 5 dakika içerisinde karşıya iletilecektir. Tekrar göndermenize gerek yoktur.
","10","3","Mailiniz 5 dakika içerisinde karşıya iletilecektir. Tekrar göndermenize gerek yoktur.
","absaglam",NULL,NULL
1313938,"1","3",5768,"ses dosyası paylaşımı uyarısı","merhaba,
kuveyttürk akademideki online toefl speaking bölümünden sesli sorulara yanıt verdiğimde sürekli olarak ekteki mailde belirtilen güvenlik uyarıları gelmektedir.
sakıncalı bir durum mu vardır. neden bu mailler gelmektedir.
link aşağıdadır:
https://kuveytturkakademitoeflpractice.azurewebsites.net/","3","4",18271,"absaglam","2026-02-13 10:20:19.307",NULL,"2026-02-13 08:42:01.063","Merhaba,
Aşağıdaki linkte yer alan ""DLP Ajanı Nasıl Güncellenir?"" başlığındaki adımları uyguladıktan sonra işlemi yeniden yapmayı dener misiniz?
https://bilge.kuveytturk.com.tr/genel/24374-dlp-forcepoint-one-endpoint","10","3","Merhaba,
Aşağıdaki linkte yer alan ""DLP Ajanı Nasıl Güncellenir?"" başlığındaki adımları uyguladıktan sonra işlemi yeniden yapmayı dener misiniz?
https://bilge.kuveytturk.com.tr/genel/24374-dlp-forcepoint-one-endpoint","absaglam",NULL,NULL
1313988,"2","3",5768,"Yazıcı DLP Uyarısı Hk.","Merhaba,
İş süreçlerimiz ile ilgili olarak çıktı alınması gereken, müşteri verilerini içeren veriler, çıktı olarak alınamamakta ve DLP uyarısına takılmaktadır. Hiç bir şekilde çıktı alamıyoruz.
Daha önce çok nadir olarak bu uyarıyı aldığımız oldu. Ancak iş süreçlerimizin aksaması adına Hukuk ve Takip İşleri Müdürlüğü için çıktı işlemleri bakımından kalıcı istisna tanımı yapılması konusunda yardımlarınızı rica ederiz.
iyi çalışmalar.","2","4",18271,"hatasoy","2026-02-13 10:08:45.73","2026-02-13 14:35:08.07","2026-02-13 09:32:12.343","Aşağıdaki linkte yer alan ""DLP Ajanı Nasıl Güncellenir?"" başlığındaki adımları uyguladıktan sonra işlemi yeniden yapmayı dener misiniz?
https://bilge.kuveytturk.com.tr/genel/24374-dlp-forcepoint-one-endpoint","10","3","Aşağıdaki linkte yer alan ""DLP Ajanı Nasıl Güncellenir?"" başlığındaki adımları uyguladıktan sonra işlemi yeniden yapmayı dener misiniz?
https://bilge.kuveytturk.com.tr/genel/24374-dlp-forcepoint-one-endpoint","hatasoy",NULL,NULL
1314012,"2","3",5768,"mail gönderme engeli","merhaba ekteki mail BMC otomotiv sanayine iletilememektedir. Müşterimiz her makinaya avans mektubu verilmiş olup BMC otomotiv imzacıların imzasını kontrol amacıyla imza sirküleri talep etmiştir. mailin iletilmesi hususunda yardımlarınızı arz ederiz.","2","4",18271,"absaglam","2026-02-13 10:08:37.707","2026-02-13 10:10:21.5","2026-02-13 09:58:19.15"," 
Mailiniz 5 dakika içerisinde karşıya iletilecektir. Tekrar göndermenize gerek yoktur.","10","3"," 
Mailiniz 5 dakika içerisinde karşıya iletilecektir. Tekrar göndermenize gerek yoktur.","absaglam",NULL,NULL
1314007,"2","3",5768,"İstisna talebi hakkında","Günlük olarak Merkez bankasına yapılan manuel ihlal bildirim sürç raporunun mailini atarken aşağıdaki bilgiyi aldık. bu mailler için istisna talebimizin değerlendirilmesini rica ederiz.","2","4",18271,"absaglam","2026-02-13 10:02:27.817","2026-02-13 10:41:51.547","2026-02-13 09:54:19.22"," 
Mailiniz 5 dakika içerisinde karşıya iletilecektir. Tekrar göndermenize gerek yoktur.","10","3"," 
Mailiniz 5 dakika içerisinde karşıya iletilecektir. Tekrar göndermenize gerek yoktur.","absaglam",NULL,NULL
1313989,"2","3",5768,"Mail gönderimi hk.","Merhaba, divitteki maili müşterimize iletirken veri güvenliğinden dolayı gönderim sağlayamadık. Gönderilmesi hususunda desteklerinizi rica eder, hayırlı çalışmalar dilerim.","2","4",18271,"absaglam","2026-02-13 09:45:26.627","2026-02-13 09:49:35.73","2026-02-13 09:41:34.357","Mailiniz 5 dakika içerisinde karşıya iletilecektir. Tekrar göndermenize gerek yoktur.","10","3","Mailiniz 5 dakika içerisinde karşıya iletilecektir. Tekrar göndermenize gerek yoktur.","absaglam",NULL,NULL
1313939,"2","3",5768,"ÇIKTI ALAMAMA - GÜVENLİK ENGELLEME","Merhaba çıktı almak istediğimde ekli hatalar alınmakta dosya ve araştırmalar için gerekli olup yardımlarınızı arz ederimç","2","4",18271,"absaglam","2026-02-13 09:36:29.013","2026-02-13 09:58:55.33","2026-02-13 08:48:13.697","Merhaba,
Aşağıdaki linkte yer alan ""DLP Ajanı Nasıl Güncellenir?"" başlığındaki adımları uyguladıktan sonra işlemi yeniden yapmayı dener misiniz?
https://bilge.kuveytturk.com.tr/genel/24374-dlp-forcepoint-one-endpoint","10","3","Merhaba,
Aşağıdaki linkte yer alan ""DLP Ajanı Nasıl Güncellenir?"" başlığındaki adımları uyguladıktan sonra işlemi yeniden yapmayı dener misiniz?
https://bilge.kuveytturk.com.tr/genel/24374-dlp-forcepoint-one-endpoint","absaglam",NULL,NULL
1313930,"2","3",5768,"Mail atabilme konusunda destek","bilirkişilik başvrusu yapabilmem için chrome olan bir bilgisayr gerekmektedir.  iş bilgisayarımı kullanamıyorum. fakat daha önce gerek kurum içinden gerek kurum dışından elde ettiğim başvuru belgelerimi başka mail adresine gönderebilme hususunda desteklerinizi rica ederim.","3","4",18271,"absaglam","2026-02-13 09:18:19.097","2026-02-13 11:49:12","2026-02-13 08:25:35.183","Mailiniz 5 dakika içerisinde karşıya iletilecektir. Tekrar göndermenize gerek yoktur.
","10","3","Mailiniz 5 dakika içerisinde karşıya iletilecektir. Tekrar göndermenize gerek yoktur.
","absaglam",NULL,NULL
1313846,"2","3",5768,"ekstre talep hakkında","istisna tanımlanması rica olunur.


Sayın Hasan Tilbeç / Kuveyt Türk - Güneşli Ticari Şubesi,

Bu içerikte bulunan özel nitelikli kişisel verileri 2026-02-12 17:06:41 tarihinde sedat@dofrobotics.com, faruk@dofrobotics.com, accounting1@dofrobotics.com, accounting@dofrobotics.com adresine göndermek istediniz. Bilgi güvenliği politikaları gereğince bu işlem engellenmiştir. Özel nitelikli kişisel verilerin hangi içerikleri barındırdığına dair bilgilere aşağıdaki linkte yer alan ""Özel Nitelikli Kişisel Veriler Nelerdir?"" başlığı altından erişim sağlayabilirsiniz. Linkteki bilgiler ile göndermek istediğiniz içerikteki bilgilere denk gelen kısımları akıştan çıkararak veri gönderimini gerçekleştirebilirsiniz.

Link: https://bilge.kuveytturk.com.tr/genel/24799-kvkr
Bu verileri akıştan çıkarmadaniş kapsamı ihtiyacından dolayı gönderilmesi gerekliyse BT Mercek Talep – Çağrı Oluştur ekranından “Yetki ve Erişim Talepleri > Veri Koruma Sistemi İstisna Tanımlama” kategorisinden çağrı oluşturabilirsiniz.

Kuveyt Türk Veri Güvenliği Ekibi","2","4",18271,"absaglam","2026-02-13 08:16:43.383","2026-02-13 09:34:58.683","2026-02-12 17:09:47.43","Mailiniz 5 dakika içerisinde karşıya iletilecektir. Tekrar göndermenize gerek yoktur.","10","3","Mailiniz 5 dakika içerisinde karşıya iletilecektir. Tekrar göndermenize gerek yoktur.","absaglam",NULL,NULL
1313841,"2","3",5768,"hesap ekstresi hk","merhabalar 98081632 numaralı hesaba bağlı mobil şubeye müşterimiz giriş yapamamaktadır. kayıtlı mail adresine hesap ektreleri iletilecektir. istisna için yardımlarınızı rica ederiz.","2","4",18271,"absaglam","2026-02-13 08:13:53.743","2026-02-13 09:36:12.287","2026-02-12 16:54:40.37","Mailiniz 5 dakika içerisinde karşıya iletilecektir. Tekrar göndermenize gerek yoktur.","10","3","Mailiniz 5 dakika içerisinde karşıya iletilecektir. Tekrar göndermenize gerek yoktur.","absaglam",NULL,NULL
1313667,"2","3",5768,"mail gönderme hayatı","merhaba

ekteki mail BMC otomotiv sanayine iletilememektedir. Müşterimiz her makinaya avans mektubu verilmiş olup BMC otomotiv imzacıların imzasını kontrol amacıyla imza sirküleri talep etmiştir. mailin iletilmesi hususunda yardımlarınızı arz ederiz.","3","4",21474,"absaglam","2026-02-12 17:29:40.363","2026-02-13 08:21:02.763","2026-02-12 11:30:59.48","Mercek talepleri iş ihtiyacının sahibi(maili gönderen , çıktı almak isteyen vb.) kendisinin açması gerekmektedir. Kendisi açtığında yardımcı olalım.","10","3","Mercek talepleri iş ihtiyacının sahibi(maili gönderen , çıktı almak isteyen vb.) kendisinin açması gerekmektedir. Kendisi açtığında yardımcı olalım.","absaglam",NULL,NULL
1313815,"2","3",5768,"İstisna Rica Ederiz","Merhaba;
Ekli mail gonderimi  gönderemiyorum, istisna konusnda değerli destekleirnizi rica ederiz


Sayın Erdoğan Azim / Kuveyt Türk - İmes Şubesi,

TCKN, IBAN veya Kart verisi maskeleme yöntemi kullanılmadan 2026-02-12 15:59:36 tarihinde muhasebe@cliopack.com adresine göndermek istediniz. Bilgi güvenliği politikaları gereğince bu işlem engellenmiştir. Bu müşteri verileri akıştan çıkartılarak veya IBAN verisi için ilk ve son 4 rakamı hariç (TR11XXXXXXXXXXXXXXXXXX1111) diğer rakamlarda maskeleme yöntemini, TCKN verisi için ilk ve son 2 rakamı hariç (11XXXXXXX11) diğer rakamlarda maskeleme yöntemini, kart verisi için ise ilk 6 ve son 4 rakamı hariç (1111 11XX XXXX 1111) diğer rakamlarda maskeleme yöntemi kullanılarak gönderim işlemini gerçekleştirebilirsiniz.

Müşteriye ait bu verileri maskelemeden iş kapsamı ihtiyacından dolayı gönderilmesi gerekliyse BT Mercek Talep – Çağrı Oluştur ekranından “Yetki ve Erişim Talepleri > Veri Koruma Sistemi İstisna Tanımlama” kategorisinden çağrı oluşturabilirsiniz.

Kuveyt Türk Veri Güvenliği Ekibi","2","4",18271,"absaglam","2026-02-12 16:54:49.887","2026-02-12 16:56:20.777","2026-02-12 16:03:58.347","Mailiniz 5 dakika içerisinde karşıya iletilecektir. Tekrar göndermenize gerek yoktur.
","10","3","Mailiniz 5 dakika içerisinde karşıya iletilecektir. Tekrar göndermenize gerek yoktur.
","absaglam",NULL,NULL
1313786,"2","3",5768,"tazmin@ihracatigelistirme.com.tr  devlet kurumuna iletilmesi gereken evraklar için istisna tanımlama hk","Merhaba,
tazmin@ihracatigelistirme.com.tr  adresine email ile belgeleri iletmemiz gerekmektedir. İstisna tanımı için desteğinizi rica ederiz.","2","4",18271,"absaglam","2026-02-12 16:07:52.233","2026-02-12 16:08:35.553","2026-02-12 15:36:18.683","Mailiniz 5 dakika içerisinde karşıya iletilecektir. Tekrar göndermenize gerek yoktur.
","10","3","Mailiniz 5 dakika içerisinde karşıya iletilecektir. Tekrar göndermenize gerek yoktur.
","absaglam",NULL,NULL
1313793,"2","3",5768,"mail atmam gerekli gitmiyor tanımalma yapabilirmsiniz.","Sayın Aytekin Karacan / Kuveyt Türk - Antalya Ticari Şubesi,

Finans ve müşteri verilerini maskeleme yöntemi kullanılmadan 2026-02-12 15:40:50 tarihinde muhasebe@perakurumsal.com.tr adresine göndermek istediniz. Bilgi güvenliği politikaları gereğince bu işlem engellenmiştir. Bu verileri akıştan çıkararak veya aşağıda belirtilen maskeleme yöntemini akışta bulunan veriler için uygulayarak veri gönderimi yapabilirsiniz.
• IBAN verisi için ilk ve son 4 rakam hariç olmak üzere TR11XXXXXXXXXXXXXXXXXX1111) diğer rakamları maskeleyiniz.
• TCKN verisi için ilk ve son 2 rakam hariç olmak üzere (11XXXXXXX11) diğer rakamları maskeleyiniz.
• Kart verisi için ise ilk 6 ve son 4 rakam hariç olmak üzere (1111 11XX XXXX 1111) diğer rakamları maskeleyiniz.
Bu verileri maskelemeden iş kapsamı ihtiyacından dolayı gönderilmesi gerekliyse BT Mercek Talep – Çağrı Oluştur ekranından “Yetki ve Erişim Talepleri > Veri Koruma Sistemi İstisna Tanımlama” kategorisinden çağrı oluşturabilirsiniz.

Kuveyt Türk Veri Güvenliği Ekibi","2","4",18271,"absaglam","2026-02-12 16:05:17.327","2026-02-12 16:07:43.023","2026-02-12 15:43:03.293","Mailiniz 5 dakika içerisinde karşıya iletilecektir. Tekrar göndermenize gerek yoktur.
","10","3","Mailiniz 5 dakika içerisinde karşıya iletilecektir. Tekrar göndermenize gerek yoktur.
","absaglam",NULL,NULL
1313739,"2","3",5768,"97445584","Merhaba 97445584 hesap numaralı müşteri dekont kaşe+ imzalı mail iletiyoruz ama aşağıda yer alan hatayı veriyor karşıya mail ulaşmamaktadır. Kouile ilgili desteklerinizi riza ederiz.","2","4",18271,"absaglam","2026-02-12 14:52:58.073","2026-02-12 14:53:41.673","2026-02-12 14:11:26.66","Mailiniz 5 dakika içerisinde karşıya iletilecektir. Tekrar göndermenize gerek yoktur.
","10","3","Mailiniz 5 dakika içerisinde karşıya iletilecektir. Tekrar göndermenize gerek yoktur.
","absaglam",NULL,NULL
1313756,"2","3",5768,"maile veri koruma istisnası rica ederiz.","elcin.oflaz@konfor.com.tr mail adresine gönderdiğim ekte görüntüsü olan maile veri koruma istisnası rica ederiz.","2","4",18271,"absaglam","2026-02-12 14:50:31.137","2026-02-12 14:51:15.34","2026-02-12 14:39:31.033","Mailiniz 5 dakika içerisinde karşıya iletilecektir. Tekrar göndermenize gerek yoktur.
","10","3","Mailiniz 5 dakika içerisinde karşıya iletilecektir. Tekrar göndermenize gerek yoktur.
","absaglam",NULL,NULL
1308997,"14",NULL,5768,"İstisna talebi hk.","Merhaba, 

İş gereksinimi kapsamında hesap numarası paylaşılmıştır.","2","4",18271,"hatasoy","2026-01-30 11:17:04.01","2026-01-30 11:18:17.327","2026-01-30 11:08:01.54","Mailiniz 5 dakika içerisinde karşıya iletilecektir. Tekrar göndermenize gerek yoktur.","10","3","Mailiniz 5 dakika içerisinde karşıya iletilecektir. Tekrar göndermenize gerek yoktur.","hatasoy",NULL,NULL
1313748,"2","3",5768,"mail istisnası","Merhaba, müşterimiz sağlık sigorta poliçe görüntülerini talep etmektedir. (halil.aykut@salkimorman.com.tr-serhat.gulpinar@salkimorman.com.tr-sahin.koroglu@salkimorman.com.tr) istisna tanımlaması için yardımlarınızı rica ederiz.","2","4",18271,"absaglam","2026-02-12 14:33:37.647","2026-02-12 14:34:23.29","2026-02-12 14:22:52.82","Mailiniz 5 dakika içerisinde karşıya iletilecektir. Tekrar göndermenize gerek yoktur.
","10","3","Mailiniz 5 dakika içerisinde karşıya iletilecektir. Tekrar göndermenize gerek yoktur.
","absaglam",NULL,NULL
1313733,"2","3",5768,"Veri koruma istisnası hk.","elcin.oflaz@konfor.com.tr mail adresine gönderdiğim leasing dekontları maili veri korumaya takıldı. istisna tanımlanmasını rica ederim. mail veri koruma uyarısı ektedir.","2","4",18271,"absaglam","2026-02-12 14:13:22.653","2026-02-12 14:14:03.587","2026-02-12 14:07:49.697","Mailiniz 5 dakika içerisinde karşıya iletilecektir. Tekrar göndermenize gerek yoktur.","10","3","Mailiniz 5 dakika içerisinde karşıya iletilecektir. Tekrar göndermenize gerek yoktur.","absaglam",NULL,NULL
1313685,"2","3",5768,"istisna hakk","ek'teki adreslere mutabakat metnini mail atamıyorum yardımcı olurmusunuz?
Ahmet Candan <ahmet.candan@ozpet.com.tr>; denetim@centrumturkey.com; kameri.yurdakul@centrumturkey.com'Uğur Değirmendere' <finans@ozpet.com.tr>","2","4",18271,"absaglam","2026-02-12 14:12:31.813","2026-02-12 14:13:10.723","2026-02-12 12:07:15.717","Mailiniz 5 dakika içerisinde karşıya iletilecektir. Tekrar göndermenize gerek yoktur.","10","3","Mailiniz 5 dakika içerisinde karşıya iletilecektir. Tekrar göndermenize gerek yoktur.","absaglam",NULL,NULL
1313695,"2","3",5768,"Müşteriye poliçe gönderimi istisna tanımlama","95022669 nolu müşterinin katılım emeklilik poliçesinin iletimi için istisna tanımlaması hususunda yardımlarınızı bekleriz.","2","4",18271,"absaglam","2026-02-12 14:09:56.297","2026-02-12 14:12:24.063","2026-02-12 12:25:49.987","Mailiniz 5 dakika içerisinde karşıya iletilecektir. Tekrar göndermenize gerek yoktur.","10","3","Mailiniz 5 dakika içerisinde karşıya iletilecektir. Tekrar göndermenize gerek yoktur.","absaglam",NULL,NULL
1313696,"2","3",5768,"yetki tanımlama","merhaba,
ekteki mail veriye takılmış olup müşteri tmsf ye devrolmuş olup kayyuma mail gönderilmesi gerekmektedir. istisna tanımlama için yardımlarınızı bekleriz. meltemn@tmsf.org.tr, 

finans@assangroup.com.tr","2","4",18271,"absaglam","2026-02-12 14:06:33.74","2026-02-12 14:33:27.323","2026-02-12 12:24:10.883","Mailiniz 5 dakika içerisinde karşıya iletilecektir. Tekrar göndermenize gerek yoktur.","10","3","Mailiniz 5 dakika içerisinde karşıya iletilecektir. Tekrar göndermenize gerek yoktur.","absaglam",NULL,NULL
1313705,"2","3",5768,"mail gönderme hk.","merhaba,

Proforma teyidi için müşavirlik firmasına mail atmaktayım ekte proforma olduğu için hata almaktayım.


Konu husuusnda yardımcı olabilir misiniz ?","2","4",18271,"absaglam","2026-02-12 14:05:39.367","2026-02-12 14:06:28.007","2026-02-12 12:56:14.47","Mailiniz 5 dakika içerisinde karşıya iletilecektir. Tekrar göndermenize gerek yoktur.","10","3","Mailiniz 5 dakika içerisinde karşıya iletilecektir. Tekrar göndermenize gerek yoktur.","absaglam",NULL,NULL
1313707,"2","3",5768,"İSTİSNA","Merhaba,
713369 müşteri nolu müşterimiz hesap ekstresini pdf formatında wp iletmemi istemektedir.
İşinden dolayı şubeye gelip teslim alamamaktadır.
İstisna tanımlama hususunda yardımlarınızı rica ederim.","2","4",21474,"absaglam","2026-02-12 14:04:06.767","2026-02-12 14:20:41.457","2026-02-12 13:00:18.473","Talebiniz uygun görülmemiştir. İstisna durumları hariç hesap ektreleri bilgi güvenliği politikaları gereği sadece BOA üzerinden gönderilmesi gerekmektedir","10","3","Talebiniz uygun görülmemiştir. İstisna durumları hariç hesap ektreleri bilgi güvenliği politikaları gereği sadece BOA üzerinden gönderilmesi gerekmektedir","absaglam",NULL,NULL
1313714,"2","3",5768,"Mail gönderilmesi","Merhaba , 

Mail araç bayisine kredi onay yazısıdır. 

İvedi onay verilmesini rica arz ederiz.","2","4",18271,"hatasoy","2026-02-12 13:58:56.587","2026-02-12 14:02:07.167","2026-02-12 13:38:02.46","Mailiniz 5 dakika içerisinde karşıya iletilecektir. Tekrar göndermenize gerek yoktur.
","10","3","Mailiniz 5 dakika içerisinde karşıya iletilecektir. Tekrar göndermenize gerek yoktur.
","hatasoy",NULL,NULL
1313556,"2","3",5768,"Veri koruma sistemi hk.","Merhaba ,

Kuruma gelen resmi yazıları çıktı alıp Dava Danışma ekibine iletmem gerekiyor ancak çıktı alma konusunda problem yaşıyorum. Gerekli güncellemenin yapılması için yardımlarınızı rica ederim.","3","4",18271,"absaglam","2026-02-12 12:01:05.09","2026-02-12 12:04:55.27","2026-02-12 09:13:27.44","Merhaba,
Aşağıdaki linkte yer alan ""DLP Ajanı Nasıl Güncellenir?"" başlığındaki adımları uyguladıktan sonra işlemi yeniden yapmayı dener misiniz?
https://bilge.kuveytturk.com.tr/genel/24374-dlp-forcepoint-one-endpoint","10","3","Merhaba,
Aşağıdaki linkte yer alan ""DLP Ajanı Nasıl Güncellenir?"" başlığındaki adımları uyguladıktan sonra işlemi yeniden yapmayı dener misiniz?
https://bilge.kuveytturk.com.tr/genel/24374-dlp-forcepoint-one-endpoint","absaglam",NULL,NULL
1313640,"2","3",5768,"Mutabakat taleplerine cevap","BOSNA BANK INTERNATIONAL DD  - SARAJEVO Tarafına ve Bağımsız denetim ekiplerinin taleplerine istinaden dekont ve ekran görüntüleri paylaşılmaktadır. Veri Hassasiyeti talep etmekteyiz. İvedi gönderilmesi gereken bir belge olduğundan desteklerinizi rica ediyoruz.","2","4",18271,"absaglam","2026-02-12 11:53:40.767","2026-02-12 14:18:44.24","2026-02-12 10:58:06.823","Mailiniz 5 dakika içerisinde karşıya iletilecektir. Tekrar göndermenize gerek yoktur.","10","3","Mailiniz 5 dakika içerisinde karşıya iletilecektir. Tekrar göndermenize gerek yoktur.","absaglam",NULL,NULL
1313665,"2","3",5768,"splgecici klasörüne kopyalama - ivedi talep","Merhabalar,

Masak denetçisi için gereken dosyaları kopyalarken divitte de görebileceğiniz ""Veri Tabanı Dosya Gönderimi - Güvenlik Bilgilendirmesi"" engeline takılıyor. Bu ve benzeri geçici klasörüne kopyalama engelleri için ivedi olarak bana ve diğer Uyum güvence ve İş Geliştirme servisi çalışanlarına istisna tanımlaması gerekmektedir.  Denetçi beklediği için konu aciliyet teşkil etmektedir. 
Desteklerinizi bekleriz.","2","4",18271,"absaglam","2026-02-12 11:49:04.49","2026-02-12 11:52:42.4","2026-02-12 11:27:55.867","Merhaba,
Aşağıdaki linkte yer alan ""DLP Ajanı Nasıl Güncellenir?"" başlığındaki adımları uyguladıktan sonra işlemi yeniden yapmayı dener misiniz?
https://bilge.kuveytturk.com.tr/genel/24374-dlp-forcepoint-one-endpoint","10","3","Merhaba,
Aşağıdaki linkte yer alan ""DLP Ajanı Nasıl Güncellenir?"" başlığındaki adımları uyguladıktan sonra işlemi yeniden yapmayı dener misiniz?
https://bilge.kuveytturk.com.tr/genel/24374-dlp-forcepoint-one-endpoint","absaglam",NULL,NULL
1313594,"2","3",5768,"Avukatlara gönderilen maillerin sisteme takılması hk.","Merhaba, Servisimiz iş süreçleri gereği sürekli olarak anlaşmalı avukatlarımız(sözleşmeli hukuk büroları) ile mailleşmeler yapmaktadır. Atılan maillerde sözleşmeler, protokoller ve evraklar ekte bulunmaktadır. Ancak son dönemde avukatlarımıza mail göndermek istediğimizde sürekli olarak hata almaktayız veya politika ihlal edildi şeklinde mailler gelmektedir. İşlemlerimiz aksamaktadır, konuyla alakalı olarak ivedi yardımcı olabilir misiniz? Teşekkürler.
Avukatla imzalanan sözleşmeler divittedir.","2","4",18271,"absaglam","2026-02-12 10:55:13.813","2026-02-12 10:56:14.337","2026-02-12 09:57:50.933","Mailiniz 5 dakika içerisinde karşıya iletilecektir. Tekrar göndermenize gerek yoktur.
","10","3","Mailiniz 5 dakika içerisinde karşıya iletilecektir. Tekrar göndermenize gerek yoktur.
","absaglam",NULL,NULL
1311839,"14",NULL,5768,"firmaya anlaşma için sözleşme gönderilecektir","Merhabalar ;

firmaya sözleşme için mail gönderilecektir","2","4",18271,"absaglam","2026-02-06 16:50:49.95","2026-02-06 16:51:45.237","2026-02-06 16:46:35.577","Mailiniz 5 dakika içerisinde karşıya iletilecektir. Tekrar göndermenize gerek yoktur.","10","3","Mailiniz 5 dakika içerisinde karşıya iletilecektir. Tekrar göndermenize gerek yoktur.","absaglam",NULL,NULL
1313610,"2","3",5768,"gün içinde gönderilmesi gereken excel dosyası mevcuttur","gün içinde gönderilmesi gereken excel dosyası mevcuttur. Taekwondo sporuyla ilgilenen çocuklarımın tc kulüp lisans ve diğer bilgilerini içeren 2 satırlık excel dosyasını kendime mail atmam gerekmektedir. ekte excel dosyası bulunmaktadır. gokhanyuncu@windowslive.com 
mail adresine gönderimi yapılacaktır. Desteklerinizi rica ederim.","2","4",18271,"absaglam","2026-02-12 10:52:39.537","2026-02-12 10:52:50.61","2026-02-12 10:17:32.437","Mailiniz 5 dakika içerisinde karşıya iletilecektir. Tekrar göndermenize gerek yoktur.","10","3","Mailiniz 5 dakika içerisinde karşıya iletilecektir. Tekrar göndermenize gerek yoktur.","absaglam",NULL,NULL
1313545,"2","3",5768,"FİŞ LİSTESİ YAZDIRMA HATASI HK.","Merhaba,
DLP hassas veri uyarısı nedeniyle kullanıcı fiş listesi yazdırılamamaktadır.
Konu hususunda değerli desteklerinizi bilgilerinize arz ederim.
İyi çalışmalar.","2","4",18271,"absaglam","2026-02-12 10:44:16.827","2026-02-12 10:54:57.017","2026-02-12 08:57:49.53","Merhaba,
Aşağıdaki linkte yer alan ""DLP Ajanı Nasıl Güncellenir?"" başlığındaki adımları uyguladıktan sonra işlemi yeniden yapmayı dener misiniz?
https://bilge.kuveytturk.com.tr/genel/24374-dlp-forcepoint-one-endpoint","10","3","Merhaba,
Aşağıdaki linkte yer alan ""DLP Ajanı Nasıl Güncellenir?"" başlığındaki adımları uyguladıktan sonra işlemi yeniden yapmayı dener misiniz?
https://bilge.kuveytturk.com.tr/genel/24374-dlp-forcepoint-one-endpoint","absaglam",NULL,NULL
1313620,"2","3",5768,"Poliçe Gönderimi Hk.","Merhaba, müşterimize poliçesini e-posta ile gönderdik. Leasing konu bir poliçe olduğu için faturasını da gönderdik. Veri güvenlik duvarına takıldı. Serbest bırakabilir misiniz? E-postalar ektedir.","2","4",18271,"absaglam","2026-02-12 10:35:34.37","2026-02-12 10:36:29.49","2026-02-12 10:33:35.357","Mailiniz 5 dakika içerisinde karşıya iletilecektir. Tekrar göndermenize gerek yoktur.","10","3","Mailiniz 5 dakika içerisinde karşıya iletilecektir. Tekrar göndermenize gerek yoktur.","absaglam",NULL,NULL
1313613,"2","3",5768,"Mail gönderimi hk.","Merhabalar,

Arşiv gönderimi yapacağımızdan eksik evraklara müşteri tarafından kaşe imza yapılacaktır.Veri güvenliğine takıldığından istisna tanımlanması hususunda yardımlarınızı rica ederim. Mail görüntüsü ektedir.

İyi Çalışmalar","2","4",18271,"absaglam","2026-02-12 10:29:44.25","2026-02-12 10:31:02.677","2026-02-12 10:20:42.883","Mailiniz 5 dakika içerisinde karşıya iletilecektir. Tekrar göndermenize gerek yoktur.","10","3","Mailiniz 5 dakika içerisinde karşıya iletilecektir. Tekrar göndermenize gerek yoktur.","absaglam",NULL,NULL
1313585,"5","3",5768,"Airapi Veri Talebi","Merhaba Muhammed Ali Bey,

Airapi fintech veritabanından 2025 yılında aşağıda belirtilen client üzerinden login olan müşteri bilgileriner ihtiyacımız vardır. Yardımcı olabilir miisni?

SELECT ""User"" FROM public.""BankLoginSessions""
where ""ClientId"" like '%ed8cf78f-3a05-4c79-bf33-d1c8de28e342%' and ""CreatedAt"" >= '2025-01-01' and ""CreatedAt"" <= '2025-12-31'","2","4",21474,"scakici","2026-02-12 09:50:29.86",NULL,"2026-02-12 09:40:46.477","Merhaba, 

İş ihtiyacını iletir misiniz ?","10","3","Merhaba, 

İş ihtiyacını iletir misiniz ?","scakici",NULL,NULL
1313529,"2","3",5768,"mine erdem mailleri","merhaba,

dava danışma tarafından hazırlanan protokolü mine erdemin kontrol etmesi için maile eklenmiştir. mailin iletilmesini rica ederiz.","2","4",18271,"absaglam","2026-02-12 09:08:55.15","2026-02-12 09:13:11.147","2026-02-12 08:42:24.88","Mailiniz 5 dakika içerisinde karşıya iletilecektir. Tekrar göndermenize gerek yoktur.","10","3","Mailiniz 5 dakika içerisinde karşıya iletilecektir. Tekrar göndermenize gerek yoktur.","absaglam",NULL,NULL
1313452,"2","3",5768,"Çınaraltı ve Gökhan Alet salash burger maaş listesi paylaşımı","Çınaraltı ve Gökhan Alet salash burger maaş listesi paylaşımı kayıtlı maile gönderilmiş olup serbest bırakılması için desteklerinizi arz ederz.Maaş anlaşması yapılmıştır.","2","4",18271,"absaglam","2026-02-12 09:07:39.987","2026-02-12 09:08:42.477","2026-02-11 17:08:43.233","Mailiniz 5 dakika içerisinde karşıya iletilecektir. Tekrar göndermenize gerek yoktur.","10","3","Mailiniz 5 dakika içerisinde karşıya iletilecektir. Tekrar göndermenize gerek yoktur.","absaglam",NULL,NULL
1313449,"2","3",5768,"MAİL GÖNDERİMİ HKK.","S.A Hayırlı Çalışmalar ,

'muhasebe@celikelektrikantalya.com'; 'sbozcalivglobal@gmail.com' ilğili mail adreslerine gönderilen mailin serbest bırakılması ve müşterimize ulaştırılması gereklidir. İlğili işlemde müşterimiz aktif olarak mobil şube kullanmamaktadır. Müşterimize ek numaralar açılmış iban bilgileri paylaşılmış ayrıca sistemden güncellenmesi gereken evraklar paylaşılmıştır. İlğili ek numaralara para yatacagından hesap karışıklılıgı olmaması için ek numara açılmıştır
konu hususunda değerli yardımlarınızı arz ederim.","2","4",18271,"absaglam","2026-02-12 09:05:57.98","2026-02-12 10:05:10.95","2026-02-11 17:03:29.157","Mailiniz 5 dakika içerisinde karşıya iletilecektir. Tekrar göndermenize gerek yoktur.","10","3","Mailiniz 5 dakika içerisinde karşıya iletilecektir. Tekrar göndermenize gerek yoktur.","absaglam",NULL,NULL
1313445,"2","3",5768,"Mail gönderimi hk.","Merhaba, divitteki mailimiz veri güvenliğine takılıp karşı tarafa ulaşmamıştır. Gönderim hususunda değerli desteklerinizi rica eder, hayırlı çalışmalar dilerim.","2","4",18271,"absaglam","2026-02-12 09:04:13.127","2026-02-12 09:05:46.303","2026-02-11 16:56:04.753","Mailiniz 5 dakika içerisinde karşıya iletilecektir. Tekrar göndermenize gerek yoktur.","10","3","Mailiniz 5 dakika içerisinde karşıya iletilecektir. Tekrar göndermenize gerek yoktur.","absaglam",NULL,NULL
1313426,"2","3",5768,"PROJE EVRAKLARI MÜŞTERİYE GİTMEMEKTEDİR.","Merhabalar,

Müşteriye göndermemiz gerekn proje evrakları hassas veriye takılmaktadır. Konu hakkında yardımlarınızı talep ederiz.","2","4",18271,"absaglam","2026-02-12 09:02:40.477","2026-02-12 09:04:05.503","2026-02-11 16:30:08.893","Mailiniz 5 dakika içerisinde karşıya iletilecektir. Tekrar göndermenize gerek yoktur.","10","3","Mailiniz 5 dakika içerisinde karşıya iletilecektir. Tekrar göndermenize gerek yoktur.","absaglam",NULL,NULL
1313428,"14",NULL,5768,"İletilmeyen Mail Hk.","Merhaba,

Ekte iletmiş olduğum satış ve faturanın ekteki mail silsilesine iletilmesini rica ederim.

İyi çalışmalar.","2","4",18271,"absaglam","2026-02-11 16:42:39.72","2026-02-11 16:44:02.71","2026-02-11 16:36:05.22","Mailiniz 5 dakika içerisinde karşıya iletilecektir. Tekrar göndermenize gerek yoktur","10","3","Mailiniz 5 dakika içerisinde karşıya iletilecektir. Tekrar göndermenize gerek yoktur","absaglam",NULL,NULL
1313326,"14",NULL,5768,"Veri Koruma Sistemi İstisna Tanımlama","Merhabalar,

RE: <Secure>KYC CFI- 281824 KUWAIT TURKISH PARTICIPATION CRM:CAS-27978862-B8M6L başlıklı mailimiz veri güvenliğine takılmıştır, söz konusu içerik uyum kapsamında muhabirimizle paylaşılan bilgiler olup istisna tanımlanmasını rica ederiz.","2","4",18271,"absaglam","2026-02-11 16:40:19.523","2026-02-11 16:41:39.423","2026-02-11 13:57:56.023","Mailiniz 5 dakika içerisinde karşıya iletilecektir. Tekrar göndermenize gerek yoktur","10","3","Mailiniz 5 dakika içerisinde karşıya iletilecektir. Tekrar göndermenize gerek yoktur","absaglam",NULL,NULL
1313025,"5","3",5768,"Pyhton PdfReader ve PyMuPDF kütüphanelerine erişim hakkında","Merhaba,
PDF verilerinden extract yaparak birimimize resmi kurumlardan gelen Bültenler hakkında çalışma yapmak istiyoruz,
Yapılacak çalışmada kullanmak için Pyhton da yer alan PdfReader ve PyMuPDF kütüphanelerine erişim verilmesini rica ederim,
iyi çalışmalar.","2","4",NULL,"scakici","2026-02-11 16:30:58.663",NULL,"2026-02-11 09:03:33.8","","10","3","","scakici",NULL,NULL
1313220,"2","3",5768,"mail atamama hk","merhaba,
müşterimize proje yapılmış olup satıcı bayiye dekont ve proforma fatura atılırken hata alınmaktadır.  mailin serbest bırakılmasını rica ederiz.","2","4",18271,"absaglam","2026-02-11 16:24:39.027","2026-02-12 09:02:21.387","2026-02-11 10:42:41.503","Mailiniz 5 dakika içerisinde karşıya iletilecektir. Tekrar göndermenize gerek yoktur.","10","3","Mailiniz 5 dakika içerisinde karşıya iletilecektir. Tekrar göndermenize gerek yoktur.","absaglam",NULL,NULL
1313414,"14",NULL,5768,"İSTANBUL ALTIN BORSASINA YETKİLİ BİLDİRİMİ","Merhaba,
Şubelerimizin altına ihtiyacı oluyor
Sistemden Grup Alım talep girişi yapıyorlar
İstanbul Altın Borsasından Altın çekimi için talimat hazırlanması gerekiyor
Talimatı hazırlamak için belge talep ediyor İSTANBUL ALTIN BORSASINA maili bu nedenle gönderdik.","2","4",18271,"absaglam","2026-02-11 16:23:32.893","2026-02-11 16:24:29.31","2026-02-11 16:17:38.62","Mailiniz 5 dakika içerisinde karşıya iletilecektir. Tekrar göndermenize gerek yoktur","10","3","Mailiniz 5 dakika içerisinde karşıya iletilecektir. Tekrar göndermenize gerek yoktur","absaglam",NULL,NULL
1313221,"14",NULL,5768,"mail yetkisi","merhaba,
ekli mailimin müşteriye gönderilmesi için tanımlama yapılmasını rica ederim. proje kapamaları ile ilgili bir mail oldugundan iletilmesi önemlidir","2","4",18271,"absaglam","2026-02-11 16:21:34.683","2026-02-11 16:22:58.257","2026-02-11 10:43:41.59","Mailiniz 5 dakika içerisinde karşıya iletilecektir. Tekrar göndermenize gerek yoktur","10","3","Mailiniz 5 dakika içerisinde karşıya iletilecektir. Tekrar göndermenize gerek yoktur","absaglam",NULL,NULL
1313355,"14",NULL,5768,"Hesap ekstrelerini yazıcıya gönderilememesi hakkında","Merhaba, müşterilere hesap ekstresi verirken veri koruma sistemi çalıştığı için ekstreleri yazdıramıyorum yetki verilmesini
Rica ederim.","2","4",18271,"absaglam","2026-02-11 16:19:02.067","2026-02-11 16:21:24.31","2026-02-11 14:42:26.613","Merhaba,
Aşağıdaki linkte yer alan ""DLP Ajanı Nasıl Güncellenir?"" başlığındaki adımları uyguladıktan sonra işlemi yeniden yapmayı dener misiniz?
https://bilge.kuveytturk.com.tr/genel/24374-dlp-forcepoint-one-endpoint","10","3","Merhaba,
Aşağıdaki linkte yer alan ""DLP Ajanı Nasıl Güncellenir?"" başlığındaki adımları uyguladıktan sonra işlemi yeniden yapmayı dener misiniz?
https://bilge.kuveytturk.com.tr/genel/24374-dlp-forcepoint-one-endpoint","absaglam",NULL,NULL
1313361,"14",NULL,5768,"Veri Güvenliği İstisna Tanımlama","Merhabalar, 

Sürekli olarak şube değişikliği yapmam gerektiğinden divitteki uyarı ile karşılaşıyorum. Konu hakkında yardım talep ederiz.
 
İyi çalışmalar.","2","4",18271,"absaglam","2026-02-11 16:16:51.517","2026-02-11 16:18:55.59","2026-02-11 14:50:15.34","Merhaba,
Aşağıdaki linkte yer alan ""DLP Ajanı Nasıl Güncellenir?"" başlığındaki adımları uyguladıktan sonra işlemi yeniden yapmayı dener misiniz?
https://bilge.kuveytturk.com.tr/genel/24374-dlp-forcepoint-one-endpoint","10","3","Merhaba,
Aşağıdaki linkte yer alan ""DLP Ajanı Nasıl Güncellenir?"" başlığındaki adımları uyguladıktan sonra işlemi yeniden yapmayı dener misiniz?
https://bilge.kuveytturk.com.tr/genel/24374-dlp-forcepoint-one-endpoint","absaglam",NULL,NULL
1313365,"14",NULL,5768,"Hassas Veri Gitmeyen Mail","Merhaba,
 
Müşterimizin talebi doğrultusunda istenen belgeler hassas veri sebebiyle iletilememiştir. Müşteriye ait bu verilerin iş kapsamı ihtiyacı dolayısıyla gönderilmesi gerekli olduğundan istisna tanımlanması hususunda desteklerinizi rica ederim.","2","4",18271,"absaglam","2026-02-11 16:15:43.69","2026-02-11 16:16:45.24","2026-02-11 15:03:35.457","Mailiniz 5 dakika içerisinde karşıya iletilecektir. Tekrar göndermenize gerek yoktur.","10","3","Mailiniz 5 dakika içerisinde karşıya iletilecektir. Tekrar göndermenize gerek yoktur.","absaglam",NULL,NULL
1313399,"14",NULL,5768,"Mail veri koruma hk","merhabalar,

klima için dış firmaya ATM listesini göndermek istememe rağmen gitmemektedir.

desteklerinizi rica edeirz.","2","4",18271,"absaglam","2026-02-11 16:13:21.217","2026-02-11 16:15:35.083","2026-02-11 16:03:36.987","Mailiniz 5 dakika içerisinde karşıya iletilecektir. Tekrar göndermenize gerek yoktur.","10","3","Mailiniz 5 dakika içerisinde karşıya iletilecektir. Tekrar göndermenize gerek yoktur.","absaglam",NULL,NULL
1312170,"14",NULL,5768,"Mail Gönderme","Merhaba,

ekteki maili müşterimize göndermek istiyoruz ancak veri güvenliğine takılmaktadır. maildeki evraklar müşterimize yapılacak olan projelerin evrakları olup desteklerinizi rica ederiz.","2","4",18271,"absaglam","2026-02-11 15:02:42.733","2026-02-11 15:03:55.697","2026-02-09 11:23:56.52","Mailiniz 5 dakika içerisinde karşıya iletilecektir. Tekrar göndermenize gerek yoktur.","10","3","Mailiniz 5 dakika içerisinde karşıya iletilecektir. Tekrar göndermenize gerek yoktur.","absaglam",NULL,NULL
1313336,"14",NULL,5768,"istisna talebi hk.","Merhaba, 

İlgili mail iş gerekliliğince gönderilmektedir. İstisna rica olunur.","2","4",18271,"absaglam","2026-02-11 15:01:28.363","2026-02-11 15:02:28.78","2026-02-11 14:07:56.687","Mailiniz 5 dakika içerisinde karşıya iletilecektir. Tekrar göndermenize gerek yoktur.","10","3","Mailiniz 5 dakika içerisinde karşıya iletilecektir. Tekrar göndermenize gerek yoktur.","absaglam",NULL,NULL
1313238,"14",NULL,5768,"Mutabakat Maili Veri Koruma İstisnası","Senebaşından itibaren denetim gerekçesiyle birkikte çalıştığımız kurumların mutabakat taleplerini iletmekteyiz. İlgili belgeleri kurumlara iletebilmek adına ekli iki mail için istisna tanımlaması yapılması hususunda yardımlarınızı arz ederim.
 
Saygılarımla,","2","4",18271,"absaglam","2026-02-11 14:45:38.933","2026-02-11 14:48:04.9","2026-02-11 10:58:11.407","Mailiniz 5 dakika içerisinde karşıya iletilecektir. Tekrar göndermenize gerek yoktur.","10","3","Mailiniz 5 dakika içerisinde karşıya iletilecektir. Tekrar göndermenize gerek yoktur.","absaglam",NULL,NULL
1313330,"14",NULL,5768,"mail iletimi hk.","merhaba, divitte yer alan mailin müşteriye iletilmesi hususunda yardımlarınızı rica ederim.","2","4",18271,"absaglam","2026-02-11 14:41:45.44","2026-02-11 14:44:42.88","2026-02-11 13:56:17.287","Mailiniz 5 dakika içerisinde karşıya iletilecektir. Tekrar göndermenize gerek yoktur.","10","3","Mailiniz 5 dakika içerisinde karşıya iletilecektir. Tekrar göndermenize gerek yoktur.","absaglam",NULL,NULL
1313344,"14",NULL,5768,"MAİL","s.a.
ekli mailde müşterimize mutabakat gönderiyoruz, blokladı sistem,
serbest bırakır mısınız uçup gitsin yerine konsun mail.
divitte eklidir.
kolay gelsin.","2","4",18271,"absaglam","2026-02-11 14:39:36.35","2026-02-11 14:40:50.017","2026-02-11 14:21:03.577","Mailiniz 5 dakika içerisinde karşıya iletilecektir. Tekrar göndermenize gerek yoktur.","10","3","Mailiniz 5 dakika içerisinde karşıya iletilecektir. Tekrar göndermenize gerek yoktur.","absaglam",NULL,NULL
1313322,"14",NULL,5768,"avukat iş ortağı maili","İlyas Kaya <ilyaskaya@ikahukuk.com> maili yasal takip terkini birimi olarak çalıştığımız avukata ait olup istisna kapsamına alınmasını ilgili  mailde engellenen bir durum varsa serbest bırakılmasını rica ederiz.","2","4",18271,"absaglam","2026-02-11 13:56:50.297","2026-02-11 13:57:53.703","2026-02-11 13:53:13.343","Mailiniz 5 dakika içerisinde karşıya iletilecektir. Tekrar göndermenize gerek yoktur.","10","3","Mailiniz 5 dakika içerisinde karşıya iletilecektir. Tekrar göndermenize gerek yoktur.","absaglam",NULL,NULL
1313307,"14",NULL,5768,"Finans ve Kişisel Veri - Güvenlik Bilgilendirmesi","kendime ait bir sözlşmeyi babama atacaım ama güvenlik duvarına takılıyor. Yardımcı olur musunuz? 
kemaloto@hotmail.com","2","4",18271,"absaglam","2026-02-11 13:48:11.477","2026-02-11 13:54:54.313","2026-02-11 13:04:44.787","Mailiniz 5 dakika içerisinde karşıya iletilecektir. Tekrar göndermenize gerek yoktur.","10","3","Mailiniz 5 dakika içerisinde karşıya iletilecektir. Tekrar göndermenize gerek yoktur.","absaglam",NULL,NULL
1313022,"14",NULL,5768,"mail yetki hk","merhabalar  gonucfinans@gonucinsaat.com   mailine leasing dekont paylaşımı yapılacaktır. güvenlik duvarına takıldığı için gönderim yapılamamktadır. değerli destekleriniz rica olunur.","2","4",18271,"absaglam","2026-02-11 09:20:20.893","2026-02-11 09:21:40.61","2026-02-11 09:06:46.83","Mailiniz 5 dakika içerisinde karşıya iletilecektir. Tekrar göndermenize gerek yoktur.","10","3","Mailiniz 5 dakika içerisinde karşıya iletilecektir. Tekrar göndermenize gerek yoktur.","absaglam",NULL,NULL
1295609,"14",NULL,5768,"Altyapı Bilgileri Paylaşımı hk.","Firmaya ilettiğim mail içeriğinden dolayı dlpye takılıyor yardımcı olabilir misiniz?","2","4",18271,"scakici","2025-12-22 15:48:01.207","2025-12-22 15:49:49.417","2025-12-22 15:42:35.833","Mailiniz serbest bırakılmıştır. Tekrar göndermenize gerek yoktur.","10","3","Mailiniz serbest bırakılmıştır. Tekrar göndermenize gerek yoktur.","scakici",NULL,NULL
1313292,"14",NULL,5768,"veri paylaşımı","Merhaba,
 
Müşterilere çıkardığımız hesap ektresini yazıcıdan yazdırırken veri koruma ihlali ile ilgili bir mail alıyorum ve bundan kaynaklı ekstre yazıcıdan çıktı olarak alamıyorum. Gezici gişe destek biriminde çalıştığım için şube özelinde değil gittiğim her şubede bu durumla karşılaşmaktayım.
 
Aynı şekilde gün sonu yaptığımız işlemlerin fiş listesini excel tabanına döküp çıkartırken de hassas veri paylaşımı olarak mail alıyorum. Bundan kaynaklı kullanıcı fiş listesini de yazıcıdan çıktı olarak alamıyoru.
 
İlgili işlem esnasında gelen mailler divite eklenmiştir.
 
Desteklerinizi rica eder, kolaylıklar dilerim.","2","4",18271,"absaglam","2026-02-11 13:45:30.78","2026-02-11 13:47:44.4","2026-02-11 12:09:49.513","Sadece fiş ile ilgili kısım Veri Güvenliği Korumasına takılmış ve gereken istisna sağlanmışıtr. Hesap ekstres ile ilgili bir durum görülmemiştir.","10","3","Sadece fiş ile ilgili kısım Veri Güvenliği Korumasına takılmış ve gereken istisna sağlanmışıtr. Hesap ekstres ile ilgili bir durum görülmemiştir.","absaglam",NULL,NULL
1313281,"14",NULL,5768,"Mail Serbest Bırakılması","Müşterimize firmasının kaşe imzalı hesap hareketleri gönderilmekte olup imzacıların imza sirküleri de maile eklemiştir. Mailin serbest bırakılmasını rica ederiz.","2","4",18271,"absaglam","2026-02-11 13:44:03.637","2026-02-11 13:45:13.753","2026-02-11 11:51:46.52","Mailiniz 5 dakika içerisinde karşıya iletilecektir. Tekrar göndermenize gerek yoktur.","10","3","Mailiniz 5 dakika içerisinde karşıya iletilecektir. Tekrar göndermenize gerek yoktur.","absaglam",NULL,NULL
1313280,"14",NULL,5768,"gün sonü fiş","gün mali fişi çıkartırken veri güvenliği ihlali diye izin vermemektedir. ilgili görüntü ektedir.","2","4",18271,"absaglam","2026-02-11 13:42:31.887","2026-02-11 13:43:55.99","2026-02-11 11:43:52.85","Merhaba,
Aşağıdaki linkte yer alan ""DLP Ajanı Nasıl Güncellenir?"" başlığındaki adımları uyguladıktan sonra işlemi yeniden yapmayı dener misiniz?
https://bilge.kuveytturk.com.tr/genel/24374-dlp-forcepoint-one-endpoint","10","3","Merhaba,
Aşağıdaki linkte yer alan ""DLP Ajanı Nasıl Güncellenir?"" başlığındaki adımları uyguladıktan sonra işlemi yeniden yapmayı dener misiniz?
https://bilge.kuveytturk.com.tr/genel/24374-dlp-forcepoint-one-endpoint","absaglam",NULL,NULL
1313251,"14",NULL,5768,"Müşteri mail ulaşamadğından şahsi maile ile gönderim talebi","Merhabalar,

96383451 hesap numaralı Müşterimize  mail ulaşamadğından şahsi maile ile gönderim talebim vardır.
1 haftadır uğraşmaktayım.Farklı mailler eklememe rağman ektreler ulaşmamaktadır.

Mail adresim fatmagrgh33@gmail.com","2","4",18271,"absaglam","2026-02-11 11:45:46.11","2026-02-11 13:42:08.217","2026-02-11 11:11:11.783","İstisnai durumlar harici şahsi maillere gönderimlere izin vermiyoruz.","10","3","İstisnai durumlar harici şahsi maillere gönderimlere izin vermiyoruz.","absaglam",NULL,NULL
1313064,"14",NULL,5768,"Hesap entegrasyon bilgilendirme","Merhaba,
Hesap entegrasyon bilgilendirme mailine izininizi arz/rica ederiz.","2","4",18271,"absaglam","2026-02-11 11:43:53.65","2026-02-11 11:45:32.68","2026-02-11 09:44:00.807","Mailiniz 5 dakika içerisinde karşıya iletilecektir. Tekrar göndermenize gerek yoktur.","10","3","Mailiniz 5 dakika içerisinde karşıya iletilecektir. Tekrar göndermenize gerek yoktur.","absaglam",NULL,NULL
1313234,"14",NULL,5768,"çıktı alınması hk","Merhaba,

Ekte detayı bulunan excel dosyasından çıktı almak için istisna tanımlanması için yardımlarınızı rica ederim.","2","4",18271,"absaglam","2026-02-11 11:08:02.723","2026-02-11 11:10:48.403","2026-02-11 10:56:16.483","Merhaba,
Aşağıdaki linkte yer alan ""DLP Ajanı Nasıl Güncellenir?"" başlığındaki adımları uyguladıktan sonra işlemi yeniden yapmayı dener misiniz?
https://bilge.kuveytturk.com.tr/genel/24374-dlp-forcepoint-one-endpoint","10","3","Merhaba,
Aşağıdaki linkte yer alan ""DLP Ajanı Nasıl Güncellenir?"" başlığındaki adımları uyguladıktan sonra işlemi yeniden yapmayı dener misiniz?
https://bilge.kuveytturk.com.tr/genel/24374-dlp-forcepoint-one-endpoint","absaglam",NULL,NULL
1313035,"14",NULL,5768,"Hesap Ektresi Paylaşımı","Merhaba,

Müşterilere çıkardığımız hesap ektresini yazıcıdan yazdırırken veri koruma ihlali ile ilgili bir mail alıyorum ve bundan kaynaklı ekstre yazıcıdan çıktı olarak alamıyorum. Gezici gişe destek biriminde çalıştığım için şube özelinde değil gittiğim her şubede bu durumla karşılaşmaktayım. 

Aynı şekilde gün sonu yaptığımız işlemlerin fiş listesini excel tabanına döküp çıkartırken de hassas veri paylaşımı olarak mail alıyorum. Bundan kaynaklı kullanıcı fiş listesini de yazıcıdan çıktı olarak alamıyoru.

İlgili işlem esnasında gelen mailler divite eklenmiştir.

Desteklerinizi rica eder, kolaylıklar dilerim.","2","4",18271,"absaglam","2026-02-11 11:03:30.093","2026-02-11 11:07:39.333","2026-02-11 09:12:03.247","Merhaba,
Aşağıdaki linkte yer alan ""DLP Ajanı Nasıl Güncellenir?"" başlığındaki adımları uyguladıktan sonra işlemi yeniden yapmayı dener misiniz?
https://bilge.kuveytturk.com.tr/genel/24374-dlp-forcepoint-one-endpoint","10","3","Merhaba,
Aşağıdaki linkte yer alan ""DLP Ajanı Nasıl Güncellenir?"" başlığındaki adımları uyguladıktan sonra işlemi yeniden yapmayı dener misiniz?
https://bilge.kuveytturk.com.tr/genel/24374-dlp-forcepoint-one-endpoint","absaglam",NULL,NULL
1312831,"14",NULL,5768,"bir mail adresine veri gönderim hakk","merhabalar

Ersa Tel <muhasebe@ersatel.com> mail adresinden 200 kişilik maaş ödemesi için excell gelmektedir ancak excellde hesap no isim yada tc hataları olmaktadır. her ay bu sıkıntıları düzeltip şubede öyle ödeme yapıyoruz. bu mail adresine bir seferlik tc hesap no isim bilgileri bulunan doğru excell dosyasını gönderebilmek için muafiyet rica ederim. göndermeye çalıştığımızda veri gizliliği uyarısı alıyoruz ancak her ay aynı isimleri düzeltmek ve 200 e yakın kişi olması sebebyle bir kezlik doğru excell i paylaşmak için önemlidir. teşekkürler.","3","4",18271,"absaglam","2026-02-11 10:57:17.307","2026-02-11 14:49:17.797","2026-02-10 15:31:34.973","Mailiniz 5 dakika içerisinde karşıya iletilecektir. Tekrar göndermenize gerek yoktur.","10","3","Mailiniz 5 dakika içerisinde karşıya iletilecektir. Tekrar göndermenize gerek yoktur.","absaglam",NULL,NULL
1313230,"14",NULL,5768,"aksa","ekli mailin serbest bırakılmasını rica ederiz.","2","4",18271,"absaglam","2026-02-11 10:52:54.827","2026-02-11 11:03:12.04","2026-02-11 10:49:44.64","Mailiniz 5 dakika içerisinde karşıya iletilecektir. Tekrar göndermenize gerek yoktur.","10","3","Mailiniz 5 dakika içerisinde karşıya iletilecektir. Tekrar göndermenize gerek yoktur.","absaglam",NULL,NULL
1313168,"14",NULL,5768,"Ektre gönderim talebi","Merhaba;
95193325 hesap numaralı müşterimizin sistemde kayırlı mailine ekstre gönderimi için yetki talebi verilmesini rica ederiz. aoe.ali.albayrak@gmail.com","2","4",18271,"absaglam","2026-02-11 10:47:33.157","2026-02-11 11:01:50.923","2026-02-11 09:50:48.707","Talebiniz uygun görülmemiştir. İstisna durumları hariç hesap ektreleri bilgi güvenliği politikaları gereği sadece BOA üzerinden gönderilmesi gerekmektedir.","10","3","Talebiniz uygun görülmemiştir. İstisna durumları hariç hesap ektreleri bilgi güvenliği politikaları gereği sadece BOA üzerinden gönderilmesi gerekmektedir.","absaglam",NULL,NULL
1312944,"1","6",5768,"Bilgin ve Bilge DB ve Uygulama Dosyalarının Alınması","Halk Katılım projesi kapsamında Bilgin ve Bilgenin alınmasında, db ve uygulama dosyalarının çıkarılarak veri temizliği yapılabilmesi için Bilgi Güvenliği ve tpizobil kullanıcılarının erişebilecekleri pathe bırakılması noktasında desteklerinizi rica ederiz.","2","4",NULL,"keremt","2026-02-11 09:35:17.783",NULL,"2026-02-10 17:16:42.017","","3","3","","keremt",NULL,NULL
1312916,"14",NULL,5768,"hesap ekstresi ve boa evrak basım sorunu hk.","merhaba 
bir çok hesap hareketi ve boadan alınmak üğzere olan bir çok evrağı yazıcıya basım için gönderildiğinde engellendi diye bir uyarı geliyor ve mail düşüyor müşterilerimiz vize işlemleri için hesap ekstresi istemekte ve kullanıcı fiş basmada sorun yaşamaktayım konu ile ilgili değerli desteklerinizi rica ederim.","2","4",18271,"absaglam","2026-02-11 09:04:21.253","2026-02-11 09:19:35.88","2026-02-10 16:21:13.297","Merhaba,
Aşağıdaki linkte yer alan ""DLP Ajanı Nasıl Güncellenir?"" başlığındaki adımları uyguladıktan sonra işlemi yeniden yapmayı dener misiniz?
https://bilge.kuveytturk.com.tr/genel/24374-dlp-forcepoint-one-endpoint","10","3","Merhaba,
Aşağıdaki linkte yer alan ""DLP Ajanı Nasıl Güncellenir?"" başlığındaki adımları uyguladıktan sonra işlemi yeniden yapmayı dener misiniz?
https://bilge.kuveytturk.com.tr/genel/24374-dlp-forcepoint-one-endpoint","absaglam",NULL,NULL
1312931,"14",NULL,5768,"veri koruma mail","satıcı firmaya proje ödeme taahhütnamesi iletirken veri koruma olarak mail gitmemiştir, bu minvalde ekteki maili satıcıya iletilmesi noktasında değerli desteklerinizi talep ederiz","2","4",18271,"absaglam","2026-02-11 09:03:18.983","2026-02-11 09:04:13.31","2026-02-10 16:57:36.243","Mailiniz 5 dakika içerisinde karşıya iletilecektir. Tekrar göndermenize gerek yoktur.","10","3","Mailiniz 5 dakika içerisinde karşıya iletilecektir. Tekrar göndermenize gerek yoktur.","absaglam",NULL,NULL
1312939,"14",NULL,5768,"Dinamil otomotiv mail gonderim uygunluğu hakkında;","Merhaba,

Kurumsal müşterimiz Dinamik otomotiv muhasebesi,
gulaybilal@dinamikotomotiv.com.tr hesap mutabakatı için ekstra gondermek için uygunluk rica ederiz.","2","4",18271,"absaglam","2026-02-11 09:01:25.24","2026-02-11 09:03:04.34","2026-02-10 17:10:51.88","Mailiniz 5 dakika içerisinde karşıya iletilecektir. Tekrar göndermenize gerek yoktur.","10","3","Mailiniz 5 dakika içerisinde karşıya iletilecektir. Tekrar göndermenize gerek yoktur.","absaglam",NULL,NULL
1312947,"2","3",5768,"Destek - SİPER Entegrasyonu için","Destek - SİPER Entegrasyonu ile ilgili kodların aktarılması için oluşturduğumuz aşağıdaki folderdaki kod ve db nesnelerinin incelenerek Veri Güvenliği onayının verilmesini talep ediyoruz:
\\splktfs\Architecht\BirimlerArasi\SIPER\KOD_TARAMA","2","4",22808,"keremt","2026-02-11 08:49:47.803","2026-02-12 11:34:58.627","2026-02-10 18:02:01.243","Süreç tamamlanmıştır.","10","3","Süreç tamamlanmıştır.","keremt",NULL,NULL
1312686,"14",NULL,5768,"veri paylaşımı kısıtı","hesap ekstresi veya fiş çıktısı yazıcıya yönlendirdiğimde veri paylaışımı sorunu alıyorum","2","4",18271,"hatasoy","2026-02-10 16:27:12.047","2026-02-10 16:29:58.867","2026-02-10 11:48:20.627","Merhaba,
Aşağıdaki linkte yer alan ""DLP Ajanı Nasıl Güncellenir?"" başlığındaki adımları uyguladıktan sonra işlemi yeniden yapmayı dener misiniz?
https://bilge.kuveytturk.com.tr/genel/24374-dlp-forcepoint-one-endpoint","10","3","Merhaba,
Aşağıdaki linkte yer alan ""DLP Ajanı Nasıl Güncellenir?"" başlığındaki adımları uyguladıktan sonra işlemi yeniden yapmayı dener misiniz?
https://bilge.kuveytturk.com.tr/genel/24374-dlp-forcepoint-one-endpoint","hatasoy",NULL,NULL
1312793,"14",NULL,5768,"Hassas Veri Gitmeyen Mail","Merhaba,
 
Müşterimizin talebi doğrultusunda istenen belgeler hassas veri sebebiyle iletilememiştir. Müşteriye ait bu verilerin iş kapsamı ihtiyacı dolayısıyla gönderilmesi gerekli olduğundan istisna tanımlanması hususunda desteklerinizi rica ederim.","2","4",18271,"hatasoy","2026-02-10 16:25:39.74","2026-02-10 16:26:25.86","2026-02-10 14:35:04.347","Mailiniz 5 dakika içerisinde karşıya iletilecektir. Tekrar göndermenize gerek yoktur.","10","3","Mailiniz 5 dakika içerisinde karşıya iletilecektir. Tekrar göndermenize gerek yoktur.","hatasoy",NULL,NULL
1312306,"14","6",5768,"Macte VPNin kopması hk","Merhaba, cuma gününden beri gün içinde VPNden sürekli kopuyorum. müdürlükteki diğer mac kullanıcısı arkadaşlar da aynı problemi yaşıyor, kontrol edebilir misiniz?

username: rulusoy","2","4",5170,"keremt","2026-02-10 16:00:49.727","2026-02-11 08:49:05.53","2026-02-09 14:54:04.413","Mükerrer talep","3","3","Mükerrer talep","keremt",NULL,NULL
1312339,"14",NULL,5768,"müşterinin tanımlı mail adresine kredi evrakları gönderimi hk","S.A,
Müşterimiz 97304814-MERYEM MERVE ÜNDAĞ, konut finansmanı kullanmış ve işlemler bitmiştir, müşterimiz imzaladığı evrakları tanımlı mail adresine gönderilmesini talep etmektedir.
Yetki verilmesini rica ederim.","2","4",18271,"scakici","2026-02-10 14:27:54.833","2026-02-10 14:27:53.97","2026-02-09 15:28:30.7","Mailiniz serbest bırakılmıştır. Tekrar göndermenize gerek yoktur.","10","3","Mailiniz serbest bırakılmıştır. Tekrar göndermenize gerek yoktur.","scakici",NULL,NULL
1312733,"14",NULL,5768,"Giesecke + Devrient Teknik Servis Personel Listesi  - güncelleme hk","Giesecke + Devrient Teknik Servis Personel Listesi  - güncelleme hk
 Giesecke + Devrient para sayma makinesi satıyor
 Giesecke + Devrient satılan maineleri satın alıyoruz .
Aldığımız makinelerde TL ve Döviz sayımı yapıyoruz.
Aldığımız makinelerde yıllık bakımı oluyor.
Belli periyotlar ile personeller geliyor.
Gelen personelleri KTBÜ İş Sağlığı Güvenliği Uzmanı soruyor.
KTBÜ İş Sağlığı Güvenliği Uzmanı güncelleme talep ediyor
yukarıdaki nedenlerle  Giesecke + Devrient Teknik Servis ile bizim aramızda mailleşme oluyor.
Gönderdiğimiz mailin karşıtarafa gönderilmesini rica ederim.
Bugüne yetişmez ise bilgi vermenizi rica ederim.Elden teslim edebiliriz .","2","4",18271,"hatasoy","2026-02-10 14:16:16.953","2026-02-10 14:16:27.907","2026-02-10 13:24:18.447","Mailiniz 5 dakika içerisinde karşıya iletilecektir. Tekrar göndermenize gerek yoktur.","10","3","Mailiniz 5 dakika içerisinde karşıya iletilecektir. Tekrar göndermenize gerek yoktur.","hatasoy",NULL,NULL
1312660,"14",NULL,5768,"yetki hk.","merhaba ;
avukata mail atılacagından yetki tanımlaması rica ederim.
iyi çalışmalar","2","4",18271,"hatasoy","2026-02-10 14:13:53.117","2026-02-10 14:15:03.767","2026-02-10 11:20:40.81","Mailiniz 5 dakika içerisinde karşıya iletilecektir. Tekrar göndermenize gerek yoktur.","10","3","Mailiniz 5 dakika içerisinde karşıya iletilecektir. Tekrar göndermenize gerek yoktur.","hatasoy",NULL,NULL
1312678,"14",NULL,5768,"İSTİSNA TANIMLAMA","Merhaba ,

Yünsel lazer firması ile maaş anlaşmamız vardır. Bu doğrultuda stajyerlerin maaş dekontu mailde istisnaya takılmıştır. Desteklerinizi rica ederiz.","2","4",18271,"hatasoy","2026-02-10 13:57:34.9","2026-02-10 13:58:34.11","2026-02-10 11:37:15.907","Mailiniz 5 dakika içerisinde karşıya iletilecektir. Tekrar göndermenize gerek yoktur.","10","3","Mailiniz 5 dakika içerisinde karşıya iletilecektir. Tekrar göndermenize gerek yoktur.","hatasoy",NULL,NULL
1312739,"14",NULL,5768,"mail hk.","müşterimizin fek yazısı için müşterimize ve garanti bankasına müşteri ibanının olduğu fek yazısı atılması gerekmektedir. hassas veriden dolayı atılamamaktadır. acil yardımınızı rica ederiz.","2","4",18271,"hatasoy","2026-02-10 13:55:16.773","2026-02-10 13:56:56.047","2026-02-10 13:41:41.463","Mailiniz 5 dakika içerisinde karşıya iletilecektir. Tekrar göndermenize gerek yoktur.","10","3","Mailiniz 5 dakika içerisinde karşıya iletilecektir. Tekrar göndermenize gerek yoktur.","hatasoy",NULL,NULL
1312680,"14",NULL,5768,"MAİL SERBEST BIRAKILMASI","Müşterinin sistemdeki kayıylı mail adresine gönderilmektedir.
Gönderilen evrak müşteriye ait sağlık poliçesidir","2","4",18271,"hatasoy","2026-02-10 12:23:39.24","2026-02-10 12:27:32.79","2026-02-10 11:39:09.22","Mailiniz 5 dakika içerisinde karşıya iletilecektir. Tekrar göndermenize gerek yoktur.","10","3","Mailiniz 5 dakika içerisinde karşıya iletilecektir. Tekrar göndermenize gerek yoktur.","hatasoy",NULL,NULL
1312710,"14",NULL,5768,"mail gönderimi","Merhaba satıcı firmadan proforma talep edilmek için ekteki maili atıyoruz, veri koruma diyerek maili göndermiyor acil desteklerinizi talep ederiz","2","4",18271,"hatasoy","2026-02-10 12:23:32.047","2026-02-10 12:29:25.697","2026-02-10 12:19:17.137","Mailiniz 5 dakika içerisinde karşıya iletilecektir. Tekrar göndermenize gerek yoktur.","10","3","Mailiniz 5 dakika içerisinde karşıya iletilecektir. Tekrar göndermenize gerek yoktur.","hatasoy",NULL,NULL
1312562,"14",NULL,5768,"YAZDIRMA İZNİ","Merhaba, kişisel veri içermemesine rağmen anahtar kelimeler üzerinden yazıdrma işlemi yapamıyorum, muhtemelen dosya kapak yazısına KVKK ismi verince bloklandı. Muhtemel anahtar kelimeleri sildim yine yazdıramıyorum. Arşive teslim için evrak hazırlıyorum, kısıtlı vaktim var, acil desteğinizi rica ederim.","2","4",18271,"scakici","2026-02-10 11:31:57.9","2026-02-10 14:19:00.1","2026-02-10 09:39:59.3","Merhaba,

Sizinde belirttiğiniz gibi müşteri ismi ve müşteri numarası da kişisel veridir. Yaklaşık 3000 müşterinin kişisel verisinin çıktısı alınacaktır. Risk aktarımı sağlanmıştır.

Aşağıdaki linkte yer alan ""DLP Ajanı Nasıl Güncellenir?"" başlığındaki adımları uyguladıktan sonra işlemi yeniden yapmayı dener misiniz?
https://bilge.kuveytturk.com.tr/genel/24374-dlp-forcepoint-one-endpoint#dlp-ajani-nasil-guncellenir","10","3","Talep ettiğiniz dosya/rapor  hassas veri içermektedir. Bu verilerin çıktı alınması, paylaşılması veya fiziksel ortamda saklanması durumunda sorumluluk veri çıktısını alan kişiye aittir.

Lütfen işlemi gerçekleştirmeden önce çıktı alınmasının gerçekten elzem olup olmadığını değerlendirerek ihtiyaç hakkında daha detaylı bilgi iletiniz. 

Çıktı alma işlemine devam etmek istiyorsanız, veri güvenliği konusundaki sorumluluğun tarafınıza ait olduğunu teyit etmiş sayılırsınız.","scakici",NULL,NULL
1312552,"14",NULL,5768,"istisna talebi hk","Merhaba
Bölgemiz şube müdürleri ile yapacağımız organizasyon için hotel'in bizden talep ettiği bilgileri göndermek için istisna talebimiz mevcuttur. uygunluklarını talep ederiz.

gönderilecek excel dosyası ektedir.

gönderilen mail;   muratcanbaz@grandalfatravel.com","2","4",18271,"scakici","2026-02-10 11:29:19.17","2026-02-10 11:29:18.203","2026-02-10 09:18:49.523","Mailiniz serbest bırakılmıştır. Tekrar göndermenize gerek yoktur.","10","3","Mailiniz serbest bırakılmıştır. Tekrar göndermenize gerek yoktur.","scakici",NULL,NULL
1310932,"14",NULL,5768,"Selimdeki son trainin hata alması hakkında başlıklı mailin istisna talebi hk","Merhaba,

Selim chatbot uygulamasında softtecht firmasından destek alıyoruz Uygulamada onlara log iletmemiz gerekiyor. kendileriyle veri güvenliği sözleşmesi mevcut. 

""Selimdeki son trainin hata alması hakkında"" başlıklı maili serbest bırakılması konusnda yardımcı olabilir misiniz","2","4",18271,"scakici","2026-02-10 11:27:59.56","2026-02-10 11:27:58.843","2026-02-04 14:18:47.313","Mailiniz serbest bırakılmıştır. Tekrar göndermenize gerek yoktur.","10","3","Mailiniz serbest bırakılmıştır. Tekrar göndermenize gerek yoktur.","scakici",NULL,NULL
1312534,"14",NULL,5768,"Dekont yazdırma","Merhaba arşiv için önceki günün dekontlarını excel üzerinden yazdırmam gerekiyor. Bugün ilk defa kişisel veri uyarısı aldım. İlgili sorun için yardımlarını talep ederim. İyi çalışmalar.","2","4",18271,"scakici","2026-02-10 11:26:42.153","2026-02-10 11:26:41.227","2026-02-10 09:10:15.353","Talep ettiğiniz dosya/rapor  hassas veri içermektedir. Bu verilerin çıktı alınması, paylaşılması veya fiziksel ortamda saklanması durumunda sorumluluk veri çıktısını alan kişiye aittir.

Lütfen işlemi gerçekleştirmeden önce çıktı alınmasının gerçekten elzem olup olmadığını değerlendirerek ihtiyaç hakkında daha detaylı bilgi iletiniz. 

Çıktı alma işlemine devam etmek istiyorsanız, veri güvenliği konusundaki sorumluluğun tarafınıza ait olduğunu teyit etmiş sayılırsınız.","10","3","Talep ettiğiniz dosya/rapor  hassas veri içermektedir. Bu verilerin çıktı alınması, paylaşılması veya fiziksel ortamda saklanması durumunda sorumluluk veri çıktısını alan kişiye aittir.

Lütfen işlemi gerçekleştirmeden önce çıktı alınmasının gerçekten elzem olup olmadığını değerlendirerek ihtiyaç hakkında daha detaylı bilgi iletiniz. 

Çıktı alma işlemine devam etmek istiyorsanız, veri güvenliği konusundaki sorumluluğun tarafınıza ait olduğunu teyit etmiş sayılırsınız.","scakici",NULL,NULL
1312347,"14",NULL,5768,"e posta gönderimi","hasandindar@incieczadeposu.com ilgili posta adresine müşteri isteiği üzerine 6 aylık ekstre gönderildi. iletilmesini rica ederiz.","2","4",18271,"scakici","2026-02-10 11:25:30.433","2026-02-10 11:25:29.593","2026-02-09 15:39:36.953","Mailiniz serbest bırakılmıştır. Tekrar göndermenize gerek yoktur.","10","3","Mailiniz serbest bırakılmıştır. Tekrar göndermenize gerek yoktur.","scakici",NULL,NULL
1312623,"14",NULL,5768,"İş güvenliği uzmanına evrak gönderimi","Merhaba şubemizin iş güvenliği uzmanı ramazan bey e evrak gönderimi yapılmak istenmektedir. Her iki mailine de evrak gönderebilir miyiz ? 
ramazan.avcu@diyalogosgb.com.tr
 ramazanavcu.igu@gmail.com","2","4",18271,"scakici","2026-02-10 11:24:13.9","2026-02-10 11:24:13.06","2026-02-10 10:39:39.593","Merhaba, 

Neden iki mail adresi olduğunu iletebilir misiniz ? İkisi de resmi mail adresi mi ?","10","3","Merhaba, 

Neden iki mail adresi olduğunu iletebilir misiniz ? İkisi de resmi mail adresi mi ?","scakici",NULL,NULL
1312357,"14",NULL,5768,"Tedarikçi Firma Mail İstisna Hk.","Merhaba,
Tedarikçi olan firmamıza her hafta sevk sebebiyle arşiv koli bilgilerini excel dosyası üzerinden atıyoruz. Fakat sürekli veri koruma engeline takılıyor. Sürekli bu engele takılmama adına bu konuda önerebileceğiniz bir yol mevcut mudur ? Konu hakkında değerli yardımlarıınızı rica ederiz.","2","4",18271,"hatasoy","2026-02-10 10:59:53.827","2026-02-10 11:34:45.543","2026-02-09 15:47:24.143","Kullanıcıyla görüşme sonrasında ilgili mail iletimi gerçekleşmiştir. Kalıcı istisna talebi için ilgili excel formu mail üzerinden iletilmiştir.","10","3","Kullanıcıyla görüşme sonrasında ilgili mail iletimi gerçekleşmiştir. Kalıcı istisna talebi için ilgili excel formu mail üzerinden iletilmiştir.","hatasoy",NULL,NULL
1312588,"14",NULL,5768,"hesap ekstresi, vergi levhası, imza sirküsü yazdırma ve mail iletme","Merhabalar,

Vize için hesap dökümlerimi, vergi levhasını ve imza sirkülerini yazdırmam ve şahsi mailime mail ile göndermem gereklidir. (cosknelif1@gmail.com). İstisna tanımlanması noktasında desteklerinizi rica ederim.","2","4",18271,"scakici","2026-02-10 10:50:07.313","2026-02-10 10:50:06.127","2026-02-10 10:01:58.92","Merhaba, 

Mail gönderimi ile ilgili takıldığınız bir log bulunmamaktadır.","10","3","Merhaba, 

Mail gönderimi ile ilgili takıldığınız bir log bulunmamaktadır.","scakici",NULL,NULL
1312407,"14",NULL,5768,"99264085-AHMET ARMUT","Merhabalar ilgili müşterimiz 99264085  hesap ekstresini excell olarak ilettiğimde karşı tarafa ulaşılamamaktadır.  İstisna tanımlama yapılması hususunda değerli yardımlarınızı rica olunur.  01.09.2025-31.12.2025 tarihleri arasındaki tl hesap ektresi 
  Mail adresi : smm.meneksebayram@gmail.com","2","4",18271,"scakici","2026-02-10 10:42:10.44","2026-02-10 10:42:09.393","2026-02-09 16:41:25.09","Merhaba, BOA > Hesap Ekstresi ekranı üzerinden müşterinin kayıtlı hesabına hesap ekstresi gönderebilirsiniz. Neden Outlook üzerinden göndermeyi deniyorsunuz bilgi verebilir misiniz?","10","3","Merhaba, BOA > Hesap Ekstresi ekranı üzerinden müşterinin kayıtlı hesabına hesap ekstresi gönderebilirsiniz. Neden Outlook üzerinden göndermeyi deniyorsunuz bilgi verebilir misiniz?","scakici",NULL,NULL
1312527,"14",NULL,5768,"mail istisnası","Firmanın bize takasa ve teminata verdikleri çeklerin görüntülerini mail atmak istemekteyiz ancak veri koruma uyarısı almaktayız

info@nesillerplastik.com son maili iletebilir misiniz.","2","4",18271,"hatasoy","2026-02-10 10:23:28.053","2026-02-10 10:25:01.353","2026-02-10 09:07:00.067","Mailiniz 5 dakika içerisinde karşıya iletilecektir. Tekrar göndermenize gerek yoktur.","10","3","Mailiniz 5 dakika içerisinde karşıya iletilecektir. Tekrar göndermenize gerek yoktur.","hatasoy",NULL,NULL
1312517,"14",NULL,5768,"Veri Koruma Sistemi Bildirimi","Sayın Müslüm Can Aslan / Kuveyt Türk - Sincan-Ankara Şubesi (06-081-13.kuveytturk.local) ,

Çok hassas verileri 2026-02-09 17:02:46 tarihinde \\srvsube-081\06-081-P01 adresine göndermek istediniz. 
Göndermek istediğiniz dosya Veri Koruma Sistemi tarafından çok hassas veri kategorisinde sınıflandırıldığı için engellenmiştir.

Hesap Ekstresi, Fiş Listesi çıkarmak istediğimde engelleniyor. Yardımlarınızı arz ederim.","2","4",18271,"hatasoy","2026-02-10 10:22:35.907","2026-02-10 11:41:37.423","2026-02-10 08:53:57.73","Merhaba,
Aşağıdaki linkte yer alan ""DLP Ajanı Nasıl Güncellenir?"" başlığındaki adımları uyguladıktan sonra işlemi yeniden yapmayı dener misiniz?
https://bilge.kuveytturk.com.tr/genel/24374-dlp-forcepoint-one-endpoint","10","3","Merhaba,
Aşağıdaki linkte yer alan ""DLP Ajanı Nasıl Güncellenir?"" başlığındaki adımları uyguladıktan sonra işlemi yeniden yapmayı dener misiniz?
https://bilge.kuveytturk.com.tr/genel/24374-dlp-forcepoint-one-endpoint","hatasoy",NULL,NULL
1312569,"14",NULL,5768,"hassas veri maili hakkında","merhaba,
 8022872 hesap nolu müşterimizin yaptırdığı 628160 nolu ekspertiz raporunun müşteri nüshasını kendilerine mail olarak göndermek istiyoruz ancak, hassas veri olarak sistem engelliyor, konu ile ilgili desteklerinizi rica ederiz","2","4",18271,"hatasoy","2026-02-10 10:19:09.827","2026-02-10 10:20:12.2","2026-02-10 09:42:17.907","Mailiniz 5 dakika içerisinde karşıya iletilecektir. Tekrar göndermenize gerek yoktur.","10","3","Mailiniz 5 dakika içerisinde karşıya iletilecektir. Tekrar göndermenize gerek yoktur.","hatasoy",NULL,NULL
1312570,"14",NULL,5768,"VAN 12. ASLİYE HUKUK MAHKEMESİ 2026/303","Merhabalar ilgili mahkeme için yerel avukata gönderilecek evraklar ekteid. ilgili evrakların yerel avuata gönderilmesi adına mail için istisna tanımlaması yapabilir msiniz","2","4",18271,"hatasoy","2026-02-10 10:17:01.197","2026-02-10 10:18:53.27","2026-02-10 09:46:15.93","Mailiniz 5 dakika içerisinde karşıya iletilecektir. Tekrar göndermenize gerek yoktur.","10","3","Mailiniz 5 dakika içerisinde karşıya iletilecektir. Tekrar göndermenize gerek yoktur.","hatasoy",NULL,NULL
1312573,"14",NULL,5768,"yetki hk","merhaba ;
avukata mail atılacagından yetki tanımlaması rica ederim.
iyi çalışmalar","2","4",18271,"hatasoy","2026-02-10 10:15:48.997","2026-02-10 10:16:46.143","2026-02-10 09:49:16.11","Mailiniz 5 dakika içerisinde karşıya iletilecektir. Tekrar göndermenize gerek yoktur.","10","3","Mailiniz 5 dakika içerisinde karşıya iletilecektir. Tekrar göndermenize gerek yoktur.","hatasoy",NULL,NULL
1312340,"14",NULL,5768,"İpad Tanımlaması Hakkında","Merhabalar,

Geçen hafta Resul Bey ile yapmış olduğumuz görüşmemize istinaden telefonumda kurulu olan Kuveyt Türk mail uygulamalarının tabletimde de kurulması noktasında destek olunabileceğini bilgisini kendisinden almış bulunuyorum. 

Bundan kaynaklı olarak hem telefon hem de tablette kullanımın tanımlanması noktasında desteklerinizi rica ederiz. İyi çalışmalar dilerim. :)","3","4",19494,"keremt","2026-02-10 08:43:36.647","2026-02-11 16:18:04.197","2026-02-09 15:33:14.18","Merhaba Ahmed Bey,

Gerekli tanımlamalar yapılmıştır. Ekte verilen linkte gösterildiği gibi kurulum yapabilirsiniz.

Mobil İş Uygulama Yönetimi – MAM – Bilge","1","3","Merhaba Ahmed Bey,

Gerekli tanımlamalar yapılmıştır. Ekte verilen linkte gösterildiği gibi kurulum yapabilirsiniz.

Mobil İş Uygulama Yönetimi – MAM – Bilge","keremt",NULL,NULL
1312408,"14",NULL,5768,"IBAN Veri Paylaşımı Hkk.","Tapu dairesine gönderilecek olan mailde iban numarası yer aldığı için veri paylaşıma takılmaktadır. İlgili mailin resmi kuruma gönderilmesi gerekmektedir. Konu hakkında yardımlarınızı talep ederim. Söz konusu mail ve engele takılan iban numaralarının yazdığı dekontlar ektedir.","2","4",18271,"scakici","2026-02-10 08:32:06.877","2026-02-10 08:32:04.457","2026-02-09 16:41:51.013","Mailiniz serbest bırakılmıştır. Tekrar göndermenize gerek yoktur.","10","3","Mailiniz serbest bırakılmıştır. Tekrar göndermenize gerek yoktur.","scakici",NULL,NULL
1310901,"14",NULL,5768,"Leasing ödeme detayları","Merhaba,
Müşteriye aldığımız leasing makinasına ait ödemelerin cari ekstreleri ve gümrük beyannamelerinin gönderilmesini rica ederiz.","2","4",18271,"scakici","2026-02-10 08:29:50.883","2026-02-10 08:29:49.86","2026-02-04 13:55:12.437","Mailiniz serbest bırakılmıştır. Tekrar göndermenize gerek yoktur.","10","3","Mailiniz serbest bırakılmıştır. Tekrar göndermenize gerek yoktur.","scakici",NULL,NULL
1312394,"14",NULL,5768,"Veri Koruma","Merhabalar, Aracı ödeme kuruluşu TURKPARA tarafına müşteri kimliğini iletirken veri korumaya takılmaktadır. Müşterinin kimliği okunaklı olmadığından bu evrak talep edilmiştir. Evraklarının iletilmesinin akabinde müşterimizin hesabına gerçekleştirmiş olduğu işlemlerin tutarları TURKPARA tarafından aktarılacaktır. İlgili mail divittedir. İyi çalışmalar.","2","4",18271,"scakici","2026-02-10 08:26:39.747","2026-02-10 08:26:36.957","2026-02-09 16:29:26.913","Merhaba, 

Divite eklenen mail iletilmiş gözükmektedir. Bu sebeple işlem yapılmamıştır.","10","3","Merhaba, 

Divite eklenen mail iletilmiş gözükmektedir. Bu sebeple işlem yapılmamıştır.","scakici",NULL,NULL
1312305,"14",NULL,5768,"istisna talebi hk","Merhaba
bölge organizasyonu için hotelin talep ettiği bilgiler doğrultusunda ekte telefon no olan listeyi paylaşılması için istisna talebimiz bulunmaktadır.yardımlarınızı rica ederiz.

paylaşılacak mail adresi;
deryacelebi@nghotels.com.tr","2","4",18271,"hatasoy","2026-02-09 16:38:39.07","2026-02-09 16:42:07.443","2026-02-09 14:53:20.92","Mailiniz 5 dakika içerisinde karşıya iletilecektir. Tekrar göndermenize gerek yoktur.","10","3","Mailiniz 5 dakika içerisinde karşıya iletilecektir. Tekrar göndermenize gerek yoktur.","hatasoy",NULL,NULL
1312359,"14",NULL,5768,"mail gönderimi","fima mailine mail adresine mail atarken veri koruma hatası alınmaktadır.

işlem için desteklerinizi talep ederim","2","4",18271,"scakici","2026-02-09 16:16:14.44","2026-02-09 16:22:25.077","2026-02-09 15:49:15.42","Mailiniz serbest bırakılmıştır. Tekrar göndermenize gerek yoktur.","10","3","Mailiniz serbest bırakılmıştır. Tekrar göndermenize gerek yoktur.","scakici",NULL,NULL
1312352,"14",NULL,5768,"Borsa İstanbula İmza Sirküleri Paylaşımı","Merhabalar,

Borsa istanbul Kıymetli Madenler Piyasası GIW Uygulama Eğitimi Başvurusunda bulundum. Kayıt için yöneticilerin imzasının teyit edilmesi amacıyla imza sirküleri eklemem gerekiyor. Lakin sistem tc kimlik no paylaşımı sebebiyle mail iletimini engellemektedir. Desteklerinizi rica ederim. teşekkür ederim","2","4",18271,"scakici","2026-02-09 16:07:00.06","2026-02-09 16:16:08.027","2026-02-09 15:42:52.91","Mailiniz serbest bırakılmıştır. Tekrar göndermenize gerek yoktur.","10","3","Mailiniz serbest bırakılmıştır. Tekrar göndermenize gerek yoktur.","scakici",NULL,NULL
1312050,"14",NULL,5768,"Müşteriye Hesap Ekstresi gönderilmesi hk.","09/02/2026 tarihinde, tarafımdan abdurrahman.yazici@erdemirler.com adresine saat 09:15'te gönderilen mailin müşteriye gönderilmesini rica ederim. Mail ektedir.","2","4",18271,"hatasoy","2026-02-09 15:42:57.713","2026-02-09 15:45:08.82","2026-02-09 09:51:30.367","Mailiniz karşıya 5 dakika içerisinde iletilecektir, tekrar göndermenize gerek yoktur.","10","3","Mailiniz karşıya 5 dakika içerisinde iletilecektir, tekrar göndermenize gerek yoktur.","hatasoy",NULL,NULL
1312323,"14",NULL,5768,"iyzico","mailde talimat örneği vardır. serbest bırakılmasını rica ederiz.","2","4",18271,"hatasoy","2026-02-09 15:29:41.577","2026-02-09 15:29:51.25","2026-02-09 15:19:28.55","Mailiniz 5 dakika içerisinde karşıya iletilecektir. Tekrar göndermenize gerek yoktur.","10","3","Mailiniz 5 dakika içerisinde karşıya iletilecektir. Tekrar göndermenize gerek yoktur.","hatasoy",NULL,NULL
1312317,"14",NULL,5768,"SWİFT MESAJI İLETEMEME SORUNU","MERHABA ,

polipa firmasına atılan swift mesajı maillerim iletilememektedir . yardımlarınızı rica ederim","2","4",18271,"hatasoy","2026-02-09 15:27:43.717","2026-02-09 15:28:43.163","2026-02-09 15:16:45.66","Mailiniz 5 dakika içerisinde karşıya iletilecektir. Tekrar göndermenize gerek yoktur.","10","3","Mailiniz 5 dakika içerisinde karşıya iletilecektir. Tekrar göndermenize gerek yoktur.","hatasoy",NULL,NULL
1312302,"14",NULL,5768,"mutabakat gönderim.","s.a.
mutabakat gönderimi yapacağız.
finans@akdemirglobal.eu, mustafaguler@akdemirglobal.eu 
hassas veriye takılıyor, ilgili mail adreslerine gerekli mailin gönderilmesini talep ederim.
mail ektedir.
kolay gelsin.","2","4",18271,"hatasoy","2026-02-09 15:22:39.237","2026-02-09 15:24:15.997","2026-02-09 14:49:49.653","Mailiniz 5 dakika içerisinde karşıya iletilecektir. Tekrar göndermenize gerek yoktur.","10","3","Mailiniz 5 dakika içerisinde karşıya iletilecektir. Tekrar göndermenize gerek yoktur.","hatasoy",NULL,NULL
1312310,"14",NULL,5768,"veri koruma istisnası hk","Merhabalar;

vize işlemleri için şahsi mailime gönderim yapmak istemekteyim. veri güvenliğine takıldığı için gönderim yapamamaktayım. konu hakkında yardımlarınızı talep eder hayırlı çalışmalar dilerim. 

Şahsi E mail: farukaslan27@gmail.com","2","4",18271,"hatasoy","2026-02-09 15:20:26.537","2026-02-09 15:22:17.443","2026-02-09 14:48:44.123","Mailiniz 5 dakika içerisinde karşıya iletilecektir. Tekrar göndermenize gerek yoktur.","10","3","Mailiniz 5 dakika içerisinde karşıya iletilecektir. Tekrar göndermenize gerek yoktur.","hatasoy",NULL,NULL
1312293,"14",NULL,5768,"hesap ekstresi alma işlemleri","merhaba,
6115797 - KÜTAHYA BELEDİYE BAŞKANLIĞI hesabına ait hesap ektresinin yazıcıdan çıkarılabilmesi için yetki talebimiz bulunmaktadır.
konu hakkında yardımlarınızı talep ederim.","2","4",18271,"hatasoy","2026-02-09 15:19:20.303","2026-02-09 15:19:33.037","2026-02-09 14:39:17.08","Merhaba,
Aşağıdaki linkte yer alan ""DLP Ajanı Nasıl Güncellenir?"" başlığındaki adımları uyguladıktan sonra işlemi yeniden yapmayı dener misiniz?
https://bilge.kuveytturk.com.tr/genel/24374-dlp-forcepoint-one-endpoint","10","3","Merhaba,
Aşağıdaki linkte yer alan ""DLP Ajanı Nasıl Güncellenir?"" başlığındaki adımları uyguladıktan sonra işlemi yeniden yapmayı dener misiniz?
https://bilge.kuveytturk.com.tr/genel/24374-dlp-forcepoint-one-endpoint","hatasoy",NULL,NULL
1312246,"14",NULL,5768,"mail iletilmesi hakk","merhaba ,
ilgili mail için teminat mektubu verilmiştir. karşı muhatab banka imza sirkülerini talep etmektedir. mailin serbest bırakılmasını talep ederim","2","4",18271,"hatasoy","2026-02-09 15:14:22.737","2026-02-09 15:16:02.137","2026-02-09 13:39:26.023","Mailiniz 5 dakika içerisinde karşıya iletilecektir. Tekrar göndermenize gerek yoktur.","10","3","Mailiniz 5 dakika içerisinde karşıya iletilecektir. Tekrar göndermenize gerek yoktur.","hatasoy",NULL,NULL
1312236,"14",NULL,5768,"meral@yigitalp.com.tr","95612298 nl müşterimiz Yiğitalp Yapı ltd.şti. yetkilisi meral@yigitalp.com.tr ye mail gönderilmiş olup, serbest bırakılmasını bilgilerinize sunarız.","2","4",18271,"hatasoy","2026-02-09 14:38:46.593","2026-02-09 14:40:08.01","2026-02-09 13:27:58.42","Mailiniz 5 dakika içerisinde karşıya iletilecektir. Tekrar göndermenize gerek yoktur.","10","3","Mailiniz 5 dakika içerisinde karşıya iletilecektir. Tekrar göndermenize gerek yoktur.","hatasoy",NULL,NULL
1312235,"14",NULL,5768,"ekstre yazdırmıyor","ekstrede tc yazxdığından yazdırmıyor imzalı evrak vermemiz lazım yardımcı oalbilir misiniz ?","2","4",18271,"hatasoy","2026-02-09 14:38:06.713","2026-02-09 14:38:22.31","2026-02-09 13:21:26.15","Merhaba,
Aşağıdaki linkte yer alan ""DLP Ajanı Nasıl Güncellenir?"" başlığındaki adımları uyguladıktan sonra işlemi yeniden yapmayı dener misiniz?
https://bilge.kuveytturk.com.tr/genel/24374-dlp-forcepoint-one-endpoint","10","3","Merhaba,
Aşağıdaki linkte yer alan ""DLP Ajanı Nasıl Güncellenir?"" başlığındaki adımları uyguladıktan sonra işlemi yeniden yapmayı dener misiniz?
https://bilge.kuveytturk.com.tr/genel/24374-dlp-forcepoint-one-endpoint","hatasoy",NULL,NULL
1312178,"14",NULL,5768,"Şanlıurfa Ofis Ziyareti Hk konulu mailim","Merhaba, Şanlıurfa Ofis Ziyareti Hk konulu mailim avukatımızın sisteme kayıtlı mail adresinde sorun olduğu için 'av_omeravci@hotmail.com' adresine göndermeye çalıştım gitmedi. mailde TCKN veya kart bilgisi yok. Mailin iletilmesi için yardımcı olabilir misiniz?","2","4",18271,"hatasoy","2026-02-09 13:53:23.89","2026-02-09 14:06:49.763","2026-02-09 11:29:45.733","Mailiniz 5 dakika içerisinde karşıya iletilecektir. Tekrar göndermenize gerek yoktur.","10","3","Mailiniz 5 dakika içerisinde karşıya iletilecektir. Tekrar göndermenize gerek yoktur.","hatasoy",NULL,NULL
1312242,"14",NULL,5768,"bordro aktarımı","Merhabalar vize işlemleri için kendi kişisel verilerimin bulunduğu bordro ve hizmet dökümlerimin olduğu maili atmak istiyorum maskeleme işlemi olmadan desteklerinizi rica ederim","2","4",18271,"hatasoy","2026-02-09 13:41:46.923","2026-02-09 13:42:03.047","2026-02-09 13:36:15.877","Mailiniz 5 dakika içerisinde karşıya iletilecektir. Tekrar göndermenize gerek yoktur.","10","3","Mailiniz 5 dakika içerisinde karşıya iletilecektir. Tekrar göndermenize gerek yoktur.","hatasoy",NULL,NULL
1312206,"14",NULL,5768,"Mail gönderimi hk.","Merhaba, divitteki mail veri güvenliğinden dolayı gönderilememiştir. Gönderim hususunda yardımlarınızı rica ederim.","2","4",18271,"hatasoy","2026-02-09 13:40:12.067","2026-02-09 13:40:21.53","2026-02-09 12:08:18.71","Mailiniz 5 dakika içerisinde karşıya iletilecektir. Tekrar göndermenize gerek yoktur.","10","3","Mailiniz 5 dakika içerisinde karşıya iletilecektir. Tekrar göndermenize gerek yoktur.","hatasoy",NULL,NULL
1311761,"14",NULL,5768,"ekstre çıktı alınması hakkında","merhaba
ekteki excelli cumayeri ilçe müftülüğü kaşe + imzalı talep edilmektedir.inceleme kapsamındadırlar.lakin çıktı alınamıyor.
yetki talebi rica olunur.","2","4",18271,"hatasoy","2026-02-09 12:18:40.76","2026-02-09 16:48:35.88","2026-02-06 14:30:10.29","Kullanıcıya aşağıdaki link doğrultusunda bilgi verilmiştir.

Aşağıdaki linkte yer alan ""DLP Ajanı Nasıl Güncellenir?"" başlığındaki adımları uyguladıktan sonra işlemi yeniden yapmayı dener misiniz?
https://bilge.kuveytturk.com.tr/genel/24374-dlp-forcepoint-one-endpoint","10","3","Kullanıcıya aşağıdaki link doğrultusunda bilgi verilmiştir.

Aşağıdaki linkte yer alan ""DLP Ajanı Nasıl Güncellenir?"" başlığındaki adımları uyguladıktan sonra işlemi yeniden yapmayı dener misiniz?
https://bilge.kuveytturk.com.tr/genel/24374-dlp-forcepoint-one-endpoint","hatasoy",NULL,NULL
1312183,"14",NULL,5768,"Arşiv gönderimi için evrak talep mail gönderememe","Merhabalar,
Arşiv gönderimi için evraklara kaşe imza alınacaktır. Mailin gönderimi hususunda yardımlarınızı talep ederim. Mail görüntüsü divitte bulunmaktadır.","2","4",18271,"hatasoy","2026-02-09 12:01:21.853","2026-02-09 12:01:37.037","2026-02-09 11:38:00.67","Mailiniz 5 dakika içerisinde karşıya iletilecektir. Tekrar göndermenize gerek yoktur.","10","3","Mailiniz 5 dakika içerisinde karşıya iletilecektir. Tekrar göndermenize gerek yoktur.","hatasoy",NULL,NULL
1312150,"14",NULL,5768,"92053108 -       300 MESUT TOPLU MAİL GÖNDERİMİ HK.","Merhaba,
92053108 -       300 MESUT TOPLU KARDEŞLER CAM TEŞVİK DEVRİ HK. başıklı mail akışının işlem gereği gönderilmesi gerekmektedir fakat veri güvenliği uyarısı almaktadır.
Yardımlarınızı rica ederim.","2","4",18271,"hatasoy","2026-02-09 11:09:50.93","2026-02-09 11:11:52.62","2026-02-09 11:00:27.347","Mailiniz 5 dakika içerisinde karşıya iletilecektir. Tekrar göndermenize gerek yoktur.","10","3","Mailiniz 5 dakika içerisinde karşıya iletilecektir. Tekrar göndermenize gerek yoktur.","hatasoy",NULL,NULL
1312059,"14","3",5768,"ekteki raporun tarfıma iletilmesini rica ederim","ekteki raporun tarfıma iletilmesini rica ederim","3","4",5170,"scakici","2026-02-09 10:49:45.733","2026-02-12 16:53:27.62","2026-02-09 10:00:33.533","Merhaba, 

Sorgu sonucu verilmesi uygun değildir. Kullanıcının erişim talebi geçmesi beklenmektedir. ATLAS ortamı analiz ve rapor süreçleri için kullanılamaz.","3","3","Merhaba, 

Sorgu sonucu verilmesi uygun değildir. Kullanıcının erişim talebi geçmesi beklenmektedir.","scakici",NULL,NULL
1311851,"14","6",5768,"VPN sürekli kopuyor","VPN'imde sürekli kopma yaşıyorum. Yardımcı olabilir misiniz?","2","4",5170,"keremt","2026-02-09 08:26:00.773","2026-02-10 11:28:41.197","2026-02-06 17:25:49.963","DLP ajanı kaldırılıp yeniden kurulmuştur.","3","3","DLP ajanı kaldırılıp yeniden kurulmuştur.","keremt",NULL,NULL
1311602,"14",NULL,5768,"işe giriş oryantasyon evraklarını yazıcıda çıkarma yetkisi verilmesi","merhaba işe giriş yapan çalışma arkadaşlarımızın oryantasyon  listesi  bilgi güvenliği engeli sebebi ile yazcıdan dökemiyorum acil yardımcı olur musunuz? verilen uyarıyı ekte belge olarak sundum","2","4",18271,"absaglam","2026-02-06 16:22:43.88","2026-02-06 16:39:11.03","2026-02-06 10:00:47.663","Merhaba,
Aşağıdaki linkte yer alan ""DLP Ajanı Nasıl Güncellenir?"" başlığındaki adımları uyguladıktan sonra işlemi yeniden yapmayı dener misiniz?
https://bilge.kuveytturk.com.tr/genel/24374-dlp-forcepoint-one-endpoint","10","3","Merhaba,
Aşağıdaki linkte yer alan ""DLP Ajanı Nasıl Güncellenir?"" başlığındaki adımları uyguladıktan sonra işlemi yeniden yapmayı dener misiniz?
https://bilge.kuveytturk.com.tr/genel/24374-dlp-forcepoint-one-endpoint","absaglam",NULL,NULL
1311819,"14",NULL,5768,"mail gönderim hatası hk","merhaba,

ekli mailin müşteriye iletilmesi konusunda desteklerinizi rica ederiz.","2","4",18271,"absaglam","2026-02-06 16:10:54.153","2026-02-06 16:14:28.067","2026-02-06 15:59:06.523","Mailiniz 5 dakika içerisinde karşıya iletilecektir. Tekrar göndermenize gerek yoktur.","10","3","Mailiniz 5 dakika içerisinde karşıya iletilecektir. Tekrar göndermenize gerek yoktur.","absaglam",NULL,NULL
1311821,"14",NULL,5768,"aksa","ıban paylaşılmıştır. mailin serbest bırakılmasını rica ederiz.","2","4",18271,"absaglam","2026-02-06 16:09:53.933","2026-02-06 16:10:45.24","2026-02-06 16:04:34.917","Mailiniz 5 dakika içerisinde karşıya iletilecektir. Tekrar göndermenize gerek yoktur.","10","3","Mailiniz 5 dakika içerisinde karşıya iletilecektir. Tekrar göndermenize gerek yoktur.","absaglam",NULL,NULL
1311817,"14",NULL,5768,"MAİLİN SERBEST BIRAKILMASI HK","merhaba,
97730276 nolu müşterimize 703 nolu kredi kullandırılmış olup 400492-102 ve 400492-9 nolu hesaplara bu kredi ödemeleri geçmekte ve buralaradan döviz bozum ve eft işlemleri yapılmaktadır. bu ek nolar sadece müşterimiz adına proje ödemeleri için açılmış ek nolardır.. müşterimiz de gün sonu işlemlerin detayını görmek için her gün ekstre istiyor bizden biz de pdf gönderince veri korumaya takılıyor.şube hesabına geçen kredi ödemelerinin hesap ekstresini mail attık kredi kullanan firmaya.
mailini serbest bırakabilir misniz?","2","4",18271,"absaglam","2026-02-06 15:59:16.04","2026-02-06 16:00:20.943","2026-02-06 15:56:17.487","Mailiniz 5 dakika içerisinde karşıya iletilecektir. Tekrar göndermenize gerek yoktur.","10","3","Mailiniz 5 dakika içerisinde karşıya iletilecektir. Tekrar göndermenize gerek yoktur.","absaglam",NULL,NULL
1311811,"14",NULL,5768,"mail kısıtlması","MERHBALAR;
Maaş bordrom ve diğer evraklar için kendi şahsi mail adresine evrakları göndermem gerekmete olup yetki verilmesi hususunda yardımlarınızı arz rica ederiz.","2","4",18271,"absaglam","2026-02-06 15:51:20.273","2026-02-06 15:55:28.74","2026-02-06 15:48:18.42","Mailiniz 5 dakika içerisinde karşıya iletilecektir. Tekrar göndermenize gerek yoktur.","10","3","Mailiniz 5 dakika içerisinde karşıya iletilecektir. Tekrar göndermenize gerek yoktur.","absaglam",NULL,NULL
1311774,"14",NULL,5768,"Mail Veri Güvenliği İstisnası","Merhaba , 

06.02.2025 / 4.49 saatinde gönderdiğim Göp ve müraacat formu veri güvenliğine takılmıştır. 

İşlem aciliyeti olup istisna yapılmasını rica ederim. Dökümanlarda eklidir.

İyi çalışmalar","2","4",18271,"absaglam","2026-02-06 15:26:51.03","2026-02-06 15:28:13.107","2026-02-06 14:51:23.073","Mailiniz 5 dakika içerisinde karşıya iletilecektir. Tekrar göndermenize gerek yoktur.","10","3","Mailiniz 5 dakika içerisinde karşıya iletilecektir. Tekrar göndermenize gerek yoktur.","absaglam",NULL,NULL
1311786,"14",NULL,5768,"veri güvenliği nedeniyle mail iletilmemsi","merhaba kep üzerinden kurumumuza gelen yaıznın ktsağlam yatırım tarafına iletmem gerekmektedir.ancak veri güvenliği nedeni ile iletilmemektedir konu hakkındı yardımcılarınız talep etmekteyim","3","4",18271,"absaglam","2026-02-06 15:22:35.393","2026-02-06 15:24:27.923","2026-02-06 14:55:15.137","Mailiniz 5 dakika içerisinde karşıya iletilecektir. Tekrar göndermenize gerek yoktur.","10","3","Mailiniz 5 dakika içerisinde karşıya iletilecektir. Tekrar göndermenize gerek yoktur.","absaglam",NULL,NULL
1311776,"14",NULL,5768,"E posta gönderim sorunu","İTÜ UYSM üyeliğimiz oluturulması (kurumca aldığımız hizmet kapsamında) sürecinde tarafımızdan talep edilen belgeler iletilmek istendiğinde (imza sirküsü içinde TCKN bilgileri ) yer alması sebebi ile engellenmektedir. Engelin kaldırılmasını rica ederiz.","2","4",18271,"absaglam","2026-02-06 15:16:59.103","2026-02-06 15:23:23.89","2026-02-06 14:47:52.607","Mailiniz 5 dakika içerisinde karşıya iletilecektir. Tekrar göndermenize gerek yoktur.","10","3","Mailiniz 5 dakika içerisinde karşıya iletilecektir. Tekrar göndermenize gerek yoktur.","absaglam",NULL,NULL
1311748,"14",NULL,5768,"leasing dekontları","Merhaba 96494576 hesap numaralı müşterimizin mailine leasing dekontları gönderilmek istenmektedir. dekontlarda veri kimlik numarası olması dolayısıyla güvenli,ğe takılmaktadır. desteklerinizi arz ederiz.","2","4",18271,"absaglam","2026-02-06 14:38:13.68","2026-02-06 14:40:56.773","2026-02-06 13:59:35.077","Mailiniz 5 dakika içerisinde karşıya iletilecektir. Tekrar göndermenize gerek yoktur.","10","3","Mailiniz 5 dakika içerisinde karşıya iletilecektir. Tekrar göndermenize gerek yoktur.","absaglam",NULL,NULL
1311744,"14",NULL,5768,"mail istisna hk.","Merhaba,
Divitteki maili iletirken sorun yaşamaktayım. Yardımcı olabilir misiniz?
Teşekkürler.","2","4",18271,"absaglam","2026-02-06 14:31:39.613","2026-02-06 14:35:05.65","2026-02-06 14:04:18.17","Mailiniz 5 dakika içerisinde karşıya iletilecektir. Tekrar göndermenize gerek yoktur.","10","3","Mailiniz 5 dakika içerisinde karşıya iletilecektir. Tekrar göndermenize gerek yoktur.","absaglam",NULL,NULL
1311742,"14",NULL,5768,"mail istisna tanımlama","merhaba 94629784 hesap nolu müşterimize sistemde kayıtlı olan dr_n_farfour@hotmail.com mail üzerinden extre ıslak ımzalı pdf ler gonderılecek olup istisna tanımlama talepe deriz.","2","4",18271,"absaglam","2026-02-06 14:29:53.1","2026-02-06 14:36:21.31","2026-02-06 13:59:41.85","Mailiniz 5 dakika içerisinde karşıya iletilecektir. Tekrar göndermenize gerek yoktur.","10","3","Mailiniz 5 dakika içerisinde karşıya iletilecektir. Tekrar göndermenize gerek yoktur.","absaglam",NULL,NULL
1311660,"14",NULL,5768,"müşteri mutabakat iletememe","merhaba ,

selpil yılmaz mailine müşteri mutabakat maillerinin iletilmesini rica ederim .","2","4",18271,"absaglam","2026-02-06 12:29:26.8","2026-02-06 12:30:54.05","2026-02-06 11:19:03.96","Mailiniz 5 dakika içerisinde karşıya iletilecektir. Tekrar göndermenize gerek yoktur.","10","3","Mailiniz 5 dakika içerisinde karşıya iletilecektir. Tekrar göndermenize gerek yoktur.","absaglam",NULL,NULL
1311653,"14",NULL,5768,"KAŞELİ EKSTRE TALEBİ VE BANKA MEKTUBU","Ek te yer alan mailin müşterimize iletimini rica ederim","2","4",18271,"absaglam","2026-02-06 12:28:18.637","2026-02-06 12:38:07.977","2026-02-06 11:12:08.467","Mailiniz 5 dakika içerisinde karşıya iletilecektir. Tekrar göndermenize gerek yoktur.","10","3","Mailiniz 5 dakika içerisinde karşıya iletilecektir. Tekrar göndermenize gerek yoktur.","absaglam",NULL,NULL
1311540,"14",NULL,5768,"Ensar Vakfı ile paylaşılan rapor hk.","Merhaba,

Belirli aralıklarla Ensar Vakfı ile, gecikmiş OTS taksit ödemelerini takip edebilmesi için bu ödeme listesini paylaşıyoruz. E-posta, excelde hassas veri olduğu için iletilmedi. İletilebilmesi konusunda desteğinizi rica ederim.","2","4",18271,"absaglam","2026-02-06 11:46:50.133","2026-02-06 12:28:03.813","2026-02-06 08:50:41.053","Mailiniz 5 dakika içerisinde karşıya iletilecektir. Tekrar göndermenize gerek yoktur.","10","3","Mailiniz 5 dakika içerisinde karşıya iletilecektir. Tekrar göndermenize gerek yoktur.","absaglam",NULL,NULL
1311637,"14",NULL,5768,"İstisna Talebi Hk.","Merhaba,
Yazıcıdan vekaletname çıkarmak istediğim için veri paylaşıma takılmıştır. İstisna tanımı konusunda desteğinizi rica ederiz.
İyi çalışmalar.","2","4",21474,"absaglam","2026-02-06 11:01:34.987","2026-02-06 12:36:42.823","2026-02-06 10:44:22.68","Uygun görülmemiştir. Kişisel ihtiyaçlarınızı kurum dışında halletmeniz rica olunur.","10","3","Uygun görülmemiştir. Kişisel ihtiyaçlarınızı kurum dışında halletmeniz rica olunur.","absaglam",NULL,NULL
1311636,"14",NULL,5768,"Firma Maaş Ödeme Excel Dosyası","Merhaba,

Tuzla denizcilik 98864439 firma yetkisi 98845970 Selim Kocakan a maaş ödeme excel dosyasını göndermek istiyoruz. Desteklerinizi rica/arz ederiz.","2","4",18271,"absaglam","2026-02-06 10:55:27.85","2026-02-06 11:00:33.79","2026-02-06 10:43:29.107","Mailiniz 5 dakika içerisinde karşıya iletilecektir. Tekrar göndermenize gerek yoktur.","10","3","Mailiniz 5 dakika içerisinde karşıya iletilecektir. Tekrar göndermenize gerek yoktur.","absaglam",NULL,NULL
1311618,"14",NULL,5768,"Yazıcıya çıktı çıkartmaması","Risk takip tablosunun üzerinde çalışma yapmak için iş kapsamı dolayısıyla rapor çıktısını çıkartamıyoruz , engelleniyor yardımlarınızı talep ederiz.","2","4",18271,"absaglam","2026-02-06 10:34:36.293","2026-02-06 10:54:25.827","2026-02-06 10:17:31.13","Merhaba,
Aşağıdaki linkte yer alan ""DLP Ajanı Nasıl Güncellenir?"" başlığındaki adımları uyguladıktan sonra işlemi yeniden yapmayı dener misiniz?
https://bilge.kuveytturk.com.tr/genel/24374-dlp-forcepoint-one-endpoint","10","3","Merhaba,
Aşağıdaki linkte yer alan ""DLP Ajanı Nasıl Güncellenir?"" başlığındaki adımları uyguladıktan sonra işlemi yeniden yapmayı dener misiniz?
https://bilge.kuveytturk.com.tr/genel/24374-dlp-forcepoint-one-endpoint","absaglam",NULL,NULL
1311600,"14",NULL,5768,"kredi hesap hareketi","merhaba,
şube hesabına geçen kredi ödemelerinin hesap ekstresini mail attık kredi kullanan firmaya.
mailini serbest bırakabilir misniz?","2","4",18271,"absaglam","2026-02-06 10:18:02.373","2026-02-06 10:25:54.007","2026-02-06 10:08:24.387","Mailiniz 5 dakika içerisinde karşıya iletilecektir. Tekrar göndermenize gerek yoktur.","10","3","Mailiniz 5 dakika içerisinde karşıya iletilecektir. Tekrar göndermenize gerek yoktur.","absaglam",NULL,NULL
1311594,"14",NULL,5768,"serkan.tolukan@zoomlion.com mail hakkında","serkan.tolukan@zoomlion.com bankamız analaşmalı leasing firmalarında n olup yapılan işlem msaı mail olarak gönderilmek istenmiş olup veri güvenliği nedeniyle gönderilememiştir. İlgili mailin adrese ulaştırılması hususunda yardımlarınızı arz ederiz.","2","4",18271,"absaglam","2026-02-06 10:16:49.883","2026-02-06 10:17:43.983","2026-02-06 09:54:24.24","Mailiniz 5 dakika içerisinde karşıya iletilecektir. Tekrar göndermenize gerek yoktur.","10","3","Mailiniz 5 dakika içerisinde karşıya iletilecektir. Tekrar göndermenize gerek yoktur.","absaglam",NULL,NULL
1311579,"14",NULL,5768,"ekstre gönderimi","97790427- Meral Demir ekstre talebi için maile gönderilemiyor. İstisna için yardımlarınızı arz/rica ederim.","2","4",18271,"absaglam","2026-02-06 10:04:32.24","2026-02-06 10:11:46.41","2026-02-06 09:42:43.87","Mailiniz 5 dakika içerisinde karşıya iletilecektir. Tekrar göndermenize gerek yoktur.","10","3","Mailiniz 5 dakika içerisinde karşıya iletilecektir. Tekrar göndermenize gerek yoktur.","absaglam",NULL,NULL
1311481,"14",NULL,5768,"gönderilemeyen göp ve müracaat formu","merhaba hayırlı çalışmalar,

müşterimize göp ve müracaat formunun göndermek istiyoruz fakat veri koruma sistemine takılıyor. işlem özelinde uygunluk verebilir misinz","2","4",18271,"absaglam","2026-02-06 09:34:47.65","2026-02-06 10:34:18.73","2026-02-05 17:03:39.813","Mailiniz 5 dakika içerisinde karşıya iletilecektir. Tekrar göndermenize gerek yoktur.","10","3","Mailiniz 5 dakika içerisinde karşıya iletilecektir. Tekrar göndermenize gerek yoktur.","absaglam",NULL,NULL
1311546,"14",NULL,5768,"Firma Maaş Müşterimiz","Firma maaş müşterimize maaş exel dosyasını atamıyoruz. T.C hesap bilgisi içerdiğinden dolayı müşterimiz maaş ödemesi yapmak için maili göndermemiz gerekmektedir. Desteklerinizi bekliyoruz","2","4",18271,"absaglam","2026-02-06 09:33:33.923","2026-02-06 10:10:06.18","2026-02-06 09:01:19.89","Mailiniz 5 dakika içerisinde karşıya iletilecektir. Tekrar göndermenize gerek yoktur.","10","3","Mailiniz 5 dakika içerisinde karşıya iletilecektir. Tekrar göndermenize gerek yoktur.","absaglam",NULL,NULL
1311467,"14",NULL,5768,"Araç taahhüt  mail","Merhabalar Araç taahhüt ve imza sürküleri mailinin serbest bırakılmasını talep ederiz.","2","4",18271,"absaglam","2026-02-05 16:48:43.37","2026-02-05 16:49:25.653","2026-02-05 16:43:58.133","Mailiniz 5 dakika içerisinde karşıya iletilecektir. Tekrar göndermenize gerek yoktur.","10","3","Mailiniz 5 dakika içerisinde karşıya iletilecektir. Tekrar göndermenize gerek yoktur.","absaglam",NULL,NULL
1311445,"14",NULL,5768,"cemre trafik giden mail engeli","merhaba, cemre trafik firması kurumumuzun çalıştığı trafik tescil aracı firması olup gönderdiğmiz mailler sistem engeline takılmaktadır. saat 16:03 de selinturkmen@cemretrafik.com.tr  ve operasyonyenikayit@cemretrafik.com.tr adreslerine gönderdiğimi mailleri serbest bırakıp cemretrafik.com.tr uzantılı mailleri gönderim beyaz listesine alabilirmisiniz","3","4",18271,"absaglam","2026-02-05 16:21:15.137","2026-02-06 08:52:32.74","2026-02-05 16:04:42.547","Mailiniz 5 dakika içerisinde karşıya iletilecektir. Tekrar göndermenize gerek yoktur.","10","3","Mailiniz 5 dakika içerisinde karşıya iletilecektir. Tekrar göndermenize gerek yoktur.","absaglam",NULL,NULL
1311392,"14",NULL,5768,"yazıya evrak gönderimi istisnası","""Sayın Mustafe Enes Güler / Kuveyt Türk - Eskişehir Sanayi Şubesi (26-155-W16.kuveytturk.local) ,

Bu içerikte bulunan özel nitelikli kişisel verileri 2026-02-05 14:42:10 tarihinde \\srvsube-155\26-155-MFP01 adresine göndermek istediniz. Bilgi güvenliği politikaları gereğince bu işlem engellenmiştir. Özel nitelikli kişisel verilerin hangi içerikleri barındırdığına dair bilgilere aşağıdaki linkte yer alan ""Özel Nitelikli Kişisel Veriler Nelerdir?"" başlığı altından erişim sağlayabilirsiniz. Linkteki bilgiler ile göndermek istediğiniz içerikteki bilgilere denk gelen kısımları akıştan çıkararak veri gönderimini gerçekleştirebilirsiniz.

Link: https://bilge.kuveytturk.com.tr/genel/24799-kvkr
Bu verileri akıştan çıkarmadaniş kapsamı ihtiyacından dolayı gönderilmesi gerekliyse BT Mercek Talep – Çağrı Oluştur ekranından “Yetki ve Erişim Talepleri > Veri Koruma Sistemi İstisna Tanımlama” kategorisinden çağrı oluşturabilirsiniz.

Kuveyt Türk Veri Güvenliği Ekibi""   divittedeki evrakı yazdırmamız gerekiyor ancak filtreye takılmakta istisna talep ederiz.","2","4",18271,"absaglam","2026-02-05 15:37:26.95","2026-02-05 15:39:40.767","2026-02-05 14:53:32.82","Merhaba,
Aşağıdaki linkte yer alan ""DLP Ajanı Nasıl Güncellenir?"" başlığındaki adımları uyguladıktan sonra işlemi yeniden yapmayı dener misiniz?
https://bilge.kuveytturk.com.tr/genel/24374-dlp-forcepoint-one-endpoint","10","3","Merhaba,
Aşağıdaki linkte yer alan ""DLP Ajanı Nasıl Güncellenir?"" başlığındaki adımları uyguladıktan sonra işlemi yeniden yapmayı dener misiniz?
https://bilge.kuveytturk.com.tr/genel/24374-dlp-forcepoint-one-endpoint","absaglam",NULL,NULL
1311405,"14",NULL,5768,"Yapı Sağlığı İzleme Bildirimleri","Merhaba,
KTBÜ'ye gelen deprem yükünü ölçümlemek için binamıza kurulan iki adet deprem sensörünün ölçümlediği bilgileri SMS ve mail kanalı ile belirlenecek kişilere iletmesi gerekmektedir.
Bu nedenle kurumumuz çalışanlarından bazıları bu bilgiyi alabilmesi için firmaya telefon ve mail bilgilerini iletmemiz gerekiyor. Bilgileri iletmeye çalıştığımda VEri koruma sistemi tarafından engellenmektedir. İlgili bilgileri firmaya iletebilmek için istisna tanımlanmasını rica ederim.

Mail adresi:iebal@sensoengineering.com
Gönderilmek istenilen mail ektedir.","2","4",18271,"absaglam","2026-02-05 15:14:10.66","2026-02-05 15:15:12.863","2026-02-05 15:04:39.433","Mailiniz 5 dakika içerisinde karşıya iletilecektir. Tekrar göndermenize gerek yoktur.","10","3","Mailiniz 5 dakika içerisinde karşıya iletilecektir. Tekrar göndermenize gerek yoktur.","absaglam",NULL,NULL
1309703,"14",NULL,5768,"maaş mail gk","merhaba;

Müşterimize güncel maaş ödeme excell paylaşılmakta olup; mailin serbest bırakılmasını rica ederim.","2","4",18271,"absaglam","2026-02-02 12:21:02.937","2026-02-02 14:35:40.087","2026-02-02 11:24:28.313","Mailiniz 5 dakika içerisinde karşıya iletilecektir. Tekrar göndermenize gerek yoktur.","10","3","Mailiniz 5 dakika içerisinde karşıya iletilecektir. Tekrar göndermenize gerek yoktur.","absaglam",NULL,NULL
1311351,"14",NULL,5768,"Mail Serbest Bırakılması","Sayın Yetkili,

muhasebem34@gmail.com adresine 13:57 saatinde gönderdiğim faturalar mail korumasına takılmıştır.
Mali müşavirimizden banka olarak destek almamız gerektiğinden mailimi serbest bırakabilir misiniz?","2","4",18271,"absaglam","2026-02-05 15:10:38.737","2026-02-05 15:35:44.477","2026-02-05 13:57:18.51","Mailiniz 5 dakika içerisinde karşıya iletilecektir. Tekrar göndermenize gerek yoktur.","10","3","Mailiniz 5 dakika içerisinde karşıya iletilecektir. Tekrar göndermenize gerek yoktur.","absaglam",NULL,NULL
1311396,"14",NULL,5768,"Mail gönderimi hk","Merhaba, 
ekteki mail bankamız pos cihazlarının hat bilgiisni içermekte olup teknik firmamızın elindeki sim hatlarının iptal edilebilmesi için mailin karşı tarafa iletilmesini talep ederiz.","2","4",18271,"absaglam","2026-02-05 14:57:50.697","2026-02-05 16:48:34.247","2026-02-05 14:55:57.153","Mailiniz 5 dakika içerisinde karşıya iletilecektir. Tekrar göndermenize gerek yoktur.","10","3","Mailiniz 5 dakika içerisinde karşıya iletilecektir. Tekrar göndermenize gerek yoktur.","absaglam",NULL,NULL
1311342,"14",NULL,5768,"Air Api Veri Sorgulama","Merhaba Kerem Bey,
Air Api üzerinden entegrasyon kurduğumuz firmalar ile refresh token süresini 2 aydan 12 aya çıkaracak asyiyonu aldık. Teğit etmek amaçlı veri tabanında aşağıdaki paylaştığım scripti çalıştırılması gerekiyor. Muhammed Ali Tepe Bey ile görüştüğümüzde Veri güvenliği onayı alınması gerektiğini belirtti. Bu konuda yardımcı olabilir misiniz?

Script: 
SELECT *
FROM cor.""Client""
WHERE 
    ""ClientId"" LIKE '%ecdc50c2-354c-44f5-ad02-73c6677651a7%'
OR ""ClientId"" LIKE '%ed8cf78f-3a05-4c79-bf33-d1c8de28e342%'
OR ""ClientId"" LIKE '%f85c1395-50ed-4ad5-8715-6991057f9bf9%'
OR ""ClientId"" LIKE '%0f8c7ff9-6840-40e4-ba1d-56d38a8c7f8d%'
OR ""ClientId"" LIKE '%015ca162-4eba-41a2-98fc-71cb33898160%';","2","4",22808,"keremt","2026-02-05 14:30:47.433","2026-02-05 14:42:22.39","2026-02-05 13:32:44.773","Merhaba Mehmet Bey, Script hangi DB de çalıştırılacak ve siz neden çalıştıramıyorsunuz? Bilgi verebilir misiniz?","10","3","Merhaba Mehmet Bey, Script hangi DB de çalıştırılacak ve siz neden çalıştıramıyorsunuz? Bilgi verebilir misiniz?Merhaba Mehmet Bey, Script hangi DB de çalıştırılacak ve siz neden çalıştıramıyorsunuz? Bilgi verebilir misiniz?","keremt",NULL,NULL
1311304,"14",NULL,5768,"ekteki mailin serbest bırakılması noktasında yardımlarınızı rica ederiz","Firma maaş listesini bize kendi gönderiyor
Fakat onların gönderdiği excel uyuşmuyor.
Bizim sistemdeki excel maaş şablonunu gönderiyoruz.
içindeki bulunan bütün bilgileri onlar bize gönderdi zaten, mail serbest bırakılması noktasında yardımlarınızı rica ederiz","2","4",18271,"absaglam","2026-02-05 12:02:41.043","2026-02-05 14:01:06.413","2026-02-05 11:54:44.053","Mailiniz 5 dakika içerisinde karşıya iletilecektir. Tekrar göndermenize gerek yoktur.","10","3","Mailiniz 5 dakika içerisinde karşıya iletilecektir. Tekrar göndermenize gerek yoktur.","absaglam",NULL,NULL
1311299,"14",NULL,5768,"Yetki Talebi","Merhaba,
Divitteki mailin gönderilmesi için yardımlarınızı arz ederim.","2","4",18271,"absaglam","2026-02-05 11:58:20.747","2026-02-05 12:02:21.533","2026-02-05 11:50:48.447","Mailiniz 5 dakika içerisinde karşıya iletilecektir. Tekrar göndermenize gerek yoktur. Fakat bir dahakine kişisel işlemlerini kendi cihazlarınızdan görmeniz gerekmektedir. Bu hususta dikkatli olmanızı rica ederiz.","10","3","Mailiniz 5 dakika içerisinde karşıya iletilecektir. Tekrar göndermenize gerek yoktur. Fakat bir dahakine kişisel işlemlerini kendi cihazlarınızdan görmeniz gerekmektedir. Bu hususta dikkatli olmanızı rica ederiz.","absaglam",NULL,NULL
1311258,"14",NULL,5768,"Hesap Ekstresi Çıktı alma işlemi hk","Merhaba,
Oturduğum binanın aidatlarını yatırdığımız hesap bankamızdadır. 
2025 yılına ait hesap dökümünü komşularla paylaşmak için panoya asacağım. bunun için hesap ekstresini çıkartmam lazım fakat veri korumasına takıldım. 
desteklerinizi rica ederim. (eğer işlemi uzaktan siz yapacaksanız, 2 adet çıktı göndermiştim, 1 kopyasını çıkarmamız yeterli olacaktır.)","2","4",18271,"absaglam","2026-02-05 11:55:18.373","2026-02-05 11:58:04.093","2026-02-05 10:52:13.877","Merhaba,
Aşağıdaki linkte yer alan ""DLP Ajanı Nasıl Güncellenir?"" başlığındaki adımları uyguladıktan sonra işlemi yeniden yapmayı dener misiniz?
https://bilge.kuveytturk.com.tr/genel/24374-dlp-forcepoint-one-endpoint","10","3","Merhaba,
Aşağıdaki linkte yer alan ""DLP Ajanı Nasıl Güncellenir?"" başlığındaki adımları uyguladıktan sonra işlemi yeniden yapmayı dener misiniz?
https://bilge.kuveytturk.com.tr/genel/24374-dlp-forcepoint-one-endpoint","absaglam",NULL,NULL
1310720,"14",NULL,5768,"Firmaya mail gönderilmesi","info@oytunyumurta.com firma mail adresine ekstreler gönderilecek olup güvenlik uyarısı vermektedir.

mail iletilebilmesi için yardımlarınızı rica ederiz.

firmanın grup firması da aynı maili kullandığından her iki firmaya aynı mail adresi tanımlanamamakta bu nedenle manuel gönderim yapılmaktadır.","2","4",21474,"absaglam","2026-02-05 11:25:54.067","2026-02-05 11:54:55.04","2026-02-04 09:18:28.623","Mailiniz 5 dakika içerisinde karşıya iletilecektir. Tekrar göndermenize gerek yoktur.","10","3","Mailiniz 5 dakika içerisinde karşıya iletilecektir. Tekrar göndermenize gerek yoktur.","absaglam",NULL,NULL
1311264,"14",NULL,5768,"imza sirküleri gönderimi hk.","Merhabalar,

ekteki belgeleri finansman ile alakalı olarak yapı kredi bankasına mail yoluyla göndermem gerektiğinden yetki talebim bulunmaktadır. konu hususunda acil yardımlarınızı rica ederim.","2","4",18271,"absaglam","2026-02-05 11:25:04.833","2026-02-05 11:25:43.913","2026-02-05 10:53:34.14","Mailiniz 5 dakika içerisinde karşıya iletilecektir. Tekrar göndermenize gerek yoktur.","10","3","Mailiniz 5 dakika içerisinde karşıya iletilecektir. Tekrar göndermenize gerek yoktur.","absaglam",NULL,NULL
1311224,"14",NULL,5768,"96893320 ANKAFERT TARIM (1006-2001)","tazmin@ihracatigelistirme.com.tr   ekli müşterimizin tazmin talebi için talep edilen belgeler veri duvarına takılmıştır. Mailin serbest bırakılmasını rica ederiz.","2","4",18271,"absaglam","2026-02-05 11:23:55.17","2026-02-05 11:24:51.83","2026-02-05 10:13:27.64","Mailiniz 5 dakika içerisinde karşıya iletilecektir. Tekrar göndermenize gerek yoktur.","10","3","Mailiniz 5 dakika içerisinde karşıya iletilecektir. Tekrar göndermenize gerek yoktur.","absaglam",NULL,NULL
1311178,"14",NULL,5768,"MİZAN YAZDIRMA","Selamun alekyüm Müşteri veya muhasebecilerin göndermiş oldugu mizanlarda Alıcılar veya satıcılar kısmında tc kimlik no oldugundan hassas veri uyarısı geldiginden mizan yazdırılamamaktadır. bu hususta kıymetli desteklerinizi rica ederiz.","2","4",18271,"absaglam","2026-02-05 11:22:36.26","2026-02-05 15:06:18.87","2026-02-05 09:42:33.97","Merhaba,
Aşağıdaki linkte yer alan ""DLP Ajanı Nasıl Güncellenir?"" başlığındaki adımları uyguladıktan sonra işlemi yeniden yapmayı dener misiniz?
https://bilge.kuveytturk.com.tr/genel/24374-dlp-forcepoint-one-endpoint","10","3","Merhaba,
Aşağıdaki linkte yer alan ""DLP Ajanı Nasıl Güncellenir?"" başlığındaki adımları uyguladıktan sonra işlemi yeniden yapmayı dener misiniz?
https://bilge.kuveytturk.com.tr/genel/24374-dlp-forcepoint-one-endpoint","absaglam",NULL,NULL
1309176,"14",NULL,5768,"Mail Gönderimi","Merhaba,
Mail gönderimi için desteklerinizi arz rica ederiz.","2","4",18271,"absaglam","2026-02-05 11:20:07.503","2026-02-05 11:21:29.833","2026-01-30 15:59:01.17","Mailiniz 5 dakika içerisinde karşıya iletilecektir. Tekrar göndermenize gerek yoktur.","10","3","Mailiniz 5 dakika içerisinde karşıya iletilecektir. Tekrar göndermenize gerek yoktur.","absaglam",NULL,NULL
1310600,"14",NULL,5768,"hesap ekstresi paylaşımı","merhaba,
müşterimiz selgeye kredi hesap hareketlerini gönderdik şubemiz hesaplarından yapılan işlemler. maili serbest bırakabilir misniz?","2","4",18271,"absaglam","2026-02-03 16:26:37.797","2026-02-03 16:27:11.627","2026-02-03 16:20:15.12","Mailiniz 5 dakika içerisinde karşıya iletilecektir. Tekrar göndermenize gerek yoktur.","10","3","Mailiniz 5 dakika içerisinde karşıya iletilecektir. Tekrar göndermenize gerek yoktur.","absaglam",NULL,NULL
1311141,"14",NULL,5768,"Veri Mail izni","Merhaba, 

Özel sağlık sigortası yenileme dönemi için neova sigortaya aktif sigortalı bilgilerimizi iletmek istiyoruz. Fakat veri  güvenliğinden kaynaklı iletemiyoruz.  Aşağıdaki mail adresine izin verilmesini rica ederiz.

nuray.koyunoglu@neova.com.tr","2","4",21474,"absaglam","2026-02-05 09:15:37.003","2026-02-05 11:28:38.367","2026-02-05 08:52:22.92","Müşteriye mercek taleplerinin olay bazlı açılacağı iletilmiş olup eğer Veri Güvenliği Yönetimini bağlayan bir sürece girilirse kayıt açılması gerektiği anlatılmıştır.","10","3","Müşteriye mercek taleplerinin olay bazlı açılacağı iletilmiş olup eğer Veri Güvenliği Yönetimini bağlayan bir sürece girilirse kayıt açılması gerektiği anlatılmıştır.","absaglam",NULL,NULL
1311135,"14",NULL,5768,"Dataroid Kitle Yükleme Hatası","Merhaba, Dataroid platformuna istenilen müşteri kitleleri  ""Dataroid Veri Şifreleme ve Çözme"" ekranı aracılığıyla şifreli bir şekilde yüklenmekistenmektedir ancak sistem otomatik olarak bunu engellenmektedir bu sebeple hata alınmaktadır. Yüklenmek istenen örnek veri görüntüsü de ekte paylaşılmaktadır. Daha önce hata almadığımız bu sistemde hatanın neden kaynaklandığını incelemenizi rica ederiz.","2","4",18271,"absaglam","2026-02-05 08:54:39.94","2026-02-05 09:15:16.253","2026-02-05 08:26:03.077","Merhaba,
Aşağıdaki linkte yer alan ""DLP Ajanı Nasıl Güncellenir?"" başlığındaki adımları uyguladıktan sonra işlemi yeniden yapmayı dener misiniz?
https://bilge.kuveytturk.com.tr/genel/24374-dlp-forcepoint-one-endpoint","10","3","Merhaba,
Aşağıdaki linkte yer alan ""DLP Ajanı Nasıl Güncellenir?"" başlığındaki adımları uyguladıktan sonra işlemi yeniden yapmayı dener misiniz?
https://bilge.kuveytturk.com.tr/genel/24374-dlp-forcepoint-one-endpoint","absaglam",NULL,NULL
1311073,"14",NULL,5768,"veri koruma istisna tanımlanma hk.","merhaba,

firma yetkililerine proje ile alakalı bilgilendirme maili atılmıştır,

serbest bırakılması istirham olunur.","2","4",18271,"absaglam","2026-02-05 08:43:09.813","2026-02-05 09:18:16.017","2026-02-04 18:09:59.827","Mailiniz 5 dakika içerisinde karşıya iletilecektir. Tekrar göndermenize gerek yoktur.","10","3","Mailiniz 5 dakika içerisinde karşıya iletilecektir. Tekrar göndermenize gerek yoktur.","absaglam",NULL,NULL
1311040,"14",NULL,5768,"MAİL ATAMAMA SORUNU HK","Merhaba,

Müşterimize banka hesap bilgisi yazısı ve imza sirküleri maili atılmıştır. hassas veriye takılmıştır. serbest bırakılması konusunda desteğinizi rica ederim.","2","4",18271,"absaglam","2026-02-04 16:49:37.733","2026-02-04 16:50:24.817","2026-02-04 16:41:11.777","Mailiniz 5 dakika içerisinde karşıya iletilecektir. Tekrar göndermenize gerek yoktur.","10","3","Mailiniz 5 dakika içerisinde karşıya iletilecektir. Tekrar göndermenize gerek yoktur.","absaglam",NULL,NULL
1311047,"14",NULL,5768,"firma ile maaş listesi paylaşılmaktadır","firma ile maaş listesi paylaşılmaktadır. istisna tanımı yapabilir misiniz","2","4",18271,"absaglam","2026-02-04 16:48:03.16","2026-02-04 16:49:25.673","2026-02-04 16:44:52.137","Mailiniz 5 dakika içerisinde karşıya iletilecektir. Tekrar göndermenize gerek yoktur.","10","3","Mailiniz 5 dakika içerisinde karşıya iletilecektir. Tekrar göndermenize gerek yoktur.","absaglam",NULL,NULL
1310938,"14",NULL,5768,"Müşteri Maaş Şablonu TEYİT Maili","Merhaba Müşterimiz 98804860 GHS LOJİSTİK EV VE OFİS TAŞIMACILIĞI TİCARET LİMİT firması 

Bankamızdan maaş ödemesi yapmak istemektedir. Kendisine ilgili şablon kontrol etmesi için gönderilmiştir. 

Ancak veri koruma sistemine takılmıştır. Bu konuda desteklerinizi talep ederiz.","2","4",18271,"absaglam","2026-02-04 16:46:44.56","2026-02-04 16:47:44.503","2026-02-04 14:29:06.753","Mailiniz 5 dakika içerisinde karşıya iletilecektir. Tekrar göndermenize gerek yoktur.","10","3","Mailiniz 5 dakika içerisinde karşıya iletilecektir. Tekrar göndermenize gerek yoktur.","absaglam",NULL,NULL
1310998,"14",NULL,5768,"Ekstre gönderimi hk.","Merhaba, müşterimize ekstre maili gönderirken veri güvenliğine takıldı. İlgili konuda değerli desteklerinizi rica ederim.","2","4",18271,"absaglam","2026-02-04 16:40:29.537","2026-02-04 16:46:30.557","2026-02-04 15:38:11.933","Mailiniz 5 dakika içerisinde karşıya iletilecektir. Tekrar göndermenize gerek yoktur.","10","3","Mailiniz 5 dakika içerisinde karşıya iletilecektir. Tekrar göndermenize gerek yoktur.","absaglam",NULL,NULL
1310866,"14",NULL,5768,"İLETİİNİN İLETİLMESİ","E-76455027-663.05-[2011-1-34]-9343 HAZİNE VE MALİYE BAKANLIĞ Vergi Denetim Kurulu Başkanlığı
Merhabalar,
İlgili denemen acill olduğunu bildirip mail atmaktadır. Maillerimin acil olrak iletilmesini rica ederi.z 
DİVİT EKTEDİR. ozge.aksan.arzuman@vdk.gov.tr","2","4",18271,"absaglam","2026-02-04 15:09:28.807","2026-02-04 15:12:07.857","2026-02-04 12:11:04.823","Mailiniz 5 dakika içerisinde karşıya iletilecektir. Tekrar göndermenize gerek yoktur.","10","3","Mailiniz 5 dakika içerisinde karşıya iletilecektir. Tekrar göndermenize gerek yoktur.","absaglam",NULL,NULL
1310960,"14",NULL,5768,"Ortak alan paylaşım","merhabalar,
MASAK denetçilerinin istediği raporları \\splgecici\gecici(gunluk) alanına ekleyerek denetçilere vermemiz gerekiyor. gerekli yetkilerin verilmesini rica ederiz.

Abdullah Sağlam bilgisi dahilinde acil taleptir.","2","4",18271,"absaglam","2026-02-04 14:55:41.317","2026-02-04 15:01:23.17","2026-02-04 14:52:47.553","Merhaba,
Aşağıdaki linkte yer alan ""DLP Ajanı Nasıl Güncellenir?"" başlığındaki adımları uyguladıktan sonra işlemi yeniden yapmayı dener misiniz?
https://bilge.kuveytturk.com.tr/genel/24374-dlp-forcepoint-one-endpoint","10","3","Merhaba,
Aşağıdaki linkte yer alan ""DLP Ajanı Nasıl Güncellenir?"" başlığındaki adımları uyguladıktan sonra işlemi yeniden yapmayı dener misiniz?
https://bilge.kuveytturk.com.tr/genel/24374-dlp-forcepoint-one-endpoint","absaglam",NULL,NULL
1310879,"14",NULL,5768,"İmza Sirküleri","merhaba,

ekteki belgelerin mail izni hakkında yardımlarınızı arz ederim.","2","4",18271,"absaglam","2026-02-04 14:54:34.283","2026-02-04 14:55:36.137","2026-02-04 12:37:23.537","Mailiniz 5 dakika içerisinde karşıya iletilecektir. Tekrar göndermenize gerek yoktur.","10","3","Mailiniz 5 dakika içerisinde karşıya iletilecektir. Tekrar göndermenize gerek yoktur.","absaglam",NULL,NULL
1310945,"14",NULL,5768,"mail gönderme yetkisi","firma yetkilisi findeks üyelik tanımlama için mail gönderimi yapılmasını izin verilmesini rica ederiz.
mail adresi:Sinan.Gulmez@cargobull.com","2","4",18271,"absaglam","2026-02-04 14:38:34.057","2026-02-04 14:39:41.01","2026-02-04 14:36:42.68","Mailiniz 5 dakika içerisinde karşıya iletilecektir. Tekrar göndermenize gerek yoktur.","10","3","Mailiniz 5 dakika içerisinde karşıya iletilecektir. Tekrar göndermenize gerek yoktur.","absaglam",NULL,NULL
1310940,"14",NULL,5768,"aksa","ekli mailin serbest bırakılmasını rica ederiz  ıban paylaşımı yapılmıştır.","2","4",18271,"absaglam","2026-02-04 14:35:38.263","2026-02-04 14:37:24.97","2026-02-04 14:30:40.723","Mailiniz 5 dakika içerisinde karşıya iletilecektir. Tekrar göndermenize gerek yoktur.","10","3","Mailiniz 5 dakika içerisinde karşıya iletilecektir. Tekrar göndermenize gerek yoktur.","absaglam",NULL,NULL
1310935,"14",NULL,5768,"karaca mail iletimi (abdullah sağlam)","merhabalar, 

karaca grubu ile yeni çalışıyoruz, devir gelmesi sebebi tüm iban bilgilerini istemektedirler ancak kvkk dan dolayı sistem izin vermemektedir. acil desteklerinizi rica ederiz. Abdullah sağlam beyin bilgisi bulunmaktadır","3","4",18271,"absaglam","2026-02-04 14:31:03.46","2026-02-04 14:35:29.867","2026-02-04 14:23:56.063","Mailiniz 5 dakika içerisinde karşıya iletilecektir. Tekrar göndermenize gerek yoktur.","10","3","Mailiniz 5 dakika içerisinde karşıya iletilecektir. Tekrar göndermenize gerek yoktur.","absaglam",NULL,NULL
1310908,"14",NULL,5768,"Hesap Ekstresi","Merhaba,

99509969 nolu müşterimizin kaşeli imzalı hesap ekstresi talebi bulunmaktadır. Tanımalama yapılması hususnda değerli yardımlarınız arz olunur.

Email: msdyeing@gmail.com","2","4",18271,"absaglam","2026-02-04 14:07:59.877","2026-02-04 14:22:30.177","2026-02-04 13:58:57.503","Mailiniz 5 dakika içerisinde karşıya iletilecektir. Tekrar göndermenize gerek yoktur.","10","3","Mailiniz 5 dakika içerisinde karşıya iletilecektir. Tekrar göndermenize gerek yoktur.","absaglam",NULL,NULL
1310887,"14",NULL,5768,"Avukatlara gönderilen maillerin sisteme takılması hk.","Merhaba, Servisimiz iş süreçleri gereği sürekli olarak anlaşmalı avukatlarımız(sözleşmeli hukuk büroları) ile mailleşmeler yapmaktadır. Atılan maillerde sözleşmeler, protokoller ve evraklar ekte bulunmaktadır. Ancak son dönemde avukatlarımıza mail göndermek istediğimizde sürekli olarak hata almaktayız veya politika ihlal edildi şeklinde mailler gelmektedir. İşlemlerimiz aksamaktadır, konuyla alakalı olarak ivedi yardımcı olabilir misiniz? Teşekkürler.
Avukatla imzalanan sözleşmeler divittedir.","2","4",18271,"absaglam","2026-02-04 14:07:04.023","2026-02-04 14:07:51.097","2026-02-04 13:33:55.087","Mailiniz 5 dakika içerisinde karşıya iletilecektir. Tekrar göndermenize gerek yoktur.","10","3","Mailiniz 5 dakika içerisinde karşıya iletilecektir. Tekrar göndermenize gerek yoktur.","absaglam",NULL,NULL
1310867,"14",NULL,5768,"Mailin serbest bırakılması hk","Müşterimize avukatların vekaleti gönderilmekte olup akabinde noterde satış işlemi gerçekleştireceklerdir. Mailin serbest bırakılmasını rica ederiz.","2","4",18271,"absaglam","2026-02-04 13:50:45.827","2026-02-04 14:06:56.2","2026-02-04 12:13:03.077","Mailiniz 5 dakika içerisinde karşıya iletilecektir. Tekrar göndermenize gerek yoktur.","10","3","Mailiniz 5 dakika içerisinde karşıya iletilecektir. Tekrar göndermenize gerek yoktur.","absaglam",NULL,NULL
1310853,"14",NULL,5768,"eposta hk","Merhaba,

aşağıda görüntüsü bulunan mail veri koruma sistemine takılmıştır. Müşterimize imza sirküsü göndermemiz gerekmekte olup mail gönderimi hk yardımlarınızı rica ederiz.","2","4",18271,"absaglam","2026-02-04 13:49:27.61","2026-02-04 13:50:38.627","2026-02-04 12:02:12.073","Mailiniz 5 dakika içerisinde karşıya iletilecektir. Tekrar göndermenize gerek yoktur.","10","3","Mailiniz 5 dakika içerisinde karşıya iletilecektir. Tekrar göndermenize gerek yoktur.","absaglam",NULL,NULL
1310831,"14",NULL,5768,"mail istisna hk.","Merhaba, 

İş gerekliliğince mail atılmaktadır.","2","4",18271,"absaglam","2026-02-04 13:48:18.6","2026-02-04 13:49:19.683","2026-02-04 11:20:59.307","Mailiniz 5 dakika içerisinde karşıya iletilecektir. Tekrar göndermenize gerek yoktur.","10","3","Mailiniz 5 dakika içerisinde karşıya iletilecektir. Tekrar göndermenize gerek yoktur.","absaglam",NULL,NULL
1292373,"14","7",5768,"Tapu harcı ödemesi hk.","Kurumumuza ait bir taşınmazın satışında yapılacak tapu harcı ödemesi talimatı ile alakalı Emlak Katılım bankasına ekleri olan bir mail gönderiyorum ama mailler kendilerine ulaşmıyor, mailler bizim taraftan çıkıyor mu? Bilgi verebilir misiniz, teşekkürler.","2","4",5170,"scakici","2026-02-04 13:35:51.123","2025-12-11 14:49:16.123","2025-12-11 12:07:01.607","Sisteme takılan mail bulunmamaktadır.","3","3","Sisteme takılan mail bulunmamaktadır.","scakici",NULL,NULL
1310603,"14",NULL,5768,"Birimler arası rapor paylaşımı hk","E-posta üzerinden paydaş iş birimimiz bireysel sigorta pazarlama ile power bı dashboard paylaşmak istediğimde veri güvenliğine taklıyorum. Bu dashboardı paylaşmam için istisna talep ederim.","2","4",18271,"absaglam","2026-02-04 11:50:59.943","2026-02-04 11:53:13.823","2026-02-03 16:24:13.617","Merhaba,
Aşağıdaki linkte yer alan ""DLP Ajanı Nasıl Güncellenir?"" başlığındaki adımları uyguladıktan sonra işlemi yeniden yapmayı dener misiniz?
https://bilge.kuveytturk.com.tr/genel/24374-dlp-forcepoint-one-endpoint","10","3","Merhaba,
Aşağıdaki linkte yer alan ""DLP Ajanı Nasıl Güncellenir?"" başlığındaki adımları uyguladıktan sonra işlemi yeniden yapmayı dener misiniz?
https://bilge.kuveytturk.com.tr/genel/24374-dlp-forcepoint-one-endpoint","absaglam",NULL,NULL
1310678,"14",NULL,5768,"Has çelik proje ödemesi dekontlarının maili hakkında","Merhaba

Müşterimize proje ödeme dekontlarını yolladığımızda veri korumaya takılmaktadır. Mailinin serbest bırakılması adına değerli yardımlarınız rica olunur.

iyi çalışmalar.","2","4",18271,"absaglam","2026-02-04 11:49:21.223","2026-02-04 11:50:50.277","2026-02-04 08:38:40.847","Mailiniz 5 dakika içerisinde karşıya iletilecektir. Tekrar göndermenize gerek yoktur.","10","3","Mailiniz 5 dakika içerisinde karşıya iletilecektir. Tekrar göndermenize gerek yoktur.","absaglam",NULL,NULL
1310705,"14",NULL,5768,"RE: R770 firmware hk.","MErhabalar,

30 Ocak tarihinde üretici firmaya atmış olduğum RE: R770 firmware hk. konulu başlıklı mail istisna tanımlanmasına rağmen ulaşmamış,yeniden gönderdim. İletilmesi konusunda destek olabilir misiniz.","2","4",18271,"absaglam","2026-02-04 11:48:16.647","2026-02-04 11:49:14.43","2026-02-04 09:05:47.713","Mailiniz 5 dakika içerisinde karşıya iletilecektir. Tekrar göndermenize gerek yoktur.","10","3","Mailiniz 5 dakika içerisinde karşıya iletilecektir. Tekrar göndermenize gerek yoktur.","absaglam",NULL,NULL
1310774,"14",NULL,5768,"Hesap ekstresi gönderim","8886807 nolu müşterimiz sinan sarıkurt un sistemimizde kayıtlı sinansarikurt@gmail.com mail adresine kendi ekstresini  kaşeli imzalı olarak göndermek istiyoruz. kendisi yurt dışında konsoloslukta vize için beklemektedir. desteklerinizi rica ederiz.","2","4",18271,"absaglam","2026-02-04 11:47:49.697","2026-02-04 11:48:10.98","2026-02-04 10:26:19.843","Mailiniz 5 dakika içerisinde karşıya iletilecektir. Tekrar göndermenize gerek yoktur.","10","3","Mailiniz 5 dakika içerisinde karşıya iletilecektir. Tekrar göndermenize gerek yoktur.","absaglam",NULL,NULL
1310782,"14",NULL,5768,"Buyaka AVM mutabakat maili","Merhaba
mutabakat mailimiz veri korumaya takılmıştır.
serbest bırakılması adına değerli yardımlarınız rica olunur.
iyi çalışmalar.","2","4",18271,"absaglam","2026-02-04 11:46:34.037","2026-02-04 11:47:41.45","2026-02-04 10:34:20.87","Mailiniz 5 dakika içerisinde karşıya iletilecektir. Tekrar göndermenize gerek yoktur.","10","3","Mailiniz 5 dakika içerisinde karşıya iletilecektir. Tekrar göndermenize gerek yoktur.","absaglam",NULL,NULL
1310632,"14",NULL,5768,"karaca mail iletimi hak","merhabalar, 

karaca grubu ile yeni çalışıyoruz, devir gelmesi sebebi tüm iban bilgilerini istemektedirler ancak kvkk dan dolayı sistem izin vermemektedir. acil desteklerinizi rica ederiz. 16.03 te 'halil.caliskan@karaca.com' a atılan mailin iletilmesini veya halil beye mail iletimi ile ilgili tanımlama rica ederiz.","3","4",18271,"absaglam","2026-02-04 08:48:38.733","2026-02-04 11:46:27.773","2026-02-03 17:31:42.66","Mailiniz 5 dakika içerisinde karşıya iletilecektir. Tekrar göndermenize gerek yoktur.","10","3","Mailiniz 5 dakika içerisinde karşıya iletilecektir. Tekrar göndermenize gerek yoktur.","absaglam",NULL,NULL
1310619,"14",NULL,5768,"Swift maili hk","Müşterimiz adına ödenen kredinin swift maili müşterimize ulaşmamıştır. Swift mailini göndermek isteiğimizde veri güvenliğine takılmıştır. Maillin acil iletilmesi çok önemlidir. Yardımlarınızı talep ederiz.","2","4",18271,"absaglam","2026-02-03 17:01:05.98","2026-02-04 14:25:08.473","2026-02-03 16:52:12.927","Mailiniz 5 dakika içerisinde karşıya iletilecektir. Tekrar göndermenize gerek yoktur.","10","3","Mailiniz 5 dakika içerisinde karşıya iletilecektir. Tekrar göndermenize gerek yoktur.","absaglam",NULL,NULL
1310615,"14",NULL,5768,"mail serbest bırakma","ekte yer alan mailin serbest bırakılmasını rica ederim","2","4",18271,"absaglam","2026-02-03 17:00:45.377","2026-02-03 17:02:35.447","2026-02-03 16:48:05.56","Mailiniz 5 dakika içerisinde karşıya iletilecektir. Tekrar göndermenize gerek yoktur.","10","3","Mailiniz 5 dakika içerisinde karşıya iletilecektir. Tekrar göndermenize gerek yoktur.","absaglam",NULL,NULL
1310607,"14",NULL,5768,"\\splgecici\gecici(gunluk) alanına veri ekleme","merhabalar,
MASAK denetçilerinin istediği raporları \\splgecici\gecici(gunluk) alanına ekleyerek denetçilere vermemiz gerekiyor. gerekli yetkilerin verilmesini rica ederiz.","2","4",18271,"absaglam","2026-02-03 16:42:28.35","2026-02-03 16:42:39.903","2026-02-03 16:30:38.203","Merhaba,
Aşağıdaki linkte yer alan ""DLP Ajanı Nasıl Güncellenir?"" başlığındaki adımları uyguladıktan sonra işlemi yeniden yapmayı dener misiniz?
https://bilge.kuveytturk.com.tr/genel/24374-dlp-forcepoint-one-endpoint","10","3","Merhaba,
Aşağıdaki linkte yer alan ""DLP Ajanı Nasıl Güncellenir?"" başlığındaki adımları uyguladıktan sonra işlemi yeniden yapmayı dener misiniz?
https://bilge.kuveytturk.com.tr/genel/24374-dlp-forcepoint-one-endpoint","absaglam",NULL,NULL
1310598,"14",NULL,5768,"mailin serbest bırakılması hk","merhaba,
müşterimiz tanırlara kredi hesap hareketlerini gönderdik şubemiz hesaplarından yapılan işlemler. maili serbest bırakabilir misniz?","2","4",18271,"absaglam","2026-02-03 16:25:28.513","2026-02-03 16:26:27.63","2026-02-03 16:18:15.59","Mailiniz 5 dakika içerisinde karşıya iletilecektir. Tekrar göndermenize gerek yoktur.","10","3","Mailiniz 5 dakika içerisinde karşıya iletilecektir. Tekrar göndermenize gerek yoktur.","absaglam",NULL,NULL
1310560,"14",NULL,5768,"mail gitmeme sorunu","merhaba,

'cbiricik@muhasebat.com.tr' istanbul maliye ye vergi ödeme dekontu mail atıldı. fakat mail güvenlieğ takıldı ve gitmedi. mailin serbest bırakılması hususunda desteğinizi rica ederim.","2","4",18271,"absaglam","2026-02-03 16:23:50.347","2026-02-03 16:25:21.11","2026-02-03 15:25:19.283","Mailiniz 5 dakika içerisinde karşıya iletilecektir. Tekrar göndermenize gerek yoktur.","10","3","Mailiniz 5 dakika içerisinde karşıya iletilecektir. Tekrar göndermenize gerek yoktur.","absaglam",NULL,NULL
1310548,"14",NULL,5768,"mail istisna talebi hk.","Merhaba, 

İlgili mail akışındaki hesap numarası, iş birimi gerekliliğince paylaşılmış olup istisane tanımlanmasını rica ederiz.","2","4",18271,"absaglam","2026-02-03 16:22:49.11","2026-02-03 16:23:41.287","2026-02-03 15:00:19.65","Mailiniz 5 dakika içerisinde karşıya iletilecektir. Tekrar göndermenize gerek yoktur.","10","3","Mailiniz 5 dakika içerisinde karşıya iletilecektir. Tekrar göndermenize gerek yoktur.","absaglam",NULL,NULL
1310469,"14",NULL,5768,"MUSA ATAR <musa@sofu.com.tr>","96998333 nl müşteri MUSA ATAR <musa@sofu.com.tr> ekstre gönderilmiştir.Serbest bırakılmasını rica ederiz.","2","4",18271,"absaglam","2026-02-03 16:16:00.193","2026-02-03 16:22:32.273","2026-02-03 13:38:59.65","Mailiniz 5 dakika içerisinde karşıya iletilecektir. Tekrar göndermenize gerek yoktur.","10","3","Mailiniz 5 dakika içerisinde karşıya iletilecektir. Tekrar göndermenize gerek yoktur.","absaglam",NULL,NULL
1310366,"14",NULL,5768,"teşvik maili","merhaba  
üteşvik firması olan tgl gümrüm firmasına mail atmak istedigimde veri guvenlgine takılmaktadır engelin kaldırılmasını rica ederim mail adresi ytb@tglgumruk.com.tr
musterı ve sube sorumlusu maıl adreslerı Mehmet Subaşıoğlu / Kuveyt Türk - Balıkesir Şubesi <mehmet.subasioglu@kuveytturk.com.tr>; 'info@romsan.com.tr'","3","4",18271,"absaglam","2026-02-03 15:23:15.813","2026-02-03 16:28:28.12","2026-02-03 10:49:42.693","Mailiniz 5 dakika içerisinde karşıya iletilecektir. Tekrar göndermenize gerek yoktur.","10","3","Mailiniz 5 dakika içerisinde karşıya iletilecektir. Tekrar göndermenize gerek yoktur.","absaglam",NULL,NULL
1310546,"14",NULL,5768,"AKAL TİCARET İSTİSNA TALEBİ","yusuf.alkan@alk.com.tr adresinin tanımlı olduğu 1397194 numaralı müşterimiz Yusuf Alkan 162891 numaralı Akal Ticaret isimli müşterimizin ortağı ve müdürüdür. Gruptaki diğer hesaplarında yöneticisi ve takipçisidir. yusuf.alkan@alk.com.tr mail adresine firma ve gruptaki hesaplarla ilgili ekstre bgakiye raporu göndermek istediğimizde divitteki uyarıyı almakta olduğumuzdan istisna talebimiz vardır.","2","4",18271,"absaglam","2026-02-03 15:06:26.543","2026-02-03 15:07:29.55","2026-02-03 14:56:44.783","Mailiniz 5 dakika içerisinde karşıya iletilecektir. Tekrar göndermenize gerek yoktur.","10","3","Mailiniz 5 dakika içerisinde karşıya iletilecektir. Tekrar göndermenize gerek yoktur.","absaglam",NULL,NULL
1310545,"14",NULL,5768,"mail gönderim kısıt kaldırma","merhaba,
aşağıda görüntüde yer alan maili serbest bırakabilir msiniz? şube hesabından yapılan müşterimize ait kredi işlemlerinin detayları..","2","4",18271,"absaglam","2026-02-03 15:04:13.057","2026-02-03 15:06:04.807","2026-02-03 14:58:17.797","Mailiniz 5 dakika içerisinde karşıya iletilecektir. Tekrar göndermenize gerek yoktur.","10","3","Mailiniz 5 dakika içerisinde karşıya iletilecektir. Tekrar göndermenize gerek yoktur.","absaglam",NULL,NULL
1310531,"14",NULL,5768,"mailin serbest bırakılması hk","merhaba ekli mailin serbest bırakılmasını rica ederiz. ıban bilgileri paylaşılmıştır.","2","4",18271,"absaglam","2026-02-03 14:54:00.343","2026-02-03 14:55:13.773","2026-02-03 14:41:11.223","Mailiniz 5 dakika içerisinde karşıya iletilecektir. Tekrar göndermenize gerek yoktur.","10","3","Mailiniz 5 dakika içerisinde karşıya iletilecektir. Tekrar göndermenize gerek yoktur.","absaglam",NULL,NULL
1310482,"14",NULL,5768,"Bağımsız denetim süreçleri hk","Merhaba, 

Bağımsız denetçilerimizin istediği dataları paylaşırken çoğu zaman IBAN ve TCKN bilgisi iletmememize rağmen hassas veriye takılıyoruz. geçiciye dosya kopyalarken bu hatayı dilyas kullancısı için kaldırılmasını rica ediyoruz. denetim sürecimizi aşırı uzatıyor maalesef.","2","4",18271,"absaglam","2026-02-03 14:50:24.737","2026-02-03 16:34:48.79","2026-02-03 13:52:12.657","Merhaba,
Aşağıdaki linkte yer alan ""DLP Ajanı Nasıl Güncellenir?"" başlığındaki adımları uyguladıktan sonra işlemi yeniden yapmayı dener misiniz?
https://bilge.kuveytturk.com.tr/genel/24374-dlp-forcepoint-one-endpoint","10","3","Merhaba,
Aşağıdaki linkte yer alan ""DLP Ajanı Nasıl Güncellenir?"" başlığındaki adımları uyguladıktan sonra işlemi yeniden yapmayı dener misiniz?
https://bilge.kuveytturk.com.tr/genel/24374-dlp-forcepoint-one-endpoint","absaglam",NULL,NULL
1309427,"14",NULL,5768,"Mail gönderimi hk.","Merhaba, divitteki maili göndermek isterken veri güvenliği uyarısı alındı. Mail gönderimi hususunda değerli yardımlarınızı rica eder, hayırlı çalışmalar dilerim.","2","4",18271,"absaglam","2026-02-03 14:48:52.64","2026-02-03 14:50:17.083","2026-02-02 10:02:00.563","Mailiniz 5 dakika içerisinde karşıya iletilecektir. Tekrar göndermenize gerek yoktur.","10","3","Mailiniz 5 dakika içerisinde karşıya iletilecektir. Tekrar göndermenize gerek yoktur.","absaglam",NULL,NULL
1310395,"14",NULL,5768,"Mail Gönderimi","Merhaba,
Mail divitinde bulunan sim hatlarına ait telefon numaralarından kaynaklı mailim banksoft firmasına iletilmemiştir.
Acil iletilmesi için desteklerinizi rica ederiz.
Talepteki hatların alımı için servis yönlendirilecektir , firma bizden bu evrakı bekliyor.

İyi çalışmalar.","2","4",18271,"absaglam","2026-02-03 12:13:56.69","2026-02-03 12:17:11.943","2026-02-03 11:29:40.04","Mailiniz 5 dakika içerisinde karşıya iletilecektir. Tekrar göndermenize gerek yoktur.","10","3","Mailiniz 5 dakika içerisinde karşıya iletilecektir. Tekrar göndermenize gerek yoktur.","absaglam",NULL,NULL
1310377,"14",NULL,5768,"şube hesap ekstresi paylaşımı hk","merhaba,
97730276 nolu müşterimize 703 nolu kredi kullandırılmış olup 400492-102 ve 400492-9 nolu hgesaplara bu kredi ödemeleri geçmekte ve buralaradan döviz bozum ve eft işlemleri yapılmaktadır. bu ek nolar sadece müşterimiz adına proje ödemeleri için açılmış ek nolardır.. müşterimiz de gün sonu işlemlerin detayını görmek için her gün ekstre istiyor bizden biz de pdf gönderince veri korumaya takılıyor. bu 2 ek no üzerindeki veri korumayı süresiz kaldırabilir misn iz? her gün de btye talep açmak istemiyoruz. sorunun tamamen çözülmesini istiyoruz.. aşağıda veri koruma ekran görüntüsü var","2","4",18271,"absaglam","2026-02-03 12:11:16.913","2026-02-03 12:12:42.607","2026-02-03 10:59:23.23","Mailiniz 5 dakika içerisinde karşıya iletilecektir. Tekrar göndermenize gerek yoktur.","10","3","Mailiniz 5 dakika içerisinde karşıya iletilecektir. Tekrar göndermenize gerek yoktur.","absaglam",NULL,NULL
1310375,"14",NULL,5768,"mail serbest bırakma","ekte yer alan mailin serbest bırakılmasını rica ederim.","2","4",18271,"absaglam","2026-02-03 12:10:03.427","2026-02-03 12:11:02.393","2026-02-03 11:01:22.55","Mailiniz 5 dakika içerisinde karşıya iletilecektir. Tekrar göndermenize gerek yoktur.","10","3","Mailiniz 5 dakika içerisinde karşıya iletilecektir. Tekrar göndermenize gerek yoktur.","absaglam",NULL,NULL
1309796,"14",NULL,5768,"hesap ekstresi hk.","Merhaba Müşterinin kendi hesabında bulunan teyitli email adresine kaşeli imzalı hesap ekstersinin iletilmesini talep ederiz. ilgili email divite eklenmiştir","2","4",18271,"absaglam","2026-02-02 13:59:44.673","2026-02-02 14:18:18.86","2026-02-02 12:50:08.237","Mailiniz 5 dakika içerisinde karşıya iletilecektir. Tekrar göndermenize gerek yoktur.","10","3","Mailiniz 5 dakika içerisinde karşıya iletilecektir. Tekrar göndermenize gerek yoktur.","absaglam",NULL,NULL
1310370,"14",NULL,5768,"Maaş listesi","maaş ödeyeceğimiz firmaya personel listesi paylaşırken veri koruma sistemine takılıyoruz. istisna tanımlaması konusunda desteklerinizi arz ederiz.

mail: ngacinaraltikunefe@hotmail.com","2","4",18271,"absaglam","2026-02-03 12:08:19.257","2026-02-03 12:18:20.957","2026-02-03 10:55:50","Mailiniz 5 dakika içerisinde karşıya iletilecektir. Tekrar göndermenize gerek yoktur.","10","3","Mailiniz 5 dakika içerisinde karşıya iletilecektir. Tekrar göndermenize gerek yoktur.","absaglam",NULL,NULL
1310342,"14",NULL,5768,"merhaba","merhaba 'Ragip Barisoglu' <ragipbarisoglu@charismagoods.com> ve sm.yusuf.bayraktar@gmail.com e gönderdiğim mail güvenliğe takıldı müşteri ibkb belgelerini talep etti iletebilir misiniz?","2","4",18271,"absaglam","2026-02-03 10:47:21.853","2026-02-03 12:08:00.883","2026-02-03 10:29:04.487","Mailiniz 5 dakika içerisinde karşıya iletilecektir. Tekrar göndermenize gerek yoktur.","10","3","Mailiniz 5 dakika içerisinde karşıya iletilecektir. Tekrar göndermenize gerek yoktur.","absaglam",NULL,NULL
1310282,"14",NULL,5768,"aksa","ekli mailin serbest bırakılmasını rica ederiz. iban bilgileri paylaşılmıştır.","2","4",18271,"absaglam","2026-02-03 10:30:11.683","2026-02-03 10:32:18.193","2026-02-03 09:35:44.773","Mailiniz 5 dakika içerisinde karşıya iletilecektir. Tekrar göndermenize gerek yoktur.","10","3","Mailiniz 5 dakika içerisinde karşıya iletilecektir. Tekrar göndermenize gerek yoktur.","absaglam",NULL,NULL
1310258,"14",NULL,5768,"MAİL GÖNDERİMİ HK.","Merhaba, müşterimiz poliçe detaylarını talep etmiştir. Bundan dolayı sistemde kayıtlı olan mail adresine poliçenin detaylarını göndermek istedik ancak veri gizliliğinden kaynaklı gönderim sağlayamadık. Uygun görülmesi halinde mail karşı tarafa iletilmesi konusunda desteklerinizi rica ederiz.","2","4",18271,"absaglam","2026-02-03 10:28:34.91","2026-02-03 10:44:52.39","2026-02-03 09:20:23.423","Mailiniz 5 dakika içerisinde karşıya iletilecektir. Tekrar göndermenize gerek yoktur.","10","3","Mailiniz 5 dakika içerisinde karşıya iletilecektir. Tekrar göndermenize gerek yoktur.","absaglam",NULL,NULL
1310306,"14",NULL,5768,"Merhaba","Merhaba,
Yetki verilmesini rica ederiz.","2","4",18271,"absaglam","2026-02-03 10:20:27.55","2026-02-03 10:28:24.68","2026-02-03 09:54:15.087","Mailiniz 5 dakika içerisinde karşıya iletilecektir. Tekrar göndermenize gerek yoktur.","10","3","Mailiniz 5 dakika içerisinde karşıya iletilecektir. Tekrar göndermenize gerek yoktur.","absaglam",NULL,NULL
1309979,"14",NULL,5768,"Yakut Sunucusuna Erişim HK.","Merhaba,
Vegaya erişim için Yakut sunucuna erişim yetkisi tanımlı değil. Tanımlıyabilir misiniz? Hata görseli ektedir.","2","4",21474,"absaglam","2026-02-03 08:55:33.71","2026-02-03 08:58:04.39","2026-02-02 17:18:48.413","Merhaba, db ortamlarına erişerek yetki alabilmek için veri erişim talep ekranından talep geçebilirsiniz. 
BT mercek üzerinden veri tabanlarına yetki verilmemektedir.","10","3","Merhaba, db ortamlarına erişerek yetki alabilmek için veri erişim talep ekranından talep geçebilirsiniz. 
BT mercek üzerinden veri tabanlarına yetki verilmemektedir.","absaglam",NULL,NULL
1309942,"14",NULL,5768,"Hassas Veri Gitmeyen Mail","Merhaba,
 
Müşterimizin talebi doğrultusunda istenen belgeler hassas veri sebebiyle iletilememiştir. Müşteriye ait bu verilerin iş kapsamı ihtiyacı dolayısıyla gönderilmesi gerekli olduğundan istisna tanımlanması hususunda desteklerinizi rica ederim.","2","4",18271,"absaglam","2026-02-02 17:04:19.637","2026-02-02 17:09:25.81","2026-02-02 16:24:38.543","Mailiniz 5 dakika içerisinde karşıya iletilecektir. Tekrar göndermenize gerek yoktur.","10","3","Mailiniz 5 dakika içerisinde karşıya iletilecektir. Tekrar göndermenize gerek yoktur.","absaglam",NULL,NULL
1309888,"14",NULL,5768,"email","Merhaba Ekte bulunan emaili müşteriye ulaşılması hususunda yardımlarınız arz / rica ederim","2","4",18271,"absaglam","2026-02-02 15:52:40.683","2026-02-02 15:55:25.567","2026-02-02 15:05:08.413","Mailiniz 5 dakika içerisinde karşıya iletilecektir. Tekrar göndermenize gerek yoktur.","10","3","Mailiniz 5 dakika içerisinde karşıya iletilecektir. Tekrar göndermenize gerek yoktur.","absaglam",NULL,NULL
1309886,"14",NULL,5768,"E-POSTA İSTİSNA HK.","Merhaba, müşterimiz Seyahat Sağlık Sigortası yaptırmış olup, konsolosluğa ibraz etmesi için mail olarak talep etmiştir. Mail ektedir. Konu hakkında yardımlarınızı rica ederiz.","2","4",18271,"absaglam","2026-02-02 15:05:40.057","2026-02-02 15:07:40.853","2026-02-02 15:02:38.303","Mailiniz 5 dakika içerisinde karşıya iletilecektir. Tekrar göndermenize gerek yoktur.","10","3","Mailiniz 5 dakika içerisinde karşıya iletilecektir. Tekrar göndermenize gerek yoktur.","absaglam",NULL,NULL
1309851,"14",NULL,5768,"mail istisna talebi hk","Merhaba, 

Maildeki yazışmalarda iş birimi gerekliliğinden ötürü hesap bilgisi yer almaktadır.","2","4",18271,"absaglam","2026-02-02 14:48:18.66","2026-02-02 14:49:36.96","2026-02-02 14:17:15.25","Mailiniz 5 dakika içerisinde karşıya iletilecektir. Tekrar göndermenize gerek yoktur.","10","3","Mailiniz 5 dakika içerisinde karşıya iletilecektir. Tekrar göndermenize gerek yoktur.","absaglam",NULL,NULL
1309637,"14",NULL,5768,"mail iletimi hk","müşteri isteği üzerine mutabakat metni gönderilmiştir. mailin iletilmesini rica ederiz.
HAYAT GÖRSEL YAYINCILIK ANONİM ŞİRKETİ

necla.ozdemir@kanal7.com","2","4",18271,"absaglam","2026-02-02 14:36:01.127","2026-02-02 14:37:06.397","2026-02-02 10:42:30.763","Mailiniz 5 dakika içerisinde karşıya iletilecektir. Tekrar göndermenize gerek yoktur.","10","3","Mailiniz 5 dakika içerisinde karşıya iletilecektir. Tekrar göndermenize gerek yoktur.","absaglam",NULL,NULL
1309807,"14",NULL,5768,"istisna tanımı hakkında","VS Code içinde (localimde) IP adreslerini kod içine koymak istediğimde dlp engellemektedir, iş kapsamı gereği istisna tanımı rica ederim.","2","4",18271,"absaglam","2026-02-02 14:25:48.633","2026-02-02 14:30:31.173","2026-02-02 13:34:06.94","Merhaba,
Aşağıdaki linkte yer alan ""DLP Ajanı Nasıl Güncellenir?"" başlığındaki adımları uyguladıktan sonra işlemi yeniden yapmayı dener misiniz?
https://bilge.kuveytturk.com.tr/genel/24374-dlp-forcepoint-one-endpoint","10","3","Merhaba,
Aşağıdaki linkte yer alan ""DLP Ajanı Nasıl Güncellenir?"" başlığındaki adımları uyguladıktan sonra işlemi yeniden yapmayı dener misiniz?
https://bilge.kuveytturk.com.tr/genel/24374-dlp-forcepoint-one-endpoint","absaglam",NULL,NULL
1309840,"14",NULL,5768,"Dosya Paylaşım İzni Hk.","Merhaba,
Ekteki excel dosyasını mail olarak paylaşmak istediğimde hassas veri engeline takılmaktayım. Dosyayı paylaşabilmek için desteğinizi rica ederim.
İyi çalışmalar.","2","4",18271,"absaglam","2026-02-02 14:22:04.557","2026-02-02 14:23:16.097","2026-02-02 14:09:17.867","Mailiniz 5 dakika içerisinde karşıya iletilecektir. Tekrar göndermenize gerek yoktur.","10","3","Mailiniz 5 dakika içerisinde karşıya iletilecektir. Tekrar göndermenize gerek yoktur.","absaglam",NULL,NULL
1309825,"14",NULL,5768,"Mail Serbest Bırakılması Hakkında","Merhaba,
Ekli mail proje ödemesi kapsamında müşteriye gönderilmektedir.
Serbest bırakılması konusunda yardımlarınızı talep ederiz.","2","4",18271,"absaglam","2026-02-02 14:20:49.007","2026-02-02 14:21:52.323","2026-02-02 13:50:51.46","Mailiniz 5 dakika içerisinde karşıya iletilecektir. Tekrar göndermenize gerek yoktur.","10","3","Mailiniz 5 dakika içerisinde karşıya iletilecektir. Tekrar göndermenize gerek yoktur.","absaglam",NULL,NULL
1309785,"14",NULL,5768,"Ensar Vakfı Eposta ile İletilmeyen mail","Merhaba,

Her ay ots kapsamında ensar vakfı ile paylaştığım, iade raporunu gönderirken öğrenci ad soyad tckn verisi içerdiği için hassas veri engeline takıldı. 

Mailin iletilebilmesi konusunda desteğinizi rica ederim.","2","4",18271,"absaglam","2026-02-02 14:18:56.797","2026-02-02 14:20:36.823","2026-02-02 12:35:57.097","Mailiniz 5 dakika içerisinde karşıya iletilecektir. Tekrar göndermenize gerek yoktur.","10","3","Mailiniz 5 dakika içerisinde karşıya iletilecektir. Tekrar göndermenize gerek yoktur.","absaglam",NULL,NULL
1309800,"14",NULL,5768,"aksa","ekli mailin serbest bırakılmasını rica ederiz.","2","4",18271,"absaglam","2026-02-02 14:16:40.363","2026-02-02 14:17:27.863","2026-02-02 13:16:38.363","Mailiniz 5 dakika içerisinde karşıya iletilecektir. Tekrar göndermenize gerek yoktur.","10","3","Mailiniz 5 dakika içerisinde karşıya iletilecektir. Tekrar göndermenize gerek yoktur.","absaglam",NULL,NULL
1309737,"14",NULL,5768,"'halil@sembolmuhasebe.com'","97147703 nl müşteri akr otom.ltd.şti. resmi muhasebesine tevik kapama işlemleri için leasing sözleşmesi ve gümrük beyannamesi mail gönderilmiştir. Mail adresi 'halil@sembolmuhasebe.com' .
Serbest bırakılmasını tlaep ederiz.","2","4",18271,"absaglam","2026-02-02 12:19:22.19","2026-02-02 12:20:42.567","2026-02-02 11:53:17.373","Mailiniz 5 dakika içerisinde karşıya iletilecektir. Tekrar göndermenize gerek yoktur.","10","3","Mailiniz 5 dakika içerisinde karşıya iletilecektir. Tekrar göndermenize gerek yoktur.","absaglam",NULL,NULL
1309716,"14",NULL,5768,"mail istisna tanımı","Merhabalar ,

Divitteki maile istinaden talebi oluşturdum. Yünsel lazer firması ila maaş protokolü imzalanmıştır. Şubeden maaş hesapları açılışı yaptık , en son düzenleyip excel formatında iban ile birleştirdik . Maildeki excelli atarken hata aldım . Desteklerinizi rica ederiz.( AYNI İŞLEM TEKRAR GEREKLİ )Güncel maili ekledim. yünsel muhasebe olan adrese gitmelidir.","2","4",18271,"absaglam","2026-02-02 12:14:57.037","2026-02-02 12:19:07.483","2026-02-02 10:53:42.96","Mailiniz 5 dakika içerisinde karşıya iletilecektir. Tekrar göndermenize gerek yoktur.","10","3","Mailiniz 5 dakika içerisinde karşıya iletilecektir. Tekrar göndermenize gerek yoktur.","absaglam",NULL,NULL
1309666,"14",NULL,5768,"Mail gönderim izni","merhaba;
Müşterimize oks için form gönderiyoruz ancak sisteme takılıyor. İstisna için yardımlarınızı rica ederiz. Görüntüsü divtte olup acil yardımlarınızı rica ederim.","2","4",18271,"absaglam","2026-02-02 12:03:59.093","2026-02-02 12:14:45.787","2026-02-02 10:57:34","Mailiniz 5 dakika içerisinde karşıya iletilecektir. Tekrar göndermenize gerek yoktur.","10","3","Mailiniz 5 dakika içerisinde karşıya iletilecektir. Tekrar göndermenize gerek yoktur.","absaglam",NULL,NULL
1309435,"14",NULL,5768,"Mutabakat Maili Veri Koruma İstisna Talebi","Senebaşından itibaren denetim gerekçesiyle birkikte çalıştığımız kurumların mutabakat taleplerini iletmekteyiz. İlgili belgeleri kurumlara iletebilmek adına istisna tanımlaması yapılması hususunda yardımlarınızı arz ederim.
 
Saygılarımla,","2","4",21474,"absaglam","2026-02-02 11:57:30.933","2026-02-03 12:25:28.187","2026-02-02 09:49:58.48","Kullanıcı ile iletişime geçildi. Kullanıcının bu merceği yanlışlıkla açtığı anlaşıldı","10","3","Kullanıcı ile iletişime geçildi. Kullanıcının bu merceği yanlışlıkla açtığı anlaşıldı","absaglam",NULL,NULL
1309589,"14",NULL,5768,"Vergi Ödemeleri İstisna Tanımlama","Vergi Ödemeleri için Vakıf Bank Levent Ticari Şubeye iletilmesi gereken Talimat için istisna talep ediyorum.","2","4",18271,"absaglam","2026-02-02 10:41:46.847","2026-02-02 10:42:40.677","2026-02-02 10:30:44.737","Mailiniz 5 dakika içerisinde karşıya iletilecektir. Tekrar göndermenize gerek yoktur.","10","3","Mailiniz 5 dakika içerisinde karşıya iletilecektir. Tekrar göndermenize gerek yoktur.","absaglam",NULL,NULL
1309587,"14",NULL,5768,"Mutlu avukatlık","Mutlu avukatlığa mail iletmek için ishavuzu@mutlu.av.tr mail iletiyorum ancak veri korumaya takılıyor. istisna tanımlanması rica olunur.","2","4",18271,"absaglam","2026-02-02 10:30:07.86","2026-02-02 10:45:20.603","2026-02-02 10:27:27.99","Mailiniz 5 dakika içerisinde karşıya iletilecektir. Tekrar göndermenize gerek yoktur.","10","3","Mailiniz 5 dakika içerisinde karşıya iletilecektir. Tekrar göndermenize gerek yoktur.","absaglam",NULL,NULL
1309408,"14",NULL,5768,"yetkı ıstısna hk.","Merhaba, 689712 musterımız Mevlane Ali Mercan'a mevcut hesaplarının ekstrelerını sıstemde kayıtlı bulunan alimercan@mercansoy.com.tr mail adresine gondermek istedigimde ekte bulunan musterı verı guvenlıgıne takıldıgından karsı tarafa dusmemektedır. Maili gönderebilmem adına yetklı tanımlanması hususnda yardımlarınızı rica ederim.","2","4",18271,"absaglam","2026-02-02 10:04:45.94","2026-02-02 10:24:45.433","2026-02-02 09:46:33.003","Mailiniz 5 dakika içerisinde karşıya iletilecektir. Tekrar göndermenize gerek yoktur.","10","3","Mailiniz 5 dakika içerisinde karşıya iletilecektir. Tekrar göndermenize gerek yoktur.","absaglam",NULL,NULL
1309383,"14",NULL,5768,"Yazıcı TCKN Hatası","Kolay gelsin; Yazıcıdan talimat eki yazdırmaya çalışırken veri hatası alıyorum. acil ve kalıcı çözüm talep ediyorum.","2","4",18271,"absaglam","2026-02-02 09:40:47.777","2026-02-02 09:58:26.287","2026-02-02 09:34:06.8","Merhaba,
Aşağıdaki linkte yer alan ""DLP Ajanı Nasıl Güncellenir?"" başlığındaki adımları uyguladıktan sonra işlemi yeniden yapmayı dener misiniz?
https://bilge.kuveytturk.com.tr/genel/24374-dlp-forcepoint-one-endpoint","10","3","Merhaba,
Aşağıdaki linkte yer alan ""DLP Ajanı Nasıl Güncellenir?"" başlığındaki adımları uyguladıktan sonra işlemi yeniden yapmayı dener misiniz?
https://bilge.kuveytturk.com.tr/genel/24374-dlp-forcepoint-one-endpoint","absaglam",NULL,NULL
1309010,"14",NULL,5768,"Mutabakat gönderimi hk.","Merhaba, müşterimize mutabakat gönderirken sorun yaşadık. İstisna tanımlaması hususunda değerli yardımlarınızı rica ederim.","2","4",18271,"absaglam","2026-02-02 09:33:23.697","2026-02-02 09:36:40.627","2026-01-30 10:58:54.16","Mailiniz 5 dakika içerisinde karşıya iletilecektir. Tekrar göndermenize gerek yoktur.","10","3","Mailiniz 5 dakika içerisinde karşıya iletilecektir. Tekrar göndermenize gerek yoktur.","absaglam",NULL,NULL
1308653,"14",NULL,5768,"şubemizde iç kontrol olması sebebi ile eksiklikleri excel olarak atıyor çıktı alamıyoruz","şubemizde iç kontrol olması sebebi ile eksiklikleri excel olarak atıyor çıktı alamıyoruz. müşteri bilgileri bulunduğundan veri güvenlikten engelleniyor.
çıktı alabilmem için yardımalrızı rica ederiz","2","4",18271,"absaglam","2026-02-02 08:59:33.027","2026-02-02 09:05:20.28","2026-01-29 12:24:37.347","Merhaba,
Aşağıdaki linkte yer alan ""DLP Ajanı Nasıl Güncellenir?"" başlığındaki adımları uyguladıktan sonra işlemi yeniden yapmayı dener misiniz?
https://bilge.kuveytturk.com.tr/genel/24374-dlp-forcepoint-one-endpoint","10","3","Merhaba,
Aşağıdaki linkte yer alan ""DLP Ajanı Nasıl Güncellenir?"" başlığındaki adımları uyguladıktan sonra işlemi yeniden yapmayı dener misiniz?
https://bilge.kuveytturk.com.tr/genel/24374-dlp-forcepoint-one-endpoint","absaglam",NULL,NULL
1309205,"14",NULL,5768,"veri koruma istisnası hk.","Merhabalar;

vize işlemleri için şahsi mailime gönderim yapmak istemekteyim. veri güvenliğine takıldığı için gönderim yapamamaktayım. konu hakkında yardımlarınızı talep eder hayırlı çalışmalar dilerim. 

Şahsi E mail: farukaslan27@gmail.com","2","4",18271,"hatasoy","2026-01-30 17:00:19.233","2026-01-30 17:00:32.17","2026-01-30 16:54:40.24","Mailiniz 5 dakika içerisinde karşıya iletilecektir. Tekrar göndermenize gerek yoktur.","10","3","Mailiniz 5 dakika içerisinde karşıya iletilecektir. Tekrar göndermenize gerek yoktur.","hatasoy",NULL,NULL
1309164,"14",NULL,5768,"Veri Koruma Sistemi Bildirimi Hakk","Merhabalar kolay gelsin 

97807843 nolu müşterimizin geçmiş yıllara ait hesapları ile ilgili istediği belgeler firmanın kayıtlı mail adresi olan kadir@royalfoods.com.tr adresine gönderilmeye çalıştığında veri koruma sistemi engellemektedir. İlgili engel yüzünden firma şikayetçi olup evrakların biran önce ulaştırılması gerekmektedir. kullanıcımdan firma mailine bugün  15:28 de gönderilmeye çalışılan e postanın ekleri ile birlikte firmaya ulaştırılması hususunda yardımlarınızı arz ederiz.","2","4",18271,"hatasoy","2026-01-30 15:55:21.67","2026-01-30 15:57:30.073","2026-01-30 15:30:22.743","Mailiniz 5 dakika içerisinde karşıya iletilecektir. Tekrar göndermenize gerek yoktur.","10","3","Mailiniz 5 dakika içerisinde karşıya iletilecektir. Tekrar göndermenize gerek yoktur.","hatasoy",NULL,NULL
1309031,"14",NULL,5768,"e-mail Gönderimi Hk.","Merhaba,

Son iletmek istediğim mail test ortamında oluşturulmuş gerçek veriler içermeyen dekont örnekleridir. İlgili mailin gönderilmesi için desteklerinizi talep ederim.","2","4",18271,"absaglam","2026-01-30 14:01:59.26","2026-01-30 14:04:18","2026-01-30 12:09:13.89","Mailiniz 5 dakika içerisinde karşıya iletilecektir. Tekrar göndermenize gerek yoktur.","10","3","Mailiniz 5 dakika içerisinde karşıya iletilecektir. Tekrar göndermenize gerek yoktur.","absaglam",NULL,NULL
1308957,"14",NULL,5768,"Vergi Ödemeleri İçin Mail","Kolay gelsin;
Vakıf Bank tan Finansal Faaliyet harçları ödemesi yapılmaktadır. Ödeme için Şube VKN leri karşı bankaya iletilmesi mecburidir. Bugün kontrol etmeleri için gönderilen mail veri korumaya takıldı. Aynı şekilde ödemesi için de 02/02/2026 tarihinde tekrar meil iletilecektir. Gerekli istisna tanımlamalarının yapılması ve süreçlerin hızlı ilerlemesi için yardımlarınızı rica ederiz.","2","4",18271,"hatasoy","2026-01-30 10:45:59.487","2026-01-30 10:58:26.12","2026-01-30 10:11:04.007","Mailiniz 5 dakika içerisinde karşıya iletilecektir. Tekrar göndermenize gerek yoktur.","10","3","Mailiniz 5 dakika içerisinde karşıya iletilecektir. Tekrar göndermenize gerek yoktur.","hatasoy",NULL,NULL
1308939,"14",NULL,5768,"Firma hesap paylasim bilgisi hk.","Merhaba, 

Görseldeki maile istinaden, firma ile servis iş gerekliliği kapsamında kurum hesap numarası paylaşılmış olup, gereğin yapılmasını rica ederiz.","2","4",18271,"absaglam","2026-01-30 10:03:53.343","2026-01-30 10:04:56.317","2026-01-30 09:51:13.41","Mailiniz 5 dakika içerisinde karşıya iletilecektir. Tekrar göndermenize gerek yoktur.","10","3","Mailiniz 5 dakika içerisinde karşıya iletilecektir. Tekrar göndermenize gerek yoktur.","absaglam",NULL,NULL
1308929,"14",NULL,5768,"Üretici log kontrol hk.","Merhabalar,

Firmware geçişi kapsamında üretici tarafıdnan talep edilen log paylaşımı için ""RE: R770 firmware hk."" konulu maile istisna tanımlanması konusunda yardımcı olabilir misiniz.","2","4",18271,"absaglam","2026-01-30 09:51:09.017","2026-01-30 09:52:34.95","2026-01-30 09:45:30.927","Mailiniz 5 dakika içerisinde karşıya iletilecektir. Tekrar göndermenize gerek yoktur.","10","3","Mailiniz 5 dakika içerisinde karşıya iletilecektir. Tekrar göndermenize gerek yoktur.","absaglam",NULL,NULL
1308741,"14",NULL,5768,"Müşteri Verisi - Güvenlik Bilgilendirmesi istisna","Müşterimize banka bilgilerini içeren belgenin gönderilebilmesi için mailin kişisel veri olarak değerlendirilmeyip iletilmesini rica ederim.","2","4",18271,"absaglam","2026-01-30 09:44:12.48","2026-01-30 09:45:45.487","2026-01-29 14:52:43.14","Mailiniz 5 dakika içerisinde karşıya iletilecektir. Tekrar göndermenize gerek yoktur.","10","3","Mailiniz 5 dakika içerisinde karşıya iletilecektir. Tekrar göndermenize gerek yoktur.","absaglam",NULL,NULL
1308600,"14",NULL,5768,"mailin serbest bırakılmasını rica ederiz","mailin serbest bırakılmasını rica ederiz.","2","4",18271,"absaglam","2026-01-30 09:39:27.717","2026-01-30 10:09:48.493","2026-01-29 11:25:09.583","Mailiniz 5 dakika içerisinde karşıya iletilecektir. Tekrar göndermenize gerek yoktur.","10","3","Mailiniz 5 dakika içerisinde karşıya iletilecektir. Tekrar göndermenize gerek yoktur.","absaglam",NULL,NULL
1308909,"14",NULL,5768,"Halk Katılım - Çek Bildirimlerinin  Tekilleştirilmesi","Kapanan INC1307977 numaralı merceğin yerine açılmıştır.

Tarama yapılacak dosya;
\\splktfs\Architecht\BirimlerArasi\HALK_KATILIM_CEK_TEKILLESTIRME\ÇEK-BİLDİRİMLERİNİN-TEKİLLEŞTİRİLMESİ","2","4",22808,"keremt","2026-01-30 09:19:45.307","2026-02-02 10:51:09.947","2026-01-30 09:13:45.317","Süreç tamamlanmıştır.","10","3","Süreç tamamlanmıştır.","keremt",NULL,NULL
1308816,"14",NULL,5768,"firma ile maaş için personel listesi paylaşılacaktır","firma ile maaş için personel listesi paylaşılacaktır. istisna tanımlama talebimiz mevcuttur.","2","4",21474,"hatasoy","2026-01-30 08:19:00.37","2026-01-30 11:20:53.343","2026-01-29 17:20:27.957","Teams üzerinden ilgili verileri aktarım süreci ve bilgi politikaları doğrultusunda bilgi verilmiştir.","10","3","","hatasoy",NULL,NULL
1308770,"14",NULL,5768,"İstisna Tanımlama Hk.","Merhaba,
Dış hizmet aldığımız Reisswolf firmasına, sevk günlerinde arşiv koli bilgilerini mail olarak atmaktayız. Barkod bilgisini T.C. no algılaması nedeniyle mail gönderimi sağlanılmamaktadır. Mailin gönderilmesi konusunda acil olarak desteklerinizi rica ederiz.","2","4",18271,"absaglam","2026-01-29 16:49:36.017","2026-01-29 16:50:51.62","2026-01-29 15:43:59.53","Mailiniz 5 dakika içerisinde karşıya iletilecektir. Tekrar göndermenize gerek yoktur.","10","3","Mailiniz 5 dakika içerisinde karşıya iletilecektir. Tekrar göndermenize gerek yoktur.","absaglam",NULL,NULL
1308754,"14",NULL,5768,"mail iletimi hk","Merahaba,

e.topdemir@novateks.com adresine müşteri isteği üzerine mutabakat gönderilmiştir. mailin iletilmeisini rica ederiz.","2","4",18271,"hatasoy","2026-01-29 16:49:11.767","2026-01-29 16:49:54.893","2026-01-29 15:15:13.743","Mailiniz 5 dakika içerisinde karşıya iletilecektir. Tekrar göndermenize gerek yoktur.","10","3","Mailiniz 5 dakika içerisinde karşıya iletilecektir. Tekrar göndermenize gerek yoktur.","hatasoy",NULL,NULL
1308793,"14",NULL,5768,"proje evrakları maili","müşterimizin proje evraklarını mail atmak istiyorum ancak veri korumaya takılıyor iban nolar olduğu için. ekteki maili serbest bırakabilir misiniz","2","4",18271,"hatasoy","2026-01-29 16:45:36.427","2026-01-29 16:48:31.863","2026-01-29 16:23:32.203","Mailiniz 5 dakika içerisinde karşıya iletilecektir. Tekrar göndermenize gerek yoktur.","10","3","Mailiniz 5 dakika içerisinde karşıya iletilecektir. Tekrar göndermenize gerek yoktur.","hatasoy",NULL,NULL
1308671,"14",NULL,5768,"Mutabakat Maili Gönderim Uygunluğu Talebi- (KT Mercek No: URND4459882)","Senebaşından itibaren denetim gerekçesiyle birkikte çalıştığımız kurumların mutabakat taleplerini iletmekteyiz. İlgili belgeleri kurumlara iletebilmek adına istisna tanımlaması yapılması hususunda yardımlarınızı arz ederim.
 
Saygılarımla,
Ekran Adı: Mutabakat Mail Gönderim Yetkisi ;","3","4",18271,"hatasoy","2026-01-29 16:38:09.193","2026-01-29 16:51:34.95","2026-01-29 13:40:48.16","Mailiniz 5 dakika içerisinde karşıya iletilecektir. Tekrar göndermenize gerek yoktur.","10","6","Mailiniz 5 dakika içerisinde karşıya iletilecektir. Tekrar göndermenize gerek yoktur.","hatasoy",NULL,NULL
1308745,"14",NULL,5768,"aksa","ekte yeralan mailin serbest bırakılmasınırica ederiz.","2","4",18271,"hatasoy","2026-01-29 15:05:56.633","2026-01-29 15:07:28.08","2026-01-29 15:04:55.233","Mailiniz 5 dakika içerisinde karşıya iletilecektir. Tekrar göndermenize gerek yoktur.","10","3","Mailiniz 5 dakika içerisinde karşıya iletilecektir. Tekrar göndermenize gerek yoktur.","hatasoy",NULL,NULL
1308675,"14",NULL,5768,"Hesap Ekstre tanımı hk","Merhba, 27.01.2026 tarihinde 95598076 RESUL EKREM AKGEYİK hesabından 525 TL alınarak müşterimizin sistemde kayıtlı eposta adresine hesap ekstresi gönderimi yapılmıştır. Ancak müşterimiz ilgili mail adresine ekstrelerin gelmediğini ve mağduriyet yaşadığını iletmektedir. KOnuyla alakalı yardımlarınızı talep ederiz.","2","4",18271,"hatasoy","2026-01-29 14:08:19.49","2026-01-29 14:08:39.48","2026-01-29 13:45:45.1","Mailiniz 5 dakika içerisinde karşıya iletilecektir. Tekrar göndermenize gerek yoktur.","10","3","Mailiniz 5 dakika içerisinde karşıya iletilecektir. Tekrar göndermenize gerek yoktur.","hatasoy",NULL,NULL
1308661,"14",NULL,5768,"Hesap ekstre gönderimi hk.","Merhabalar, müşterimiz 99356155 - AHMAD F.M. HANIA Bey Mısır ülkesindeki konsolosluğumuza vize başvurusunda sunmak üzere, sistemde kayıtlı mail adresine kaşe imzalı son 6 aylık hesap özetinin gönderilmesini talep etmiştir. Bilgi güvenliği politikalarına istinaden mail gönderilememiştir. İstisna tanımlanması için kıymetli desteğinizi arz/rica ederim.","2","4",18271,"hatasoy","2026-01-29 13:05:44.243","2026-01-29 13:08:30.637","2026-01-29 13:01:13.377","Mailiniz 5 dakika içerisinde karşıya iletilecektir. Tekrar göndermenize gerek yoktur.","10","3","Mailiniz 5 dakika içerisinde karşıya iletilecektir. Tekrar göndermenize gerek yoktur.","hatasoy",NULL,NULL
1308628,"14",NULL,5768,"mail istisnası","Merhaba, bağımsız denetim firması tarafından talep edilen mutabakat formunun müşterimize mail atılması gerekmektedir.(hatice.celik@transvaro.com-engin.aydin@uyargroup.com-mertcan.yagan@transvaro.com) Mail istisnası tanımlanması için yardımlarınızı rica ederiz.","2","4",18271,"hatasoy","2026-01-29 12:25:33.297","2026-01-29 12:26:28.697","2026-01-29 12:02:15.48","Mailiniz 5 dakika içerisinde karşıya iletilecektir. Tekrar göndermenize gerek yoktur.","10","3","Mailiniz 5 dakika içerisinde karşıya iletilecektir. Tekrar göndermenize gerek yoktur.","hatasoy",NULL,NULL
1308631,"14",NULL,5768,"Mail gönderim hatası","99584347 nolu müşterimize leasing ödeme dekontları gönderilecektir. info@hamurex.com 'info@zkcgrup.com' 'zekeryecosar@gmail.com' yasinkocer011@gmail.com adresleri için istisna tanımlanması husunu rica ederim.","2","4",18271,"hatasoy","2026-01-29 12:18:30.54","2026-01-29 12:28:01.893","2026-01-29 11:55:36.77","Mailiniz 5 dakika içerisinde karşıya iletilecektir. Tekrar göndermenize gerek yoktur.","10","3","Mailiniz 5 dakika içerisinde karşıya iletilecektir. Tekrar göndermenize gerek yoktur.","hatasoy",NULL,NULL
1308597,"14",NULL,5768,"Veri Koruma / Engellenen mail.","Merhaba, ""Payment Operations / KT Bank AG <PaymentsOps@kt-bank.de>"" adresine göndermeye çalıştığım ""RE: Incoming payment under compliance review VI202613343"" başlıklı mailim, bilgi güvenliği gerekçesiyle engellendi. RFI yanıtlarını gönderebilmemiz adına, yardımınızı rica ederiz.","2","4",18271,"hatasoy","2026-01-29 11:49:53.25","2026-01-29 11:51:19.187","2026-01-29 11:20:42.017","Mailiniz 5 dakika içerisinde karşıya iletilecektir. Tekrar göndermenize gerek yoktur.","10","3","Mailiniz 5 dakika içerisinde karşıya iletilecektir. Tekrar göndermenize gerek yoktur.","hatasoy",NULL,NULL
1308591,"14",NULL,5768,"mailimin serbest bırakılması hk","merhaba ,
sinpaş firmasına sehven  eft iadeleri ile igili attımım mailin tek seferlik serbest bırakılmasını rica ederim. 
döküman ekinde hesap yada ıban bilgisi yoktur.","2","4",18271,"hatasoy","2026-01-29 11:49:44.823","2026-01-29 11:56:19.357","2026-01-29 11:17:14.593","Mailiniz 5 dakika içerisinde karşıya iletilecektir. Tekrar göndermenize gerek yoktur.","10","3","Mailiniz 5 dakika içerisinde karşıya iletilecektir. Tekrar göndermenize gerek yoktur.","hatasoy",NULL,NULL
1308599,"14",NULL,5768,"nober mutabakat maili hakkında","Merhaba
mutabakat mailimiz veri korumaya takılmıştır.
serbest bırakılması adına değerli yardımlarınız rica olunur.
iyi çalışmalar.","2","4",18271,"hatasoy","2026-01-29 11:44:33.447","2026-01-29 11:48:16.197","2026-01-29 11:24:51.133","Mailiniz 5 dakika içerisinde karşıya iletilecektir. Tekrar göndermenize gerek yoktur.","10","3","Mailiniz 5 dakika içerisinde karşıya iletilecektir. Tekrar göndermenize gerek yoktur.","hatasoy",NULL,NULL
1308601,"14",NULL,5768,"namet mutabakat maili hakkında","Merhaba
mutabakat mailimiz veri korumaya takılmıştır.
serbest bırakılması adına değerli yardımlarınız rica olunur.
iyi çalışmalar.","2","4",18271,"hatasoy","2026-01-29 11:44:25.51","2026-01-29 11:47:13.767","2026-01-29 11:26:13.787","Mailiniz 5 dakika içerisinde karşıya iletilecektir. Tekrar göndermenize gerek yoktur.","10","3","Mailiniz 5 dakika içerisinde karşıya iletilecektir. Tekrar göndermenize gerek yoktur.","hatasoy",NULL,NULL
1308558,"14",NULL,5768,"dursunalisahin@bulutyonetim.com, bekirarslan@bulutyonetim.com","Merhaba,

dursunalisahin@bulutyonetim.com, bekirarslan@bulutyonetim.com adreslerine TCKN içeren bir mail gönderimi yapmamız gerekiyor.  Ancak gönderemiyoruz. Çok acil yetkilendirme yapabilir misiniz?

teşekkür ederiz.","3","4",18271,"hatasoy","2026-01-29 11:26:22.73","2026-01-29 11:53:34.167","2026-01-29 10:39:18.747","Mailiniz 5 dakika içerisinde karşıya iletilecektir. Tekrar göndermenize gerek yoktur.","10","3","Mailiniz 5 dakika içerisinde karşıya iletilecektir. Tekrar göndermenize gerek yoktur.","hatasoy",NULL,NULL
1308569,"14",NULL,5768,"mail istisna","MErhaba 91492653 müşterinin  muhasebe@bordag.com.tr sistemde kayıtlı mail adresine sistemden ekstre gönderdiğimizde ulaşmadığını iletiyor.  pdf olarak atmayı denediğimde veri güvenliğine takılıyor. istisna rica ederiz.","2","4",18271,"hatasoy","2026-01-29 11:00:05.943","2026-01-29 11:49:19.62","2026-01-29 10:51:49.157","Mailiniz 5 dakika içerisinde karşıya iletilecektir. Tekrar göndermenize gerek yoktur.","10","3","Mailiniz 5 dakika içerisinde karşıya iletilecektir. Tekrar göndermenize gerek yoktur.","hatasoy",NULL,NULL
1308556,"14",NULL,5768,"Giden transfler listesi paylaşımı","MErhaba;

Müşterimiz 2022 yılı itibariyle tüm dış transferlerinin listesini talep etmektedir.
Veri koruma istisnası tanımlanmasını talep ederiz.","2","4",18271,"hatasoy","2026-01-29 10:59:54.793","2026-01-29 11:44:03.917","2026-01-29 10:35:39.3","Mailiniz 5 dakika içerisinde karşıya iletilecektir. Tekrar göndermenize gerek yoktur.","10","3","Mailiniz 5 dakika içerisinde karşıya iletilecektir. Tekrar göndermenize gerek yoktur.","hatasoy",NULL,NULL
1308565,"14",NULL,5768,"Halk katılım mutabakat maili hakkında","Merhaba

mutabakat mailimiz veri korumaya takılmıştır.

serbest bırakılması adına değerli yardımlarınız rica olunur.

iyi çalışmalar.","2","4",18271,"hatasoy","2026-01-29 10:51:12.537","2026-01-29 10:53:24.94","2026-01-29 10:47:54.377","Mailiniz 5 dakika içerisinde karşıya iletilecektir. Tekrar göndermenize gerek yoktur.","10","3","Mailiniz 5 dakika içerisinde karşıya iletilecektir. Tekrar göndermenize gerek yoktur.","hatasoy",NULL,NULL
1308535,"14",NULL,5768,"EKSPER RAPOR PAYLAŞIMI","müşterim ile eksper raporunu paylaşabilmem için istisna rica ederim.","2","4",21474,"hatasoy","2026-01-29 10:17:05.54","2026-01-29 11:58:24.003","2026-01-29 10:05:11.677","Kullanıcıya rapor paylaşımı noktasında bilgilendirme yapılmıştır.","10","3","Kullanıcıya rapor paylaşımı noktasında bilgilendirme yapılmıştır.","hatasoy",NULL,NULL
1308534,"14",NULL,5768,"yetki hk","Sayın Emre Dikdoğmuş / Kuveyt Türk - Bankalar Caddesi Şubesi,

TCKN, IBAN veya Kart verisi maskeleme yöntemi kullanılmadan 2026-01-29 10:02:46 tarihinde info@arkadem.com adresine göndermek istediniz. Bilgi güvenliği politikaları gereğince bu işlem engellenmiştir. Bu müşteri verileri akıştan çıkartılarak veya IBAN verisi için ilk ve son 4 rakamı hariç (TR11XXXXXXXXXXXXXXXXXX1111) diğer rakamlarda maskeleme yöntemini, TCKN verisi için ilk ve son 2 rakamı hariç (11XXXXXXX11) diğer rakamlarda maskeleme yöntemini, kart verisi için ise ilk 6 ve son 4 rakamı hariç (1111 11XX XXXX 1111) diğer rakamlarda maskeleme yöntemi kullanılarak gönderim işlemini gerçekleştirebilirsiniz.

Müşteriye ait bu verileri maskelemeden iş kapsamı ihtiyacından dolayı gönderilmesi gerekliyse BT Mercek Talep – Çağrı Oluştur ekranından “Yetki ve Erişim Talepleri > Veri Koruma Sistemi İstisna Tanımlama” kategorisinden çağrı oluşturabilirsiniz.

Kuveyt Türk Veri Güvenliği Ekibi","2","4",18271,"hatasoy","2026-01-29 10:15:15.147","2026-01-29 10:15:43.997","2026-01-29 10:05:41.337","Mailiniz 5 dakika içerisinde karşıya iletilecektir. Tekrar göndermenize gerek yoktur.","10","3","Mailiniz 5 dakika içerisinde karşıya iletilecektir. Tekrar göndermenize gerek yoktur.","hatasoy",NULL,NULL
1308524,"14",NULL,5768,"Erişim sorunları","Merhabalar,

vpn'e bağlı olduğum halde 2 gündür outlook ve copilot'a erişim sorunları yaşıyorum copilot'ı her kullanmak istediğimde veri güvenliği tarafından kaynak kod gönderimi ile ilgili mail geliyor.

Sorun neden olabilir destek olabilirseniz sevinirim.","2","4",21474,"hatasoy","2026-01-29 10:05:58.623","2026-01-29 10:49:47.14","2026-01-29 09:52:15.75","Kullanıcıya veri güvenlik süreci ve ilgili talep hakkında bilgi verilerek geri dönüş sağlanmıştır.","10","3","Kullanıcıya veri güvenlik süreci ve ilgili talep hakkında bilgi verilerek geri dönüş sağlanmıştır.","hatasoy",NULL,NULL
1308488,"14",NULL,5768,"93895760  exell gönderimi hakkında","merhaba;

93895760   cebim pos yapılan işlemler raporu mail olarak gönderilmek istenmekte olup konu ile alakalı 

yardımlarınızı talep ederiz.","3","4",18271,"hatasoy","2026-01-29 09:29:25.663","2026-01-29 09:52:26.067","2026-01-29 09:16:12.277","Mailiniz 5 dakika içerisinde karşıya iletilecektir. Tekrar göndermenize gerek yoktur.","10","3","Mailiniz 5 dakika içerisinde karşıya iletilecektir. Tekrar göndermenize gerek yoktur.","hatasoy",NULL,NULL
1307827,"14",NULL,5768,"mail iletimi hk","muhasebe4@dogan.tc mailine gönderdiğim iletiyi müşteri isteği üzeine mutbakat gönderilmiştir. iletilmesini rica ederim","2","4",18271,"hatasoy","2026-01-27 16:03:42.14","2026-01-27 16:04:40.637","2026-01-27 13:56:18.03","Mailiniz 5 dakika içerisinde karşıya iletilecektir. Tekrar göndermenize gerek yoktur.","10","3","Mailiniz 5 dakika içerisinde karşıya iletilecektir. Tekrar göndermenize gerek yoktur.","hatasoy",NULL,NULL
1308415,"14",NULL,5768,"veri koruma istisna tanımlama hk","Merhaba,  8526060 C.E.S.İLERİ KOMPOZİT VE SAVUNMA TEKNOLOJİ müşterimizin kredi işlemleri için evrak gönderilmiştir. mail veri korumaya takılmış olup istisna emre.selcuk@ces.com.tr, serpil.saricam@mikrolink.com.tr, bahar.orki@ces.com.tr, tugba.karaayan@acik.com mail adreslerine istisna tanımlanmasını rica ederiz.","2","4",18271,"hatasoy","2026-01-29 08:25:16.483","2026-01-29 08:28:20.617","2026-01-28 17:44:32.787","Mailiniz 5 dakika içerisinde karşıya iletilecektir. Tekrar göndermenize gerek yoktur.","10","3","Mailiniz 5 dakika içerisinde karşıya iletilecektir. Tekrar göndermenize gerek yoktur.","hatasoy",NULL,NULL
1308413,"14",NULL,5768,"Hassas Veri çıktı hk","Merhaba, Bilgisayarımdan hassah veri çıktı alabilmem için tanımlama yapılmasını rica eder iyi çalışmalar dilerim.","2","4",18271,"absaglam","2026-01-29 08:25:15.627","2026-01-29 14:20:31.293","2026-01-28 17:28:04.193","Merhaba,
Aşağıdaki linkte yer alan ""DLP Ajanı Nasıl Güncellenir?"" başlığındaki adımları uyguladıktan sonra işlemi yeniden yapmayı dener misiniz?
https://bilge.kuveytturk.com.tr/genel/24374-dlp-forcepoint-one-endpoint","10","3","Merhaba,
Aşağıdaki linkte yer alan ""DLP Ajanı Nasıl Güncellenir?"" başlığındaki adımları uyguladıktan sonra işlemi yeniden yapmayı dener misiniz?
https://bilge.kuveytturk.com.tr/genel/24374-dlp-forcepoint-one-endpoint","absaglam",NULL,NULL
1308434,"14",NULL,5768,"YÖNETİM KURULU EVRAKI, ACİL","Merhaba, TCKN verisi maskeleme yöntemi kullanılmadan 2026-01-28 21:57:00 tarihinde \\srvprinter\BU_ES7470_032 adresine göndermek istediim evrak yarınki Yönetim Kurulunda ıslak imza almam gereken evrak. çıktı almam gerekiyor. Teşekkür ederim.","2","4",18271,"hatasoy","2026-01-29 08:24:11.76","2026-01-29 08:24:59.807","2026-01-28 21:59:49.28","Aşağıdaki linkte yer alan ""DLP Ajanı Nasıl Güncellenir?"" başlığındaki adımları uyguladıktan sonra işlemi yeniden yapmayı dener misiniz?
https://bilge.kuveytturk.com.tr/genel/24374-dlp-forcepoint-one-endpoint","10","3","Aşağıdaki linkte yer alan ""DLP Ajanı Nasıl Güncellenir?"" başlığındaki adımları uyguladıktan sonra işlemi yeniden yapmayı dener misiniz?
https://bilge.kuveytturk.com.tr/genel/24374-dlp-forcepoint-one-endpoint","hatasoy",NULL,NULL
1308408,"14",NULL,5768,"Sağlık Poliçesi gönderimi hak.","Merhaba , ekte finansman kullanımına istinaden Firma Yetkilisine yapılan sağlık sigorta poliçesini firmanın muhasebe ve finansman birimine göndermemiz gerekiyor , yardımlarınızı talep ederiz .","2","4",18271,"absaglam","2026-01-29 08:23:31.603","2026-01-29 08:25:02.31","2026-01-28 17:15:43.967","Mailiniz 5 dakika içerisinde karşıya iletilecektir. Tekrar göndermenize gerek yoktur.","10","3","Mailiniz 5 dakika içerisinde karşıya iletilecektir. Tekrar göndermenize gerek yoktur.","absaglam",NULL,NULL
1308358,"14",NULL,5768,"mail iletimi hk","müşteri isteği üzerine mutabakat evrağı gönderilmiştir.mailin iletilmesini rica ederiz.halil.kucukel@nevadosdenetim.com
ozge.caglayan@nevadosdenetim.com
mail ilgili adreslere gönderilmek istenmiştir.
DCT Trading Banka Mutabakatı Talebi HK.","2","4",18271,"hatasoy","2026-01-28 16:37:09.123","2026-01-29 08:34:24.81","2026-01-28 15:51:29.087","Mailiniz 5 dakika içerisinde karşıya iletilecektir. Tekrar göndermenize gerek yoktur.","10","3","Mailiniz 5 dakika içerisinde karşıya iletilecektir. Tekrar göndermenize gerek yoktur.","hatasoy",NULL,NULL
1308365,"14",NULL,5768,"Mail Gönderimi Hk.","Merhaba,
Divitte görüntüsünü gönderdiğim mailin gönderimi hususunda desteklerinizi arz/rica ederiz. Mail, leasing dekont gönderimi içindir.","2","4",18271,"hatasoy","2026-01-28 16:26:40.937","2026-01-28 16:27:35.777","2026-01-28 15:55:30.017","Mailiniz 5 dakika içerisinde karşıya iletilecektir. Tekrar göndermenize gerek yoktur.","10","3","Mailiniz 5 dakika içerisinde karşıya iletilecektir. Tekrar göndermenize gerek yoktur.","hatasoy",NULL,NULL
1308319,"14",NULL,5768,"istisna hk.","Merhabalar , togg finansmanı için cüzdan sistemine yüklenmek üzere müşterimizin mail adresine  şube imza sirküleri gönderilecektir. Konu hk. yardımlarınız arz/rica olunur.","2","4",18271,"hatasoy","2026-01-28 16:02:55.487","2026-01-28 16:04:30.963","2026-01-28 14:43:45.12","Mailiniz 5 dakika içerisinde karşıya iletilecektir. Tekrar göndermenize gerek yoktur.","10","3","Mailiniz 5 dakika içerisinde karşıya iletilecektir. Tekrar göndermenize gerek yoktur.","hatasoy",NULL,NULL
1308318,"14",NULL,5768,"mail istisnası hk","merhaba,

Requested Docs / 102615438 SGRFI00000056098  başlıklı mailin iş gereğinde iletilmesi gerekmektedir. istisna tanımlatılmasını rica ederim.","2","4",18271,"hatasoy","2026-01-28 15:57:59.493","2026-01-28 16:00:30.42","2026-01-28 14:42:54.01","Mailiniz 5 dakika içerisinde karşıya iletilecektir. Tekrar göndermenize gerek yoktur.","10","3","Mailiniz 5 dakika içerisinde karşıya iletilecektir. Tekrar göndermenize gerek yoktur.","hatasoy",NULL,NULL
1308274,"14",NULL,5768,"Poliçe Gönderimi Hak.","Merhaba,

Müşterimizse poliçe göndereceğim, gönderemiyorum. Size zahnet istisna tanımlayabilir misiniz?","2","4",18271,"hatasoy","2026-01-28 13:48:12.213","2026-01-28 13:50:53.79","2026-01-28 13:41:45.063","Mailiniz 5 dakika içerisinde karşıya iletilecektir. Tekrar göndermenize gerek yoktur.","10","3","Mailiniz 5 dakika içerisinde karşıya iletilecektir. Tekrar göndermenize gerek yoktur.","hatasoy",NULL,NULL
1308190,"14",NULL,5768,"veri koruma","merhaba

ekli maili göndermek isityoruz fakat veri korumaya takılmaktadır.
mail gönderimi için desteğiniz rica olunur acildir.","2","4",18271,"hatasoy","2026-01-28 11:52:12.19","2026-01-28 12:03:34.687","2026-01-28 11:05:25.32","Mailiniz 5 dakika içerisinde karşıya iletilecektir. Tekrar göndermenize gerek yoktur.","10","3","Mailiniz 5 dakika içerisinde karşıya iletilecektir. Tekrar göndermenize gerek yoktur.","hatasoy",NULL,NULL
1308209,"14",NULL,5768,"DLP Exclusion Hk.","Merhabalar, Cymulate uygulamasına simülasyon testlerini gerçekleştirmek adına test data'larının olduğu dosyaları uygulamaya eklemem gerekmektedir. Bu kapsamda DLP tarafında 30 dakikalık exclusion tanımlaması yapılabilir mi?","2","4",18271,"scakici","2026-01-28 11:38:18.127","2026-01-28 11:39:05.667","2026-01-28 11:36:09.7","Aşağıdaki linkte yer alan ""DLP Ajanı Nasıl Güncellenir?"" başlığındaki adımları uyguladıktan sonra işlemi yeniden yapmayı dener misiniz?
https://bilge.kuveytturk.com.tr/genel/24374-dlp-forcepoint-one-endpoint#dlp-ajani-nasil-guncellenir","10","3","Aşağıdaki linkte yer alan ""DLP Ajanı Nasıl Güncellenir?"" başlığındaki adımları uyguladıktan sonra işlemi yeniden yapmayı dener misiniz?
https://bilge.kuveytturk.com.tr/genel/24374-dlp-forcepoint-one-endpoint#dlp-ajani-nasil-guncellenir","scakici",NULL,NULL
1308174,"14",NULL,5768,"Merhaba;","Müşterimize yapmış olduğumuz finansmanlara ait bulunan müracaat formlarını iletmem için veri korumanın açılması için kıymetli yardımlarınızı arz/rica ederim.","2","4",18271,"hatasoy","2026-01-28 11:26:33.383","2026-01-28 11:27:34.033","2026-01-28 10:48:07.35","Mailiniz 5 dakika içerisinde karşıya iletilecektir. Tekrar göndermenize gerek yoktur.","10","3","Mailiniz 5 dakika içerisinde karşıya iletilecektir. Tekrar göndermenize gerek yoktur.","hatasoy",NULL,NULL
1308168,"14",NULL,5768,"mail gönderimi hk","divitteki mailimin kişiye ulaştırılması için istisna tanımlanmasını talep ederim.","2","4",18271,"hatasoy","2026-01-28 11:23:54.467","2026-01-28 11:24:07.297","2026-01-28 10:34:10.02","Mailiniz 5 dakika içerisinde karşıya iletilecektir. Tekrar göndermenize gerek yoktur.","10","3","Mailiniz 5 dakika içerisinde karşıya iletilecektir. Tekrar göndermenize gerek yoktur.","hatasoy",NULL,NULL
1307877,"14",NULL,5768,"İletilmeyen mail Hk.","Merhaba,

Ekte iletmiş olduğum excel raporunun ekteki mail silsilesine iletilmesini rica ederim.

İyi çalışmalar.","2","4",18271,"hatasoy","2026-01-27 16:03:15.007","2026-01-27 16:03:27.02","2026-01-27 15:16:33.37","Mailiniz 5 dakika içerisinde karşıya iletilecektir. Tekrar göndermenize gerek yoktur.","10","3","Mailiniz 5 dakika içerisinde karşıya iletilecektir. Tekrar göndermenize gerek yoktur.","hatasoy",NULL,NULL
1308140,"14",NULL,5768,"mail gönderememe - ktbank ag","ktbank ag ile süregelen bir yazışmaya cevap gönderemiyorum DLP engelliyor. ekran görüntüsünü de buraya ekleyemiyorum onu da blokluyor. göndermek istediğim cevap şu:

Semih Bey merhaba,
Göndermiş olduğunuz son versiyonda aşağıda sarı ile işaretlediğim kısmın fiili durumu ifade etmediğini düşünüyorum, bu sebeple tekrar değerlendirebilir misiniz?


both parties acknowledge that the original intention of the first 5-year free-trial period was not fully achieved as the software still required regulatory adjustments for the German market. Consequently, the period for not charging KT Bank AG for necessary regulatory changes has been extended until the signing of this termination agreement.","2","4",18271,"absaglam","2026-01-28 10:04:25.01","2026-01-28 10:12:02.133","2026-01-28 09:59:41.273","Merhaba,
Aşağıdaki linkte yer alan ""DLP Ajanı Nasıl Güncellenir?"" başlığındaki adımları uyguladıktan sonra işlemi yeniden yapmayı dener misiniz?
https://bilge.kuveytturk.com.tr/genel/24374-dlp-forcepoint-one-endpoint","10","3","Merhaba,
Aşağıdaki linkte yer alan ""DLP Ajanı Nasıl Güncellenir?"" başlığındaki adımları uyguladıktan sonra işlemi yeniden yapmayı dener misiniz?
https://bilge.kuveytturk.com.tr/genel/24374-dlp-forcepoint-one-endpoint","absaglam",NULL,NULL
1308133,"14",NULL,5768,"SÜLEYMAN KELEBEK ANLAŞMALI HUKUK BÜROSU KURUMSAL ADRESİ","Merhaba,

avukatımızın kurumsal adresine farklı kullanıcılardan gönderdiğimiz maillerin ulaşmadığı bilgisi gelmiştir. ulaşıp ulaşmadığını kontrol edebilir misiniz? raporlama için dönüş yapılması gerektiğinden işlem acildir.","2","4",21474,"absaglam","2026-01-28 09:56:21.66","2026-01-28 10:04:04.043","2026-01-28 09:46:08.55","Kullanıcı ile görüşüldü. Mail sahibinin mercek açması gerektiği iletildi.","10","3","Kullanıcı ile görüşüldü. Mail sahibinin mercek açması gerektiği iletildi.","absaglam",NULL,NULL
1308123,"14",NULL,5768,"Play Console Erişim Talebi","Merhaba,

KT Mobil uygulama yaygınlaştırma sırasında uygulama loglarını takip edebilmek için Google Play Console üyeliği sağlayabilir misiniz?","2","4",21474,"hatasoy","2026-01-28 09:46:07.85","2026-01-29 12:25:12.8","2026-01-28 09:36:15.513","Kullanıcıdan alınan geri dönüş sonrasında talep kapatılmıştır.","10","3","Kullanıcıdan alınan geri dönüş sonrasında talep kapatılmıştır.","hatasoy",NULL,NULL
1308118,"14",NULL,5768,"mail gönderimi","ekli mailin iş kapsamında müşteriye ulaştırılması gerekiyor
tanımlama yapılarak mailin gönderilmesini  rica ederiz.","2","4",18271,"absaglam","2026-01-28 09:39:45.027","2026-01-28 09:41:26.497","2026-01-28 09:33:35.323","Mailiniz 5 dakika içerisinde karşıya iletilecektir. Tekrar göndermenize gerek yoktur.","10","3","Mailiniz 5 dakika içerisinde karşıya iletilecektir. Tekrar göndermenize gerek yoktur.","absaglam",NULL,NULL
1308116,"14",NULL,5768,"husamettin.yalcin@cardata.com.tr  adresine gönderimi engellenen mailin gönderim engelinin kadırılması","husamettin.yalcin@cardata.com.tr  adresine hizmet alımı kapsmaında sözleşme içeriğini ilettiğimiz mail iletilmiştir. Fakat mail veri koruma sistemine takılmıştır. Firmayla sözleşme sürecimizi ilerletebilmek için mailin ilgili mail adresine iletilmesi gerekmektedir. Mailin gönderimi konusunda desteklerinizi rica ederiz. 
Ekte mail ile ilgili detayların olduğu görüntü bulunmaktadır.","2","4",18271,"absaglam","2026-01-28 09:33:32.867","2026-01-28 09:39:29.95","2026-01-28 09:27:07.227","Mailiniz 5 dakika içerisinde karşıya iletilecektir. Tekrar göndermenize gerek yoktur.","10","3","Mailiniz 5 dakika içerisinde karşıya iletilecektir. Tekrar göndermenize gerek yoktur.","absaglam",NULL,NULL
1308107,"14",NULL,5768,"veri koruma hk","merhaba,

ekte yer alan iki mailinde gönderimi için veri korumasının kaldırılmasını rica ederim.","2","4",18271,"absaglam","2026-01-28 09:33:30.453","2026-01-28 09:43:23.263","2026-01-28 09:15:39.903","Mailiniz 5 dakika içerisinde karşıya iletilecektir. Tekrar göndermenize gerek yoktur.","10","3","Mailiniz 5 dakika içerisinde karşıya iletilecektir. Tekrar göndermenize gerek yoktur.","absaglam",NULL,NULL
1307933,"14",NULL,5768,"veri koruma istisna tanımlaması hak.","Merhaba,

350.000 EURO olarak kullanılan 702 nolu proje kapaması hak. konu başlığı ile müşterimize gönderilen mail veri koruma kapsamında müşterimize iletilememiştir. İstisna tanımlanması konusunda yardımlarınızı rica ederiz.","2","4",18271,"hatasoy","2026-01-28 08:38:19.907","2026-01-28 08:38:40.707","2026-01-27 16:16:42.943","Mailiniz 5 dakika içerisinde karşıya iletilecektir. Tekrar göndermenize gerek yoktur.","10","3","Mailiniz 5 dakika içerisinde karşıya iletilecektir. Tekrar göndermenize gerek yoktur.","hatasoy",NULL,NULL
1307953,"14",NULL,5768,"Geçici Klasör Veri Ekleme Hk","Merhaba günlük geçici klasöre (\\splgecici\gecici(gunluk) BI dosyası koymak istediğimde hassas veri uyarısı alıyorum. Uyum ekibiyle oertak bir çalışmamız için ilgili BI raporunu paylaşmam gerekmektedir. İlgili dosya için istisna tanımı yapılmasını rica ederim.","2","4",18271,"hatasoy","2026-01-28 08:35:14.003","2026-01-28 08:36:24.227","2026-01-27 16:40:03.973","Merhaba,
Aşağıdaki linkte yer alan ""DLP Ajanı Nasıl Güncellenir?"" başlığındaki adımları uyguladıktan sonra işlemi yeniden yapmayı dener misiniz?
https://bilge.kuveytturk.com.tr/genel/24374-dlp-forcepoint-one-endpoint","10","3","Merhaba,
Aşağıdaki linkte yer alan ""DLP Ajanı Nasıl Güncellenir?"" başlığındaki adımları uyguladıktan sonra işlemi yeniden yapmayı dener misiniz?
https://bilge.kuveytturk.com.tr/genel/24374-dlp-forcepoint-one-endpoint","hatasoy",NULL,NULL
1307977,"14",NULL,5768,"Halk Katılım - Çek Bildirimlerinin Tekkilleştirilmesi","Halk Katılım bankası için çek bildirimlerinin tekilleştirilmesi projesinin aktarımına başladık.

Aktarılacak kodlar temizlik işlemleri sonrası şu path e bırakıldı;
\\splktfs\Architecht\BirimlerArasi\HALK_KATILIM_CEK_TEKILLESTIRME\ÇEK-BİLDİRİMLERİNİN-TEKİLLEŞTİRİLMESİ.zip

İncelemelerin tamamlanıp, Veri Güvenliği onayının alınması için destek olabilir misiniz?","2","4",22808,"keremt","2026-01-28 08:11:02.41","2026-01-28 16:47:31.487","2026-01-27 17:21:40.107","Hasan Bey Merhaba,

INC1307977 No’ lu talebinizde belirttiğiniz klasörde hassas veri taraması yapacağız ancak dosyalar .zip uzantılı olarak bırakılmış. Zipten çıkarmaya çalışırken hata alıyorum. Buradaki dosyası arşivden çıkarır mısınız? Siz çıkarma işlemini yaptıktan sonra tarama işlemine başlayacağız.","10","3","Hasan Bey Merhaba,

INC1307977 No’ lu talebinizde belirttiğiniz klasörde hassas veri taraması yapacağız ancak dosyalar .zip uzantılı olarak bırakılmış. Zipten çıkarmaya çalışırken hata alıyorum. Buradaki dosyası arşivden çıkarır mısınız? Siz çıkarma işlemini yaptıktan sonra tarama işlemine başlayacağız.","keremt",NULL,NULL
1307954,"14",NULL,5768,"mail gönderşm hatasuı","fatih_obuzhan19@hotmail.com adresine gönderdiğim mailin serbest bırakılmasını rica ederim . cebimpos hareketi gönderdim","2","4",18271,"hatasoy","2026-01-27 16:51:49.23","2026-01-27 16:52:05.033","2026-01-27 16:41:30.507","Mailiniz 5 dakika içerisinde karşıya iletilecektir. Tekrar göndermenize gerek yoktur.","10","3","Mailiniz 5 dakika içerisinde karşıya iletilecektir. Tekrar göndermenize gerek yoktur.","hatasoy",NULL,NULL
1307918,"14",NULL,5768,"mailin serbets bırakılması hk","merhaba ,
yıl sonu krumsal şube müşterilerimzie mutabak metni dönüşü yapıyoruz. 
dökümanda yer alan mail karantinaya takıldı. serbest bırakılmasını rica ederiz.
teşekkürler.","2","4",18271,"hatasoy","2026-01-27 16:13:29.057","2026-01-27 16:13:41.44","2026-01-27 16:10:48.23","Mailiniz 5 dakika içerisinde karşıya iletilecektir. Tekrar göndermenize gerek yoktur.","10","3","Mailiniz 5 dakika içerisinde karşıya iletilecektir. Tekrar göndermenize gerek yoktur.","hatasoy",NULL,NULL
1307886,"14",NULL,5768,"İstanbul Ticaret Üniversitesi Öğrenci Listesi Hk","MErhaba 7057644 müşterimiz olan istanbul ticaret üniversitesi ile öğrenci ödeme anlaşmamız mevcuttur. Firma aylık olarak tc kimlik no yer alan öğrenci listesi talep etmektedir. Mail gönderilmiş olup engellenmiştir. Mailin gönderimi noktasında yardımlarınızı talep ediyoruz.","2","4",18271,"hatasoy","2026-01-27 15:37:56.56","2026-01-27 15:42:36.283","2026-01-27 15:32:16.807","Mailiniz 5 dakika içerisinde karşıya iletilecektir. Tekrar göndermenize gerek yoktur.","10","3","Mailiniz 5 dakika içerisinde karşıya iletilecektir. Tekrar göndermenize gerek yoktur.","hatasoy",NULL,NULL
1307883,"14",NULL,5768,"mail gönderim uygunluğu hk.","Merhaba,
şubemize ait imza sirkülerini müşterimize mail gönderceğiz. ancak kişisell veriye takıldı. bir önceki mercekte tek cengiz beye ait imza sirküleri gönderilmiştir. Yeni mailde 2 kişiye ait olan gönderilmiştir. temlik sözleşmesi yapılacağı için istisna tanımlama yapabilir miyiz?

'Canan DEMİR (ERENLER MEDİKAL)' <muhasebe@erenlermedikal.com.tr>","2","4",18271,"absaglam","2026-01-27 15:26:46.56","2026-01-27 15:27:47.513","2026-01-27 15:20:10.903","Mailiniz 5 dakika içerisinde karşıya iletilecektir. Tekrar göndermenize gerek yoktur.","10","3","Mailiniz 5 dakika içerisinde karşıya iletilecektir. Tekrar göndermenize gerek yoktur.","absaglam",NULL,NULL
1307860,"14",NULL,5768,"mail serbest bırakılması hk","merhaba ,
mutabakat maili ilettik müşteriye  karantinaya takıldı tek seferlik mailin serbets bırakılmasını rica ederiz.
teşekkürler. 

maili dökümana ekledim.","2","4",18271,"hatasoy","2026-01-27 15:14:52.453","2026-01-27 15:17:52.917","2026-01-27 14:50:55.713","Mailiniz 5 dakika içerisinde karşıya iletilecektir. Tekrar göndermenize gerek yoktur.","10","3","Mailiniz 5 dakika içerisinde karşıya iletilecektir. Tekrar göndermenize gerek yoktur.","hatasoy",NULL,NULL
1307868,"14",NULL,5768,"palmira agro mutabakat","Merhaba

mutabakt mailinin serbest bırakılması rica olunur.

iyi çalışmalar.","2","4",18271,"absaglam","2026-01-27 15:14:15.033","2026-01-27 15:15:53.93","2026-01-27 15:05:21.813","Mailiniz 5 dakika içerisinde karşıya iletilecektir. Tekrar göndermenize gerek yoktur.","10","3","Mailiniz 5 dakika içerisinde karşıya iletilecektir. Tekrar göndermenize gerek yoktur.","absaglam",NULL,NULL
1307864,"14",NULL,5768,"POLİÇE YENİLEMESİ maili gitmesi hk.","Merhabalar,

POLİÇE YENİLEMESİ mailinin ekindeki poliçeyi aşağıda yer alan mail adresine gönderilmesi gerekmektedir.Berna YİĞİTBAŞ <byigitbas@pakyatirim.com> 

Gitmesi gereken mail ekte yer almaktadır.","2","4",18271,"hatasoy","2026-01-27 15:14:00.99","2026-01-27 15:14:36.81","2026-01-27 15:00:55.917","Mailiniz 5 dakika içerisinde karşıya iletilecektir. Tekrar göndermenize gerek yoktur.","10","3","Mailiniz 5 dakika içerisinde karşıya iletilecektir. Tekrar göndermenize gerek yoktur.","hatasoy",NULL,NULL
1307857,"14",NULL,5768,"mail gönderimi hk.","merhaba,
Müşterimize şubemizin imza sirkülerini mail göndereceğiz noterde işlem başlatılacaktır. pdf olarak gönderim yapmak istiyorum ancak veri korumaya takılmaktadır. istisna tanımlaması noktasında destek talep ederim.","2","4",18271,"absaglam","2026-01-27 15:12:11.503","2026-01-27 15:13:44.89","2026-01-27 14:47:14.973","Mailiniz 5 dakika içerisinde karşıya iletilecektir. Tekrar göndermenize gerek yoktur.","10","3","Mailiniz 5 dakika içerisinde karşıya iletilecektir. Tekrar göndermenize gerek yoktur.","absaglam",NULL,NULL
1307837,"14",NULL,5768,"Kuşadası Şubesi mülk sahibine dair evrak","Merhaba,

Kuşadası Şubesi mülk sahibi yurtdışında olduğundan avukatına kira sözleşmesi ve diğer evrakı gönderilmiştir. Tanımlama için desteğinizi rica ederiz.","2","4",18271,"absaglam","2026-01-27 15:08:42.823","2026-01-27 15:20:08.39","2026-01-27 14:32:44.107","Mailiniz 5 dakika içerisinde karşıya iletilecektir. Tekrar göndermenize gerek yoktur.","10","3","Mailiniz 5 dakika içerisinde karşıya iletilecektir. Tekrar göndermenize gerek yoktur.","absaglam",NULL,NULL
1307800,"14",NULL,5768,"MAİL GÖNDERİMİ HK.","Merhaba,

Bilgisayarımdan kendime Consulate General of Greece adlı word dosyası yollarken DLP 'e takılmakta bilgilerde kendi kişisel bilgilerim bulunmakta. Bilgisayardan kendime vize için iyi niyet mektubu yazdım ve kendi malime göndermek istedim. Bu hususta istisna tanımlamanız için yardımlarınızı arz ederim.","2","4",18271,"absaglam","2026-01-27 15:04:52.2","2026-01-27 15:08:05.607","2026-01-27 13:51:28.957","Mailiniz 5 dakika içerisinde karşıya iletilecektir. Tekrar göndermenize gerek yoktur.","10","3","Mailiniz 5 dakika içerisinde karşıya iletilecektir. Tekrar göndermenize gerek yoktur.","absaglam",NULL,NULL
1307176,"14",NULL,5768,"istisna","merhaba, kişisel istisna talebi","2","4",18271,"absaglam","2026-01-27 14:59:33.95","2026-01-27 15:02:07.96","2026-01-26 09:00:06.937","Mailiniz 5 dakika içerisinde karşıya iletilecektir. Tekrar göndermenize gerek yoktur.","10","3","Mailiniz 5 dakika içerisinde karşıya iletilecektir. Tekrar göndermenize gerek yoktur.","absaglam",NULL,NULL
1307634,"14",NULL,5768,"Gizlilik sebebiyle iletilemeyen mailler hk.","Merhaba,

Şube müdürümüz Anıl Bey izne çıkmış olup önümüzdeki haftaya kadar olmayacaktır.
Kendisinin izinde olduğu dönem şube hedefleri gelecek olup kendisi excel üzerinden portföy hedef dağılım similasyonları çaluşacaktır.
Divitte paylaşılan karne excelini Müdür Bey'in şahsi mailine göndermek istediğimizde gizlilik sebebiyle mail iletilememektedir. 
Mailin gönderilebilmesi için kısıtın kaldırılması hususunda desteklerinizi arz/rica eder, iyi çalışmalar dilerim. 

Gönderilecek adres: biyiklianil@gmail.com","3","4",21474,"hatasoy","2026-01-27 14:05:57.18","2026-01-29 10:59:39.897","2026-01-27 08:58:52.17","Kullanıcıdan alınan geri dönüş doğrultusunda ilgili mailin iletimine ihtiyaç kalmamıştır. Talep bu doğrultuda kapatılmıştır.","10","3","Kullanıcıdan alınan geri dönüş doğrultusunda ilgili mailin iletimine ihtiyaç kalmamıştır. Talep bu doğrultuda kapatılmıştır.","hatasoy",NULL,NULL
1307226,"14",NULL,5768,"KT Veri tabanlarında olmayan veri talebi","aşağıdaki sorgunun sonucunu iletebilir misiniz. Muhammed Ali Tepe beye iletebilir misiniz merceği.

Bu veriler kt veri tabanlarında yoktur. o yüzden veri erişim talebi ekranları kullanılamamaktadır. başka hiçbir yerden erişilememektedir.

SELECT *
FROM cor.""Client""
WHERE 
   ""ClientId"" LIKE '%ecdc50c2-354c-44f5-ad02-73c6677651a7%'
OR ""ClientId"" LIKE '%ed8cf78f-3a05-4c79-bf33-d1c8de28e342%'
OR ""ClientId"" LIKE '%f85c1395-50ed-4ad5-8715-6991057f9bf9%'
OR ""ClientId"" LIKE '%0f8c7ff9-6840-40e4-ba1d-56d38a8c7f8d%'
OR ""ClientId"" LIKE '%015ca162-4eba-41a2-98fc-71cb33898160%'","3","4",21474,"scakici","2026-01-27 10:51:25.88","2026-01-28 11:40:40.097","2026-01-26 09:34:14.343","Merhaba, 

Öncelikle verilerin KT veri tabanlarına ait olduğunu belirtmek isterim. Bu sebeple ihtiyaç olan iş süreci hakkında  bilgi verebilir misiniz ? Veriler hangi iş süreçlerinde kullanılacaktır.","10","3","Merhaba, 

Öncelikle verilerin KT veri tabanlarına ait olduğunu belirtmek isterim. Bu sebeple ihtiyaç olan iş süreci hakkında  bilgi verebilir misiniz ? Veriler hangi iş süreçlerinde kullanılacaktır.","scakici",NULL,NULL
1307699,"14",NULL,5768,"Veri Koruma Mail","Merhabalar. Ekte yer alan mailin serbest bırakılarak gönderilmesi hususunda desteklerinizi arz/rica ederiz. İlgil mail adresi müşterinin sistemde tanımlı ve onaylı olan kendi kullandığı mail adresidir. İyi çalışmalar.","2","4",18271,"absaglam","2026-01-27 10:49:56.013","2026-01-27 10:54:36.993","2026-01-27 09:53:39.93","Mailiniz 5 dakika içerisinde karşıya iletilecektir. Tekrar göndermenize gerek yoktur.","10","3","Mailiniz 5 dakika içerisinde karşıya iletilecektir. Tekrar göndermenize gerek yoktur.","absaglam",NULL,NULL
1307486,"14",NULL,5768,"Bordro Mail Gönderimi","Kredi süreci için bordromu kendime atmak istiyorum. Finansman kullancağım bankaya vereceğim. Maili gönderemiyorum.","3","4",18271,"hatasoy","2026-01-27 08:49:22.603","2026-01-27 09:39:31.237","2026-01-26 15:30:41.727","Mailiniz 5 dakika içerisinde karşıya iletilecektir. Tekrar göndermenize gerek yoktur.","10","3","Mailiniz 5 dakika içerisinde karşıya iletilecektir. Tekrar göndermenize gerek yoktur.","hatasoy",NULL,NULL
1307554,"14",NULL,5768,"mail gönderimi","merhabalar 
saat 17.17 de gönderdiğim mailin iletilmesi rica olunur.
mailin akıbeti şudur; genel müdürlük müşteriyi cc ye ekleyerek soru sormuştur. 
soruların cevabı şahsıma iletilmiştir.
şahsıma iletilen bu cevabı ben de genel müdürlüğe iletmek istemekteyim.","2","4",18271,"hatasoy","2026-01-27 08:25:39.37","2026-01-27 08:27:20.9","2026-01-26 17:19:12.453","Mailiniz 5 dakika içerisinde karşıya iletilecektir. Tekrar göndermenize gerek yoktur.","10","3","Mailiniz 5 dakika içerisinde karşıya iletilecektir. Tekrar göndermenize gerek yoktur.","hatasoy",NULL,NULL
1307553,"14",NULL,5768,"Şube imza sirküleri gönderilememesi hak.","Merhaba,

Ekli bulunan görseldeki uyarıya istinaden , mektup verdiğimiz müşteriye imza sirküleri gönderdim fakat gimedi.  Lütfen acil destek olabilir misiniz?.","2","4",18271,"hatasoy","2026-01-27 08:24:06.707","2026-01-27 08:25:26.673","2026-01-26 17:20:47.483","Mailiniz 5 dakika içerisinde karşıya iletilecektir. Tekrar göndermenize gerek yoktur.","10","3","Mailiniz 5 dakika içerisinde karşıya iletilecektir. Tekrar göndermenize gerek yoktur.","hatasoy",NULL,NULL
1307541,"14",NULL,5768,"Mutabakat","2025 yılı mutabakat işlemleri nedeni ile mutabakat@tr.gt.com  adresine gönderilen hassas veriye takılan maillerin serbest bırakılması konusunda desteklerinizi talep ederiz.","2","4",18271,"hatasoy","2026-01-27 08:22:48.277","2026-01-27 08:23:16.797","2026-01-26 17:01:50.343","Mailiniz 5 dakika içerisinde karşıya iletilecektir. Tekrar göndermenize gerek yoktur.","10","3","Mailiniz 5 dakika içerisinde karşıya iletilecektir. Tekrar göndermenize gerek yoktur.","hatasoy",NULL,NULL
1307495,"14",NULL,5768,"veri gönderim istisna tanımı","merhaba, prokolo imzaladığımız müşterimize veri gönderim konusunda destek rica ederiz","2","4",18271,"hatasoy","2026-01-26 16:22:54.08","2026-01-26 16:55:28.143","2026-01-26 15:44:00.84","Kullanıcıdan alınan gizlilik sözleşmesi mail sonrasında mail gönderimi sağlanmıştır.","10","3","Kullanıcıdan alınan gizlilik sözleşmesi mail sonrasında mail gönderimi sağlanmıştır.","hatasoy",NULL,NULL
1307475,"14",NULL,5768,"Yıldızdemir Çelik Veri Paylaşımı Hk.","Merhaba;

Ekte paylaştığım mailin iletilmesi hususunda değerli desteklerinizi arz/rica eder, iyi çalışmalar dilerim.","2","4",18271,"hatasoy","2026-01-26 15:31:25.887","2026-01-26 15:33:40.967","2026-01-26 15:12:47.86","Mailiniz 5 dakika içerisinde karşıya iletilecektir. Tekrar göndermenize gerek yoktur.","10","3","Mailiniz 5 dakika içerisinde karşıya iletilecektir. Tekrar göndermenize gerek yoktur.","hatasoy",NULL,NULL
1307339,"14",NULL,5768,"yetki hk:","merhaba,

105052-hareket proje müşterimiz için kaşe imzalı ektre talebi mevcuttur. fakat yazırırıken hassas veri uyarısı almaktayız. konu hakkunda yardımlarıızı rica ederiz.","2","4",18271,"hatasoy","2026-01-26 14:55:58.89","2026-01-26 16:34:51.903","2026-01-26 11:08:10.22","Merhaba,
Aşağıdaki linkte yer alan ""DLP Ajanı Nasıl Güncellenir?"" başlığındaki adımları uyguladıktan sonra işlemi yeniden yapmayı dener misiniz?
https://bilge.kuveytturk.com.tr/genel/24374-dlp-forcepoint-one-endpoint","10","3","Merhaba,
Aşağıdaki linkte yer alan ""DLP Ajanı Nasıl Güncellenir?"" başlığındaki adımları uyguladıktan sonra işlemi yeniden yapmayı dener misiniz?
https://bilge.kuveytturk.com.tr/genel/24374-dlp-forcepoint-one-endpoint","hatasoy",NULL,NULL
1307444,"14",NULL,5768,"Kredi taahhüt yazısı","Merhabalar,

Göndermiş olduğum mail serbet bırakılabilir mi? Şubemiz müşterisinin alacak olduğu işyerinin sahiplerine mail atılmıştır.","2","4",18271,"hatasoy","2026-01-26 14:10:55.633","2026-01-26 14:12:30.19","2026-01-26 14:08:52.25","Mailiniz 5 dakika içerisinde karşıya iletilecektir. Tekrar göndermenize gerek yoktur.","10","3","Mailiniz 5 dakika içerisinde karşıya iletilecektir. Tekrar göndermenize gerek yoktur.","hatasoy",NULL,NULL
1307437,"14",NULL,5768,"TANIMLAMA HK","merhaba,

aşağıdaki müşteri maillerine iletilmek üzere mail gönderilmiştir. ancak veri güvenliğine takılmıştır. açılmasını rica ederiz. 


yuksel@dfcpet.com

beyza@dfcpet.com","2","4",18271,"absaglam","2026-01-26 14:10:00.1","2026-01-26 14:10:51.99","2026-01-26 13:58:44.397","Mailiniz 5 dakika içerisinde karşıya iletilecektir. Tekrar göndermenize gerek yoktur.","10","3","Mailiniz 5 dakika içerisinde karşıya iletilecektir. Tekrar göndermenize gerek yoktur.","absaglam",NULL,NULL
1307406,"14",NULL,5768,"E-posta İstisna Tanımlama","Ekteki e-posta'nın gönderilmesi hakkında uygunluğunuzu rica ederiz,
İyi Çalışmalar

Müşteri Numaraları: 93677704, 99373414, 6186660","2","4",18271,"hatasoy","2026-01-26 14:08:44.43","2026-01-26 14:09:03.277","2026-01-26 12:43:22.887","Mailiniz 5 dakika içerisinde karşıya iletilecektir. Tekrar göndermenize gerek yoktur.","10","3","Mailiniz 5 dakika içerisinde karşıya iletilecektir. Tekrar göndermenize gerek yoktur.","hatasoy",NULL,NULL
1307409,"14",NULL,5768,"mail serbest bıraklıması","ıban no paylaşıldığı için mailin serbest bırakılmasını rica ederiz.","2","4",18271,"absaglam","2026-01-26 14:06:16.237","2026-01-26 14:08:54.853","2026-01-26 12:57:28.49","Mailiniz 5 dakika içerisinde karşıya iletilecektir. Tekrar göndermenize gerek yoktur.","10","3","Mailiniz 5 dakika içerisinde karşıya iletilecektir. Tekrar göndermenize gerek yoktur.","absaglam",NULL,NULL
1307347,"14",NULL,5768,"Firma Mail Engellenmesi","Merhaba, 96972050 müşteri numaralı Hekagro firmamızın Mekan ekranında bulunan alt bayilerini firmaya iletmeye çalıştığımda veri korumaya takılıyorum. Aynı veriler geçen sene firmadan bizlere iletilmişti. İlgili firmalar Hekagro firmamızın alt bayileri olup herhangi bir gizli bilgi paylaşımı söz konusu değildir. Veri korumaya takılan bilgileri firmaya iletilmesi konusunda ivedi destek rica ederim.","2","4",18271,"hatasoy","2026-01-26 11:49:38.22","2026-01-26 11:50:50.28","2026-01-26 11:11:56.33","Mailiniz 5 dakika içerisinde karşıya iletilecektir. Tekrar göndermenize gerek yoktur.","10","3","Mailiniz 5 dakika içerisinde karşıya iletilecektir. Tekrar göndermenize gerek yoktur.","hatasoy",NULL,NULL
1307365,"14",NULL,5768,"exel dökümü yazdırma sorunu hk.","teminat listeleme ekranından aldığım dökümü yazdıramıyorum ekteki uyarı geliyor GKS mutabakatı için ekteki dökümü almak istediğimde kurumsal bilgi güvenliği nedeniyle yazdıramıyorum.
liste ve güvenlik ekran görüntüsü eklenmiştir","2","4",21474,"hatasoy","2026-01-26 11:44:40.967","2026-01-26 12:27:31.15","2026-01-26 11:25:01.32","Merhaba,
Aşağıdaki linkte yer alan ""DLP Ajanı Nasıl Güncellenir?"" başlığındaki adımları uyguladıktan sonra işlemi yeniden yapmayı dener misiniz?
https://bilge.kuveytturk.com.tr/genel/24374-dlp-forcepoint-one-endpoint","10","3","Merhaba,
Aşağıdaki linkte yer alan ""DLP Ajanı Nasıl Güncellenir?"" başlığındaki adımları uyguladıktan sonra işlemi yeniden yapmayı dener misiniz?
https://bilge.kuveytturk.com.tr/genel/24374-dlp-forcepoint-one-endpoint","hatasoy",NULL,NULL
1307348,"14",NULL,5768,"eğitimciler birliği sendikası","İyi Çalışmalar;

Eğitimciler birliği sendikasına yönelik gönderdiğimiz aşağıda ki mail adresine gönderilmesini rica ederiz.

'nurolerdem@ebs.org.tr'","2","4",18271,"keremt","2026-01-26 11:16:41.887","2026-01-26 11:17:41.223","2026-01-26 11:14:41.653","Merhaba, karantinaya takılan mailiniz serbest bırakılmıştır.","10","3","Merhaba, karantinaya takılan mailiniz serbest bırakılmıştır.","keremt",NULL,NULL
1307298,"14",NULL,5768,"veri gönderim hk","merhabalar,

müşterimizin ileri vadeli transfer talimatını imza almak için göndermek zorundayız. tanımlama yapılmasını rica ederiz.

muratkuslu@ankamg.com","2","4",18271,"absaglam","2026-01-26 10:43:28.57","2026-01-26 10:44:25.387","2026-01-26 10:32:22.047","Mailiniz 5 dakika içerisinde karşıya iletilecektir. Tekrar göndermenize gerek yoktur.","10","3","Mailiniz 5 dakika içerisinde karşıya iletilecektir. Tekrar göndermenize gerek yoktur.","absaglam",NULL,NULL
1301946,"14",NULL,5768,"Mail Gönderme Hk","Merhaba,

Ekteki maili teşvikli işlemlerde danışmanlık aldığımız firmaya gönderememekteyiz. Desteklerinizi rica ederiz.","2","4",18271,"hatasoy","2026-01-12 11:26:07.313","2026-01-12 11:27:36.697","2026-01-09 16:00:32.783","Mailiniz 5 dakika içerisinde karşıya iletilecektir. Tekrar göndermenize gerek yoktur.","10","3","Mailiniz 5 dakika içerisinde karşıya iletilecektir. Tekrar göndermenize gerek yoktur.","hatasoy",NULL,NULL
1307279,"14",NULL,5768,"eğitimciler birliği sendikası","Eğitimciler birliği sendikası genel merkezine ekstre gönderilmesi sırasında gönderim yapılmamakta olup ; aşağıda ki maile istisna tanımlamasını yapılmasını rica ederiz. 

nurolerdem@ebs.org.tr'","2","4",18271,"absaglam","2026-01-26 10:41:09.1","2026-01-26 10:43:17.19","2026-01-26 10:10:06.77","Mailiniz 5 dakika içerisinde karşıya iletilecektir. Tekrar göndermenize gerek yoktur.","10","3","Mailiniz 5 dakika içerisinde karşıya iletilecektir. Tekrar göndermenize gerek yoktur.","absaglam",NULL,NULL
1307180,"14",NULL,5768,"İstisna Talebi Hk.","Merhaba,

Hesabı manuel açılacak müşterilerin bilgileri Kuveyt Türk Yatırım'a gönderilmiş olup mailin serbest bırakılması hususunda yardımalrınızı talep ederiz.","2","4",18271,"absaglam","2026-01-26 09:07:23.383","2026-01-26 09:11:02.71","2026-01-26 09:04:19.113","Mailiniz 5 dakika içerisinde karşıya iletilecektir. Tekrar göndermenize gerek yoktur.","10","3","Mailiniz 5 dakika içerisinde karşıya iletilecektir. Tekrar göndermenize gerek yoktur.","absaglam",NULL,NULL
1307085,"14",NULL,5768,"ACİLDİR  Veri Koruma Mail Serbest Bırakılması Hk.","Merhabalar,

15.00 , 15.06 saatlerinde iletmiş olduğum maillerin dış firmalarına iletilmesi gereken bilgileri içermesi dolayısı ile serbest bırakılmasını rica ederim.","2","4",18271,"hatasoy","2026-01-26 08:36:46.793","2026-01-26 08:37:31.043","2026-01-24 15:16:05.327","Mailiniz 5 dakika içerisinde karşıya iletilecektir. Tekrar göndermenize gerek yoktur.","10","3","Mailiniz 5 dakika içerisinde karşıya iletilecektir. Tekrar göndermenize gerek yoktur.","hatasoy",NULL,NULL
1306957,"14",NULL,5768,"mail istisnası","Merhaba, bağımsız denetim firması tarafından talep edilen mutabakat formunun müşterimize gönderilmesi gerekmektedir. (murat.biyikli@ihlas.com.tr) İstisna tanımlanması için yardımlarınızı rica ederiz","2","4",18271,"keremt","2026-01-23 17:26:32.193","2026-01-23 17:27:36.41","2026-01-23 17:14:44.37","Karantinaya takılan mailiniz serbest bırakılmıştır.","10","3","Karantinaya takılan mailiniz serbest bırakılmıştır.","keremt",NULL,NULL
1306907,"14",NULL,5768,"VCF proje danışmalık hk.","Merhabalar,

VCF kurulum kapsamında danışman firmaya iletilmesi gereken maile istisna uygulanması konusunda desteğinizi rica ederiz.

Sub:""RE: Kuveyt Türk & APRO - VCF Kurulum Mail Loop ""","2","4",18271,"absaglam","2026-01-23 15:57:07.46","2026-01-23 15:58:22.417","2026-01-23 15:47:42.13","Mailiniz 5 dakika içerisinde karşıya iletilecektir. Tekrar göndermenize gerek yoktur.","10","3","Mailiniz 5 dakika içerisinde karşıya iletilecektir. Tekrar göndermenize gerek yoktur.","absaglam",NULL,NULL
1306883,"14",NULL,5768,"İstisna Talebi Hk.","Merhaba,
Mailde yer alan belgede, Kuveyt Türk Yatırım şirketimizde eksik bilgisi olması nedeniyle hesabı açılamayan müşterilerin bilgileri iletilmiştir. Bilgiler manuel eklenerek hesapları açıalcaktır. Mailin serbest bırakılması hususunda yardımalrınızı talep ederiz.
Son bir hafta içerisinde 3 defa bu konuda mailimiz takılmış olup @kuveytturkyatirim.com.tr uzantılı mail için genel istisna tanımlanması hususunda değerlendirmelerinizi talep ederiz.","2","4",18271,"absaglam","2026-01-23 15:14:12.163","2026-01-23 15:15:31.17","2026-01-23 15:06:26.063","Mailiniz 5 dakika içerisinde karşıya iletilecektir. Tekrar göndermenize gerek yoktur.","10","3","Mailiniz 5 dakika içerisinde karşıya iletilecektir. Tekrar göndermenize gerek yoktur.","absaglam",NULL,NULL
1306825,"14",NULL,5768,"Veri Koruma","Merhabalar, Divite eklediğim mail veri korumaya takılmaktadır. Mailin karşı tarafa ulaşması için destkelerinizi rica ederiz. İyi çalışmalar.","2","4",18271,"absaglam","2026-01-23 13:56:35.193","2026-01-23 14:13:42.843","2026-01-23 12:30:18.003","Mailiniz 5 dakika içerisinde karşıya iletilecektir. Tekrar göndermenize gerek yoktur.","10","3","Mailiniz 5 dakika içerisinde karşıya iletilecektir. Tekrar göndermenize gerek yoktur.","absaglam",NULL,NULL
1306816,"14",NULL,5768,"82 Salı mail çıkamama","Merhaba,
Müşterimize maili çıkamıyoruz, acil yardım rica ederiz.","2","4",18271,"absaglam","2026-01-23 13:54:16.283","2026-01-23 13:56:28.387","2026-01-23 12:10:43.33","Mailiniz 5 dakika içerisinde karşıya iletilecektir. Tekrar göndermenize gerek yoktur.","10","3","Mailiniz 5 dakika içerisinde karşıya iletilecektir. Tekrar göndermenize gerek yoktur.","absaglam",NULL,NULL
1306784,"14",NULL,5768,"yazıcıdan çıktı alınamaması hk","Merhaba,
müşteri ekstreleri,firma mizanları gibi evrakları çıkartılamamaktadır. Yetki verilmesi hususunda desteklerinizi arz talep ederim","2","4",18271,"absaglam","2026-01-23 11:57:11.167","2026-01-23 12:06:53.99","2026-01-23 11:41:25.143","Merhaba,
Aşağıdaki linkte yer alan ""DLP Ajanı Nasıl Güncellenir?"" başlığındaki adımları uyguladıktan sonra işlemi yeniden yapmayı dener misiniz?
https://bilge.kuveytturk.com.tr/genel/24374-dlp-forcepoint-one-endpoint","10","3","Merhaba,
Aşağıdaki linkte yer alan ""DLP Ajanı Nasıl Güncellenir?"" başlığındaki adımları uyguladıktan sonra işlemi yeniden yapmayı dener misiniz?
https://bilge.kuveytturk.com.tr/genel/24374-dlp-forcepoint-one-endpoint","absaglam",NULL,NULL
1306767,"14",NULL,5768,"VERİ GÜVENLİĞİ","Merhaba ,

ekteki maillerin karşı tarafa iletilmesi konusund ayardımınızı rica ederiz.","3","4",18271,"absaglam","2026-01-23 11:42:37.35","2026-01-23 11:45:51.14","2026-01-23 11:22:02.593","Mailiniz 5 dakika içerisinde karşıya iletilecektir. Tekrar göndermenize gerek yoktur.","10","3","Mailiniz 5 dakika içerisinde karşıya iletilecektir. Tekrar göndermenize gerek yoktur.","absaglam",NULL,NULL
1306752,"14",NULL,5768,"VERİ GÜVENLİĞİ","Merhaba ,

ekteki mailin karşı taraf iletilmesini rica ederiz.","3","4",18271,"absaglam","2026-01-23 11:38:22.803","2026-01-23 11:44:18.98","2026-01-23 11:07:45.077","Mailiniz 5 dakika içerisinde karşıya iletilecektir. Tekrar göndermenize gerek yoktur.","10","3","Mailiniz 5 dakika içerisinde karşıya iletilecektir. Tekrar göndermenize gerek yoktur.","absaglam",NULL,NULL
1306723,"14",NULL,5768,"Veri  istisnası  hak.","Merhaba  , 'carsiistanbu16@gmail.com' mail adresine hesap  ekstresini iletebilmemiz için veri  koruma istisnası  tanımlanması  hususunda değerli  desteğinizi arz/rica ederiz.","2","4",18271,"absaglam","2026-01-23 10:41:19.713","2026-01-23 10:54:32.057","2026-01-23 10:26:14.693","Kullanıcı ile iletişime geçildi. Herhangi bir veri takılmadığı kendisine iletildi.","10","3","Kullanıcı ile iletişime geçildi. Herhangi bir veri takılmadığı kendisine iletildi.","absaglam",NULL,NULL
1306707,"14",NULL,5768,"Yetki İsteme","VİP TOWER İNŞAAT TAAHHÜT SANAYİ VE TİCARET ANONİM ŞİRKETİ 
94743867
Müşterimiz devirlerden önce Etlik şubesi müşterisidir. Kendileri personel maaşlarını Etlik Şubesinden ödemektedirler. Bu neden veri koruma sistemi istisna tanımla yetkisini istiyorum. Teşekkür ederim","2","4",18271,"absaglam","2026-01-23 10:22:12.007","2026-01-23 10:55:47.433","2026-01-23 10:03:24.773","Talep ettiğiniz dosya/rapor  hassas veri içermektedir. Bu verilerin çıktı alınması, paylaşılması veya fiziksel ortamda saklanması durumunda sorumluluk veri çıktısını alan kişiye aittir. Müşteri ile iletişime geçildi Veri Güvenliği Prosedürüne uygun olarak belgenin güncellenmesi istendi.","10","3","Talep ettiğiniz dosya/rapor  hassas veri içermektedir. Bu verilerin çıktı alınması, paylaşılması veya fiziksel ortamda saklanması durumunda sorumluluk veri çıktısını alan kişiye aittir. Müşteri ile iletişime geçildi Veri Güvenliği Prosedürüne uygun olarak belgenin güncellenmesi istendi.","absaglam",NULL,NULL
1306683,"14",NULL,5768,"Yazıcıdan imza sirkülerini yazdıramıyorum","Merhaba, Şube yazıcısından bankamız imza sirküsünü yazdırmak istediğimde DLP hatası veriyor, istista tanımlaması hususunda desteklerinizi bekleriz, DLP maili ektedir.","2","4",18271,"absaglam","2026-01-23 10:14:14.89","2026-01-23 10:19:09.25","2026-01-23 09:36:40.69","Çıktı alma işlemine devam etmek istiyorsanız, veri güvenliği konusundaki sorumluluğun tarafınıza ait olduğunu teyit etmiş sayılırsınız.
Hassas veri içerdiğinden talebiniz uygun görülmemiştir.","10","3","Çıktı alma işlemine devam etmek istiyorsanız, veri güvenliği konusundaki sorumluluğun tarafınıza ait olduğunu teyit etmiş sayılırsınız.
Hassas veri içerdiğinden talebiniz uygun görülmemiştir.","absaglam",NULL,NULL
1306701,"14",NULL,5768,"MÜŞTERİ EKSTRESİNİ FİZİKSEL OLARAK ÇIKARAMAMA SORUNU","Merhabalar ;

Şubemize yeni gelen yazıcıdan yüksek sayfalı hesap ekstresi çıktısı alamıyoruz güvenlik uyarısı veriyor.Müşterimiz kaşe imzalı fiziksel evrak istiyor.Yardımlarınızı arz/rica ederiz.","2","4",18271,"absaglam","2026-01-23 10:09:34.147","2026-01-23 10:13:19.767","2026-01-23 09:58:56.997","Merhaba,
Aşağıdaki linkte yer alan ""DLP Ajanı Nasıl Güncellenir?"" başlığındaki adımları uyguladıktan sonra işlemi yeniden yapmayı dener misiniz?
https://bilge.kuveytturk.com.tr/genel/24374-dlp-forcepoint-one-endpoint","10","3","Merhaba,
Aşağıdaki linkte yer alan ""DLP Ajanı Nasıl Güncellenir?"" başlığındaki adımları uyguladıktan sonra işlemi yeniden yapmayı dener misiniz?
https://bilge.kuveytturk.com.tr/genel/24374-dlp-forcepoint-one-endpoint","absaglam",NULL,NULL
1306415,"14",NULL,5768,"ŞAHSİ MAİLİME GÖNDERİM İSTİSNA","Merhaba  kendi özlük evraklarımı şahsis malime göndermek isitorum ancak veri korumaya takılıyor .
Aşağıdaki sahsi mailim için istisna arz ederim.
centilmen274907@gmail.com","2","4",18271,"absaglam","2026-01-23 10:02:51.927","2026-01-23 10:39:18.227","2026-01-22 12:03:56.697","Şahsi maile gönderim hususlarında Veri Güvenliği Politikaları gereği izin verilmemektedir. Şahsi işlemlerin kişisel araçlarda yapılması daha uygundur.","10","3","Şahsi maile gönderim hususlarında Veri Güvenliği Politikaları gereği izin verilmemektedir. Şahsi işlemlerin kişisel araçlarda yapılması daha uygundur.","absaglam",NULL,NULL
1304159,"14",NULL,5768,"99484406-97107329-98948459-91626133-6866507","Kiwi web servis entegre 

Merhabalar
Müşterimiz kiwi web servis entegre uygulamasını kullanmaktadır. Kiwi tarafından Malik Hakyemez ile görüşülmüştür. +905339531967 telefon numarasını kullanmaktadır. İlgili firma kuyumculuk faaliyetleri göstermektedir. Masak denetlemesi mevcut olan firmada yoğun hacimli kuyumculuk sebebi ile para transferleri yapmaktadır. İlgili alım satım işlemlerinde gelen transfer bedeli ile otomatik eşleşme yapılarak uygulama tarafından fatura kesim yapılmaktadır. Müşterinin mevcut kiwi entegresinde tckn paylaşımı yapılamadığı için alıcı tckn'leri 111111111 şeklinde gözükmektedir. Bu da masak sorgusunda cezaya sebebiyet vermektedir. Kiwi tarafı ile görüşlmüş olup diğer bankalar tckn bilgisini sadece bankamızca kendileri ile paylaşılmadığı beyan edilmiştir. Müşterimiz pos ve cari anlamında bankamızca verimli olup ilgili problemi çözemediği taktirde banka taşımaya mecbur olduğunu tarafımıza iletmiştir. Konu hakkında acil desteğinizi rica ederiz.

İlgili konu ile alakalı tckn paylaşılması talebi ile mercek açılmış ve alttaki yanıt alınmıştır : ""merhaba,
KVKK gereği web serviste TCKN ve IBAN bilgileri yıldızlı olarak paylaşılmaktadır. Bu konuyla ilgili herhangi bir değişiklik ya da müşteri özelinde güncelleme yapılamamaktadır. Bilgilerinize sunarız.
iyi çalışmalar.""","3","4",18271,"absaglam","2026-01-23 09:38:34.687","2026-01-23 09:40:43.167","2026-01-16 12:12:49.533","Kullanıcı ile teams üzerinden görüşüldü. Mercek talebinin giderildiği kullanıcı tarafından beyan edildi.","10","3","Kullanıcı ile teams üzerinden görüşüldü. Mercek talebinin giderildiği kullanıcı tarafından beyan edildi.","absaglam",NULL,NULL
1306632,"14",NULL,5768,"veri güvenliği","Merhaba ,

ekteki maillerin iş aksaklığı olmaması sebebi ile karşı tarafa iletilmesini rica ederiz.","3","4",18271,"absaglam","2026-01-23 09:35:11.987","2026-01-23 09:42:04.88","2026-01-23 08:28:55.127","Mailiniz 5 dakika içerisinde karşıya iletilecektir. Tekrar göndermenize gerek yoktur.","10","3","Mailiniz 5 dakika içerisinde karşıya iletilecektir. Tekrar göndermenize gerek yoktur.","absaglam",NULL,NULL
1306557,"14",NULL,5768,"Mail gönderimi hakk","Merhaba,
İlgli mailde güncelleme yapılmıuş olup divitteki maili tekrar gönderim konusunda desteklerinizi rica ederiz.","2","4",18271,"absaglam","2026-01-23 09:32:47.743","2026-01-23 09:34:55.8","2026-01-22 16:12:23.947","Mailiniz 5 dakika içerisinde karşıya iletilecektir. Tekrar göndermenize gerek yoktur.","10","3","Mailiniz 5 dakika içerisinde karşıya iletilecektir. Tekrar göndermenize gerek yoktur.","absaglam",NULL,NULL
1306562,"14",NULL,5768,"Müşteri Verisi - Güvenlik Bilgilendirmesi","saat 16:15 de attığım mailin gönderilmesini rica ederim","2","4",18271,"absaglam","2026-01-23 09:31:10.767","2026-01-23 09:32:24.493","2026-01-22 16:19:05.423","Mailiniz 5 dakika içerisinde karşıya iletilecektir. Tekrar göndermenize gerek yoktur.","10","3","Mailiniz 5 dakika içerisinde karşıya iletilecektir. Tekrar göndermenize gerek yoktur.","absaglam",NULL,NULL
1306566,"14",NULL,5768,"e-mail Gönderimi Hk.","Merhaba,

Ekli mail tedarikçi firma ile yaptığımız e-imzalı sözleşmeyi ve imza sirkülerini içermektedir. Mailin gönderilmesi için desteklerinizi talep ederiz.","2","4",18271,"absaglam","2026-01-23 09:28:33.16","2026-01-23 09:30:59.463","2026-01-22 16:31:00.553","Mailiniz 5 dakika içerisinde karşıya iletilecektir. Tekrar göndermenize gerek yoktur.","10","3","Mailiniz 5 dakika içerisinde karşıya iletilecektir. Tekrar göndermenize gerek yoktur.","absaglam",NULL,NULL
1305114,"14","6",5768,"Veri Erişim Yetkisi Alınan Tabloda Yetki Uyarısı Hakkında","Merhaba,

Veri erişim yetkisi alınan boa.dbt.CampaignDefinition tablosu yetki uyarısı veriyor. İlgili ekran görüntüleri ektedir. Konu hakkında yardımcı olabilir misiniz?
İyi çalışmalar dilerim.","1","4",5170,"keremt","2026-01-23 08:51:41.017","2026-01-23 11:00:43.337","2026-01-20 08:32:43.36","Merhaba, yetki tipi yanlış girildiğinden dolayı MsSQL üzerinden bağlanırken hata almaktasınız. Yetki talebi girerken yetki talebi kısmı SRVDNZ Management Studio olarak girilmelidir.","3","3","Merhaba, yetki tipi yanlış girildiğinden dolayı MsSQL üzerinden bağlanırken hata almaktasınız. Yetki talebi girerken yetki talebi kısmı SRVDNZ Management Studio olarak girilmelidir.","keremt",NULL,NULL
1305746,"14",NULL,5768,"E-posta İstisna Tanımlama","Merhaba,
Ekteki e-posta'nın gönderilmesi için istisna tanımlanmasını rica ederiz,
İyi Çalışmalar","2","4",18271,"absaglam","2026-01-22 16:54:18.723","2026-01-22 16:54:41.5","2026-01-21 09:27:08.823","Mailiniz 5 dakika içerisinde karşıya iletilecektir. Tekrar göndermenize gerek yoktur.","10","3","Mailiniz 5 dakika içerisinde karşıya iletilecektir. Tekrar göndermenize gerek yoktur.","absaglam",NULL,NULL
1306517,"14",NULL,5768,"vize başvuru","merhaba vize başvurusu için müşterimizin firma hesap ekstre talebi vardır,
veri paylaşım uyarısı almaktayız,
istisna tanımlama için yardımlarınızı talep ederiz.
müşteri no : 282213-6","2","4",18271,"absaglam","2026-01-22 16:45:55.983","2026-01-22 16:52:48.747","2026-01-22 15:24:24.25","Merhaba,
Aşağıdaki linkte yer alan ""DLP Ajanı Nasıl Güncellenir?"" başlığındaki adımları uyguladıktan sonra işlemi yeniden yapmayı dener misiniz?
https://bilge.kuveytturk.com.tr/genel/24374-dlp-forcepoint-one-endpoint","10","3","Merhaba,
Aşağıdaki linkte yer alan ""DLP Ajanı Nasıl Güncellenir?"" başlığındaki adımları uyguladıktan sonra işlemi yeniden yapmayı dener misiniz?
https://bilge.kuveytturk.com.tr/genel/24374-dlp-forcepoint-one-endpoint","absaglam",NULL,NULL
1306558,"14",NULL,5768,"Şahsi Mailime gönderilen mail hk","Sayın İlgili, kurum bilgisayarımdan kendi şahsi mailime şahsi evraklarımı göndermek istiyorum fakat gitmiyor. konu hakkında ekran görüntüsündeki mailime istisna tanımlanmasını rica ederim.","2","4",18271,"absaglam","2026-01-22 16:45:21.837","2026-01-22 16:45:39.917","2026-01-22 16:06:02.4","Mailiniz 5 dakika içerisinde karşıya iletilecektir. Tekrar göndermenize gerek yoktur.","10","3","Mailiniz 5 dakika içerisinde karşıya iletilecektir. Tekrar göndermenize gerek yoktur.","absaglam",NULL,NULL
1306518,"14",NULL,5768,"sağlık evrakları mail engeli kaldırma","merhaba her hafta gerçekleşen  sağlık taraması evraklarını ben taramaya katılan kişilerin kendi maillerine atmam lazım ama attığımda mail engellendi uyarı veriyor  bunun için izin gerekiyor  yarımcı olur musunuz engelin kalkması konusunda","2","4",18271,"absaglam","2026-01-22 16:02:36.693","2026-01-23 09:26:29.657","2026-01-22 13:52:35.177","Kullanıcı ile görüşüldü. Oluşturduğu mercek talebinin uygun görülmediği iletildi.","10","3","Kullanıcı ile görüşüldü. Oluşturduğu mercek talebinin uygun görülmediği iletildi.","absaglam",NULL,NULL
1306522,"14",NULL,5768,"koza ymm vergi iadesi talebi hk.","merhabalar, koza ymm ile yapılan görüşmeye istinaden imza sirküsünün acıl olarak gitmesi gerekmektedir.","2","4",18271,"keremt","2026-01-22 15:39:18.863","2026-01-22 15:40:21.68","2026-01-22 15:31:04.49","Merhaba, karantinaya takılan mailiniz serbest bırakılmıştır. 10 dk içerisinde mail karşı tarafa ulaşacaktır. Maili tekrar göndermenize gerek yoktur.","10","3","Merhaba, karantinaya takılan mailiniz serbest bırakılmıştır. 10 dk içerisinde mail karşı tarafa ulaşacaktır. Maili tekrar göndermenize gerek yoktur.","keremt",NULL,NULL
1306506,"14",NULL,5768,"8064760-8580966 HÜSEYİN ŞAHİN EKSTRE GÖNDERİMİ","8064760-8580966 HÜSEYİN ŞAHİN bireysel ve şahıs firması hesaplarının 2023 yılı hesap dökümlerini mail atmamız gerekiyor fakat güvenlikten dolayı mail iletilememektedir. Konu hakkında yardımlarınızı arz/rica ederiz.","2","4",18271,"absaglam","2026-01-22 15:28:01.15","2026-01-22 15:50:37.023","2026-01-22 15:15:04.023","Mailiniz 5 dakika içerisinde karşıya iletilecektir. Tekrar göndermenize gerek yoktur.","10","3","Mailiniz 5 dakika içerisinde karşıya iletilecektir. Tekrar göndermenize gerek yoktur.","absaglam",NULL,NULL
1306356,"14",NULL,5768,"şahsi mail hakkında","merhabalar ismmmo dan gelen maili  bilirkişilik eğitimi için yapılacak belge yüklemelerini kendi mailime atmaya çalıştıgımda güvenliğe takıldı","2","4",18271,"absaglam","2026-01-22 15:25:21.867","2026-01-22 15:27:52.267","2026-01-22 10:58:22.247","İçeriği olarak ne demeye çalıştığınız biraz daha açar mısınız ? Veri Güvenliği prosedürleri gereğince kişisel maillere gönderim yapılması uygun görülmemektedir.","10","3","İçeriği olarak ne demeye çalıştığınız biraz daha açar mısınız ? Veri Güvenliği prosedürleri gereğince kişisel maillere gönderim yapılması uygun görülmemektedir.","absaglam",NULL,NULL
1306355,"14",NULL,5768,"aziziye tarım bağımsız denetim mutabakat formunun iletilmesi hk.","Merhaba , Aziziye tarım firmasının banka mutabakat fprmu iletimi için aşağıda belirtilen maillere istisna tanımlanmasını rica ederiz.
YUNUS BEY <yunus@bayramogluyemun.com>; 
Emine Hanım <emine@bayramogluyemun.com>; 
'Hasan AKBULUT' <hasanakbulut@bayramogluyemun.com> 
'Birkan Nihat TURAN' <b.turan@notedenetim.com.tr>","2","4",18271,"absaglam","2026-01-22 15:21:26.49","2026-01-22 15:25:11.797","2026-01-22 10:57:15.517","Mailiniz 5 dakika içerisinde karşıya iletilecektir. Tekrar göndermenize gerek yoktur.","10","3","Mailiniz 5 dakika içerisinde karşıya iletilecektir. Tekrar göndermenize gerek yoktur.","absaglam",NULL,NULL
1306329,"14",NULL,5768,"Mail Gönderilmesi Hk.","Merhabalar;

698891 müşteri numaralı Renskan firması bankamızdan ithalat leasing işlemi yapmıştır. ithalat leasing işlemi ile alakalı gümrük masrafları olmaktadır. gümrük masraflarının detayları faturaları ve sair evrakları müşteri ile paylaşmak istedim. yalnız mailde ıban bilgileri olduğu için ilgili mail hassas veriye takılmıştır. ilgili belgeler firma ile ilgili olmakta olup mailin serbest bırakılması hususunda yardımlarınızı talep eder iyi çalışmalar dileriz. 

not: göndermek istediğimi mail ektedir.","2","4",18271,"absaglam","2026-01-22 15:19:23.083","2026-01-22 15:21:17.42","2026-01-22 10:36:20.49","Mailiniz 5 dakika içerisinde karşıya iletilecektir. Tekrar göndermenize gerek yoktur.","10","3","Mailiniz 5 dakika içerisinde karşıya iletilecektir. Tekrar göndermenize gerek yoktur.","absaglam",NULL,NULL
1306325,"14",NULL,5768,"mail gönderme yetkisi hk","Merhaba

harun.ozan@inoled.com.tr mail adresine firmanın TBF listelerini göndermek istedik ancak sistemsel hata aldık son maili iletmeniz hususunda desteklerinizi rica eeriz","2","4",18271,"absaglam","2026-01-22 15:18:14.593","2026-01-22 15:19:16.54","2026-01-22 10:39:48.097","Mailiniz 5 dakika içerisinde karşıya iletilecektir. Tekrar göndermenize gerek yoktur.","10","3","Mailiniz 5 dakika içerisinde karşıya iletilecektir. Tekrar göndermenize gerek yoktur.","absaglam",NULL,NULL
1306291,"14",NULL,5768,"mail gönderimi hak.","merhabalar şubemiz hesaplarından müşteriye ait proje ödemesinden eft işlemi yapılmıştır.filtreleyip ekstreyi müşteriye iletmemiz gerekmektedir muhasebe kaydı için. istisna tanımlayabilir miyiz ?","2","4",18271,"absaglam","2026-01-22 15:14:09.52","2026-01-22 15:15:47.227","2026-01-22 10:16:21.693","Mailiniz 5 dakika içerisinde karşıya iletilecektir. Tekrar göndermenize gerek yoktur.","10","3","Mailiniz 5 dakika içerisinde karşıya iletilecektir. Tekrar göndermenize gerek yoktur.","absaglam",NULL,NULL
1306476,"14",NULL,5768,"Eposta gönderimi hakk","Merhaba,
Divittikei mailin gönderilmesi konsunda desteklerinizi rica ederiz.","2","4",18271,"absaglam","2026-01-22 15:12:15.47","2026-01-22 15:13:47.09","2026-01-22 14:30:25.06","Mailiniz 5 dakika içerisinde karşıya iletilecektir. Tekrar göndermenize gerek yoktur.","10","3","Mailiniz 5 dakika içerisinde karşıya iletilecektir. Tekrar göndermenize gerek yoktur.","absaglam",NULL,NULL
1306465,"14",NULL,5768,"tırsan","merhaba,

ekli mailin serbest bırakılmasını rica ederiz. hesap açılış evrakları gönderilmektedir.","2","4",18271,"absaglam","2026-01-22 15:11:12.337","2026-01-22 15:11:59.5","2026-01-22 14:16:15.053","Mailiniz 5 dakika içerisinde karşıya iletilecektir. Tekrar göndermenize gerek yoktur.","10","3","Mailiniz 5 dakika içerisinde karşıya iletilecektir. Tekrar göndermenize gerek yoktur.","absaglam",NULL,NULL
1306437,"14",NULL,5768,"İstisna Talebi","Merhaba,

Divite eklenen maildeki bilgiler ile Kuveyt Türk Yatırım tarafında müşterilerin manuel olarak hesabı açılacaktır. Mailin serbest bırakılması hususunda yardımlarınızı talep ederiz.","2","4",18271,"absaglam","2026-01-22 15:09:16.8","2026-01-22 15:10:41.947","2026-01-22 12:57:42.74","Mailiniz 5 dakika içerisinde karşıya iletilecektir. Tekrar göndermenize gerek yoktur.","10","3","Mailiniz 5 dakika içerisinde karşıya iletilecektir. Tekrar göndermenize gerek yoktur.","absaglam",NULL,NULL
1306431,"14",NULL,5768,"SEGEM Veri Paylaşımı Hakkında","Merhaba,

SEGEM tarafından 2025 yılında yapılan yenileme eğitimini alan personellerin listesi alabilmemiz için bankamızda SEGEM sertifikasına sahip personel listesini iletmemiz gerekiyor. Söz konusu listede TCKN verisi yer aldığı için hassas veriye takılıyor. TCKN versis segemde zaten mevcuttur. Ekranlarına e-devlet üzerinden giriş yapılmaktadır. Bu sebeple sbmegitim@sbm.org.tr adresine atılacak e-postaların maskeleme yönetemi olmadan gönderilmesi için yardımlarınızı rica ederim.","2","4",18271,"absaglam","2026-01-22 15:06:09.413","2026-01-22 15:09:09.617","2026-01-22 12:35:38.99","Mailiniz 5 dakika içerisinde karşıya iletilecektir. Tekrar göndermenize gerek yoktur.","10","3","Mailiniz 5 dakika içerisinde karşıya iletilecektir. Tekrar göndermenize gerek yoktur.","absaglam",NULL,NULL
1306371,"14",NULL,5768,"Hayat hemşirenin mailde veri engeli","merhaba,

yeni iş yeri hemşiremiz Hayat Etreci hanım sağlık taraması için sonuçları çalışanlarımıza iletirken veri engeline takılmaktadır. yetki rica ederim.

iyi çalışmalar.","2","4",18271,"absaglam","2026-01-22 15:04:42.48","2026-01-22 15:06:01.553","2026-01-22 11:10:06.263","Mercek taleplerini kullanıcının kendisinin açması gerekmektedir.","10","3","Mercek taleplerini kullanıcının kendisinin açması gerekmektedir.","absaglam",NULL,NULL
1306186,"14",NULL,5768,"mailde tc iletme yetkisi","merhaba,

onur@birimlaboratuvari.com mail adresi ile Ayşem Taşkale / Kuveyt Türk - Sağlık <Aysem.Koltukoglu@kuveytturk.com.tr> Büşra Ören Karaca / Kuveyt Türk - Sağlık <busra.karaca@kuveytturk.com.tr>Nihansu Özdemir / Kuveyt Türk - Sağlık <nihansu.ozdemir@kuveytturk.com.tr> Hayat Etreci / Kuveyt Türk - Sağlık <hayat.etreci@kuveytturk.com.tr> mailleri arasında tc iletimizde veri engeline takılmaktadır. Sağlık taraması uygulaması nedeniyle bu mailler arasında veri engelinin kaldırılmasını rica ederiz.

iyi çalışmalar dileriz.","2","4",18271,"absaglam","2026-01-22 14:44:20.877","2026-01-22 14:59:31.567","2026-01-22 08:24:48.347","Müşteri ile iletişime geçildi. Bu konuda gerekli açıklamalar yapıldı.","10","3","Müşteri ile iletişime geçildi. Bu konuda gerekli açıklamalar yapıldı.","absaglam",NULL,NULL
1306377,"14",NULL,5768,"Mail İstisna Tanımı Hk.","Merhabalar,

Aşdağıga görüntüsü bulunan mail müşterimize iletilebilmesi adına tanımlama yapılmasını rica ederim.

Müşterimiz bankamız hesap ve krei kartlarının açılışındna buyana tüm hareketlerini excel formatından talep etmiş olup müşterimiz maili de divite eklenmiştir.

Desteklerinizi rica ederim.","3","4",18271,"absaglam","2026-01-22 14:41:21.19","2026-01-22 16:09:19.587","2026-01-22 11:11:14.523","Mailiniz 5 dakika içerisinde karşıya iletilecektir. Tekrar göndermenize gerek yoktur.","10","3","Mailiniz 5 dakika içerisinde karşıya iletilecektir. Tekrar göndermenize gerek yoktur.","absaglam",NULL,NULL
1306088,"14",NULL,5768,"e posta istisna","merhaba müşteri ile vefa protokolü paylaşılacaktır.","2","4",18271,"absaglam","2026-01-22 14:41:16.977","2026-01-22 14:44:13.74","2026-01-21 17:11:59.963","Mailiniz 5 dakika içerisinde karşıya iletilecektir. Tekrar göndermenize gerek yoktur.","10","3","Mailiniz 5 dakika içerisinde karşıya iletilecektir. Tekrar göndermenize gerek yoktur.","absaglam",NULL,NULL
1306067,"14",NULL,5768,"Mutabakat Belgeleri Gönderimi","Senebaşından itibaren denetim gerekçesiyle birkikte çalıştığımız kurumların mutabakat taleplerini iletmekteyiz. İlgili belgeleri kurumlara iletebilmek adına istisna tanımlaması yapılması hususunda yardımlarınızı arz ederim.

Saygılarımla,","2","4",18271,"absaglam","2026-01-22 14:36:38.04","2026-01-22 14:41:10.743","2026-01-21 16:32:23.033","Mailiniz 5 dakika içerisinde karşıya iletilecektir. Tekrar göndermenize gerek yoktur.","10","3","Mailiniz 5 dakika içerisinde karşıya iletilecektir. Tekrar göndermenize gerek yoktur.","absaglam",NULL,NULL
1306064,"14",NULL,5768,"Param Sözleşmeleri Paylaşımı","Merhaba,

Ekte bulunan maildeki kişilere sözleşme paylaşılacaktır. Veri güvenliği ihlalinden mail gönderilememektedir. 

İstisna tanımlama rica ederiz.","2","4",18271,"absaglam","2026-01-22 14:35:01.313","2026-01-22 14:36:30.21","2026-01-21 16:35:35.207","Mailiniz 5 dakika içerisinde karşıya iletilecektir. Tekrar göndermenize gerek yoktur.","10","3","Mailiniz 5 dakika içerisinde karşıya iletilecektir. Tekrar göndermenize gerek yoktur.","absaglam",NULL,NULL
1306057,"14",NULL,5768,"Hesap Ekstre Yazdıramama sorunu hk.","99940776 Ramazan ESEN 1 yıllık hesap ekstresi istemektedir. Fakat duruma sistem izin vermemektedir. Konu hususunda yardımlarınızı arz ederiz.","2","4",18271,"absaglam","2026-01-22 14:23:30.607","2026-01-22 14:33:38.06","2026-01-21 16:26:41.883","Merhaba,
Aşağıdaki linkte yer alan ""DLP Ajanı Nasıl Güncellenir?"" başlığındaki adımları uyguladıktan sonra işlemi yeniden yapmayı dener misiniz?
https://bilge.kuveytturk.com.tr/genel/24374-dlp-forcepoint-one-endpoint
Talebiniz uygun görülmemiştir. İstisna durumları hariç hesap ektreleri bilgi güvenliği politikaları gereği sadece BOA üzerinden gönderilmesi gerekmektedir.","10","3","Merhaba,
Aşağıdaki linkte yer alan ""DLP Ajanı Nasıl Güncellenir?"" başlığındaki adımları uyguladıktan sonra işlemi yeniden yapmayı dener misiniz?
https://bilge.kuveytturk.com.tr/genel/24374-dlp-forcepoint-one-endpoint
Talebiniz uygun görülmemiştir. İstisna durumları hariç hesap ektreleri bilgi güvenliği politikaları gereği sadece BOA üzerinden gönderilmesi gerekmektedir.","absaglam",NULL,NULL
1306048,"14",NULL,5768,"VCF Deployment Projesi hk.","MErhabalar,

Vmware Cloud Foundation ürünü kurulumu için danışman firma ile paylaşılan ""RE: Kuveyt Türk & APRO - VCF Kurulum Mail Loop"" konulu mailin istisna kapsamına alınması konusunda yardımcı olabilir misiniz.

İYi çalışmalar","2","4",18271,"absaglam","2026-01-22 14:20:24.173","2026-01-22 14:21:18.767","2026-01-21 16:15:22.097","Mailiniz 5 dakika içerisinde karşıya iletilecektir. Tekrar göndermenize gerek yoktur.","10","3","Mailiniz 5 dakika içerisinde karşıya iletilecektir. Tekrar göndermenize gerek yoktur.","absaglam",NULL,NULL
1306035,"14",NULL,5768,"hesap ekstre gönderimi hk","Merhaba müşterimize hesap ekstresi gönderimi için masraf ödemek istememektedir. Müşterimiz verimli müşteri olması nedeniyle veri istisnası talebinde bulunarak boa üzerinden olmayacak şekilde hesap ekstresi gönderimi için desteğinizi talep ederim","2","4",18271,"absaglam","2026-01-22 14:14:54.127","2026-01-22 15:17:17.077","2026-01-21 15:49:36.473","Mailiniz 5 dakika içerisinde karşıya iletilecektir. Tekrar göndermenize gerek yoktur.","10","3","Mailiniz 5 dakika içerisinde karşıya iletilecektir. Tekrar göndermenize gerek yoktur.","absaglam",NULL,NULL
1306024,"14",NULL,5768,"mailin kısıtlanmaıs","merhaba,

ektkei maillerimiz işlem için acilen müşteriye iletilemsi gerekmektedir.  avukat bilgieri mevcuttur. satısa gidilecektir. maillerin serbest bırakılmaısnı rica ederiz.","2","4",18271,"absaglam","2026-01-22 14:13:08.733","2026-01-22 14:14:36.467","2026-01-21 15:36:34.087","Mailiniz 5 dakika içerisinde karşıya iletilecektir. Tekrar göndermenize gerek yoktur.","10","3","Mailiniz 5 dakika içerisinde karşıya iletilecektir. Tekrar göndermenize gerek yoktur.","absaglam",NULL,NULL
1306348,"14",NULL,5768,"Veri Koruma Sistemi Hakk.","Merhabalar kolay gelsin 

97807843 nolu müşterimizin şubemizden talep ettiği bağımsız denetim tabilik evraklarını firmaya tanımlı mail adresine atmaya çalıştığımızda veri koruma sistemine takılınmakta olup evrakların maskesiz gönderilmesi elzemdir. gönderilmeye çalışılan evrak divitte eklidir. Yardımlarınızı arz ederiz.

costa1@royalfoods.com.tr firma tanımlı mail adresidir.","3","4",18271,"absaglam","2026-01-22 14:08:54.627","2026-01-22 16:02:18.23","2026-01-22 10:51:05.537","Mailiniz 5 dakika içerisinde karşıya iletilecektir. Tekrar göndermenize gerek yoktur.","10","3","Mailiniz 5 dakika içerisinde karşıya iletilecektir. Tekrar göndermenize gerek yoktur.","absaglam",NULL,NULL
1306020,"14",NULL,5768,"Mail Serbest Bırakılması Hk.","Merhaba,

adiguzeldogukan34@gmail.com, mertcancucen@gmail.com mail adreslerine gönderilen ve ekran görüntüsü paylaşılan mailin serbest bırakılması hususunda değerli desteklerinizi arz/rica eder, iyi çalışmalar dilerim.

**Müşterimiz Google'a yapılan reklam ödemeleri ve Google'dan gelen ihracat bedelleri için Ticaret Bakanlığı D.F.İ.F kapsamında ihracat teşviki almaktadır. Ödeme dekontlarına şube kaşe+imzası talep edilmektedir. Elektronik ortamdan başvuru yapılmasından dolayı mailden gönderim yapılmaktadır.","2","4",18271,"absaglam","2026-01-22 14:05:44.76","2026-01-22 14:06:03.757","2026-01-21 15:32:06.477","Mailiniz 5 dakika içerisinde karşıya iletilecektir. Tekrar göndermenize gerek yoktur.","10","3","Mailiniz 5 dakika içerisinde karşıya iletilecektir. Tekrar göndermenize gerek yoktur.","absaglam",NULL,NULL
1305414,"14",NULL,5768,"Apaydın Grup FYY // FYY Sözleşmesi","Merhaba, 

İlgili başlıklı mail iş akışlarımız dahilide olup. Finansal Yeniden Yapılandırma süreçleri devam eden firmamımızın alacaklı kuruluşlar nezdinde bankaların mutabık kalmış olduğu sözleşme diğer alacaklık kuruşlara iletilmektedir. 

Teşekkürler.","2","4",18271,"absaglam","2026-01-21 10:10:18.88","2026-01-21 10:11:05.07","2026-01-20 14:00:01.657","Mailiniz 5 dakika içerisinde karşıya iletilecektir. Tekrar göndermenize gerek yoktur.","10","3","Mailiniz 5 dakika içerisinde karşıya iletilecektir. Tekrar göndermenize gerek yoktur.","absaglam",NULL,NULL
1306015,"14",NULL,5768,"Sağlık sürücü rapor çıktısı","Kendime ait kişisel sağlık bilgi formu çıktısı almak istiyorum, gerekli tanımlamanın yapılmasını rica ederim.","2","4",18271,"absaglam","2026-01-22 13:56:47.977","2026-01-22 13:58:47.093","2026-01-21 15:17:59.253","Merhaba,
Aşağıdaki linkte yer alan ""DLP Ajanı Nasıl Güncellenir?"" başlığındaki adımları uyguladıktan sonra işlemi yeniden yapmayı dener misiniz?
https://bilge.kuveytturk.com.tr/genel/24374-dlp-forcepoint-one-endpoint
Talebiniz uygun görülmemiştir. İstisna durumları hariç hesap ektreleri bilgi güvenliği politikaları gereği sadece BOA üzerinden gönderilmesi gerekmektedir.","10","3","Merhaba,
Aşağıdaki linkte yer alan ""DLP Ajanı Nasıl Güncellenir?"" başlığındaki adımları uyguladıktan sonra işlemi yeniden yapmayı dener misiniz?
https://bilge.kuveytturk.com.tr/genel/24374-dlp-forcepoint-one-endpoint
Talebiniz uygun görülmemiştir. İstisna durumları hariç hesap ektreleri bilgi güvenliği politikaları gereği sadece BOA üzerinden gönderilmesi gerekmektedir.","absaglam",NULL,NULL
1305988,"14",NULL,5768,"mail karantinaya alınması","merhaba,

ekteki mail leasinge konu aracların satısı ile alakalı yetılendırılen avukatın bilgilerinin müşteri ile paylaşılmasıdır.  mail üzerindeki blokenin kaldırılması önem arz etmektedi.r ivedi destekleirniz irica ederi.z","2","4",18271,"absaglam","2026-01-22 13:54:24.137","2026-01-22 13:56:38.483","2026-01-21 14:33:05.72","Mailiniz 5 dakika içerisinde karşıya iletilecektir. Tekrar göndermenize gerek yoktur.","10","3","Mailiniz 5 dakika içerisinde karşıya iletilecektir. Tekrar göndermenize gerek yoktur.","absaglam",NULL,NULL
1305953,"14",NULL,5768,"excel","şubemizdeki araç rehinlerinde arşiv çalışması yapacağım için ekte bilgisi bulunan excel formatına veri koruma istisnası tanımlanmasını rica ederim","2","4",18271,"absaglam","2026-01-22 13:50:22.8","2026-01-23 09:27:47.113","2026-01-21 13:37:36.577","Çıkartmak istediğiniz belgede fazlaca hassas veri bulunmaktadır. Bunları maskeleyerek veya kolondan çıkartarak devam edebilirsiniz. Veri Güvenliği Politikaları gereği buna izin verilmemektedir.","10","3","Çıkartmak istediğiniz belgede fazlaca hassas veri bulunmaktadır. Bunları maskeleyerek veya kolondan çıkartarak devam edebilirsiniz. Veri Güvenliği Politikaları gereği buna izin verilmemektedir.","absaglam",NULL,NULL
1305890,"14",NULL,5768,"veri koruma istisnası","91186322 müşterimizin ve firma ortağının kart hareketlerinin gönderimi sağlanacak ama veri korumaya takılıyoruz. müşteri numarasını sildik, bir çok şeyi sildik ama bir türlü gönderim sağlayamıyoruz. konu hakkında desteğinizi rica ederiz.","2","4",18271,"absaglam","2026-01-22 13:48:36.723","2026-01-22 13:50:14.45","2026-01-21 12:11:29.52","Mailiniz 5 dakika içerisinde karşıya iletilecektir. Tekrar göndermenize gerek yoktur.","10","3","Mailiniz 5 dakika içerisinde karşıya iletilecektir. Tekrar göndermenize gerek yoktur.","absaglam",NULL,NULL
1305873,"14",NULL,5768,"Mail iletilmesi hk","Merhaba,

muhasebe@yurteks.com mailine gönderilen mutabakat formu müşteri tarafından talep edilmiştir. maile istisna tanımlanmasını mailin iletilmesini rica ederim","2","4",18271,"absaglam","2026-01-22 13:47:06.643","2026-01-22 13:48:29.237","2026-01-21 11:47:08.053","Mailiniz 5 dakika içerisinde karşıya iletilecektir. Tekrar göndermenize gerek yoktur.","10","3","Mailiniz 5 dakika içerisinde karşıya iletilecektir. Tekrar göndermenize gerek yoktur.","absaglam",NULL,NULL
1305857,"14",NULL,5768,"personellere tarama sonuçlarını iletemiyorum","merhaba ben revir hemşiresi hayat işe yeni başlayan ekip arkadaşlarımıza sağlık evraklarını atma konusunda güvenlik engeli yiyorum bunu düzeltebilirmiyiz","2","4",18271,"absaglam","2026-01-22 13:28:48.777","2026-01-22 13:38:52.94","2026-01-21 11:15:23.98","Merhaba,
Aşağıdaki linkte yer alan ""DLP Ajanı Nasıl Güncellenir?"" başlığındaki adımları uyguladıktan sonra işlemi yeniden yapmayı dener misiniz?
https://bilge.kuveytturk.com.tr/genel/24374-dlp-forcepoint-one-endpoint
Talebiniz uygun görülmemiştir. İstisna durumları hariç hesap ektreleri bilgi güvenliği politikaları gereği sadece BOA üzerinden gönderilmesi gerekmektedir.","10","3","Merhaba,
Aşağıdaki linkte yer alan ""DLP Ajanı Nasıl Güncellenir?"" başlığındaki adımları uyguladıktan sonra işlemi yeniden yapmayı dener misiniz?
https://bilge.kuveytturk.com.tr/genel/24374-dlp-forcepoint-one-endpoint
Talebiniz uygun görülmemiştir. İstisna durumları hariç hesap ektreleri bilgi güvenliği politikaları gereği sadece BOA üzerinden gönderilmesi gerekmektedir.","absaglam",NULL,NULL
1305867,"14",NULL,5768,"KANUN DEĞİŞİKLİĞİ","Merhabalar,
CMK'nun 128/A maddesi uyarınca hesabın askıya alınması kapsamında bankamızdan farklı bankalara giden tutarları bildirmek zorundayız. Farklı bankalara mail atıldığında güvenliğe takılmaktadır. Bu duuröm mail ve iş yükümüzü atıkmaktadır. Fraun listesi ektedir.Hesap araştırma birimiimze toplu istisna tanımlanması için desteğinizi rica ederi.z","2","4",18271,"absaglam","2026-01-22 12:32:41.287","2026-01-22 13:45:08.353","2026-01-21 11:37:24.853","Takılan mailler serbest bırakılmıştır. Genel istisna tanımlaması için çalışma yapılmaktadır.","10","3","Takılan mailler serbest bırakılmıştır. Genel istisna tanımlaması için çalışma yapılmaktadır.","absaglam",NULL,NULL
1304900,"14",NULL,5768,"Kod Taraması","Aşağıda belirttiğimiz dosya yoluna attığımız kodları Halk Katılım ve SağlamPay taraflarına geçeceğiz. Tarama yapılması konusunda yardımcı olabilir misiniz ? 
\\splktfs\Architecht\BirimlerArasi\Architecht-Sigortacılık ve Fraud Çözümleri Kod Tarama\Kod Tarama-3","2","4",22808,"keremt","2026-01-22 12:29:35.163","2026-01-23 14:11:08.32","2026-01-19 15:47:32.063","Süreç tamamlanmıştır.","10","3","Süreç tamamlanmıştır.","keremt",NULL,NULL
1305853,"14",NULL,5768,"OEPSAS(8527734)EKSTRE SORUNU","Merhaba,
Firmanın tanımlı mail adreslerine ekstre gönderiyoruz.fakat ulaşmadığını belirtiyorlar.Bt birimleri kontrol sağlamış karantinadada göremiyorlar.Tek seferlik mail üzerinden excel olarak gönderim için ekteki maillere istisna tanımlayabilirmiyiz.
semih.dagli@oepsas.com.tr
oguz.ozden@oepsas.com.tr
finans@oepsas.com.tr 
asli.kanburlar@oepsas.com.tr","2","4",18271,"absaglam","2026-01-22 12:28:00.74","2026-01-23 11:54:17.497","2026-01-21 11:10:06.163","Teams üzerinden iletişime geçildi. Mercek talebine gerek kalmadığı kullanıcı tarafından iletildi","10","3","Teams üzerinden iletişime geçildi. Mercek talebine gerek kalmadığı kullanıcı tarafından iletildi","absaglam",NULL,NULL
1305851,"14",NULL,5768,"bordroyu kendime mail atma hak","merhabalar bordromu kendime mail atamıyorum yetki verebilir misiniz . 
mehmetguler2159@icloud.com","2","4",18271,"absaglam","2026-01-22 12:25:27.303","2026-01-23 10:58:10.12","2026-01-21 11:09:58.463","Mailiniz 5 dakika içerisinde karşıya iletilecektir. Tekrar göndermenize gerek yoktur.","10","3","Mailiniz 5 dakika içerisinde karşıya iletilecektir. Tekrar göndermenize gerek yoktur.","absaglam",NULL,NULL
1306360,"14",NULL,5768,"7057644 - İstanbul Ticaret Üniversitesi Ekstre Talebi Hk.","Merhaba
İstanbul ticaret üniversitesi müşterimiz vadelerinin dolduğu günde bankamızda ekstre ve fon görüntüleri talep etmektedir. Şubemiz adına ciddi bir mevduat hacmine sahip olmakla birlikte üniversite ödemesi anlaşmamız da bulunmaktadır. Mail istisna adına tanımlama yapılması noktasında yardımlarınızı talep ediyoruz.","2","4",18271,"keremt","2026-01-22 12:24:22.353","2026-01-22 12:29:20.753","2026-01-22 11:03:12.677","Merhaba, karantinaya takılan mailiniz serbest bırakılmıştır. 10 dk içerisinde mail karşı tarafa ulaşacaktır. Maili tekrar göndermenize gerek yoktur.","10","3","Merhaba, karantinaya takılan mailiniz serbest bırakılmıştır. 10 dk içerisinde mail karşı tarafa ulaşacaktır. Maili tekrar göndermenize gerek yoktur.","keremt",NULL,NULL
1306056,"14",NULL,5768,"RE: 2026/21 - 2026/22 - 2026/23  TEMİNAT MEKTUBU TALEBİMİZ HK.","RE: 2026/21 - 2026/22 - 2026/23  TEMİNAT MEKTUBU TALEBİMİZ HK. geçen gün de teminat mektubu mutabakatı gönderdim ancak oda gitmedi

Sayın Melike Münevver Özbek / Kuveyt Türk - Hukuk ve Takip İşleri Müdürlüğü,

Çok sayıda TCKN verisini maskeleme işlemi yapmadan 2026-01-21 15:54:19 tarihinde Neslihan.SOZUER@vakifbank.com.tr, Tulin.UNLU@vakifbank.com.tr, haticeburcu.kuru@vakifbank.com.tr, all@fatihrusen.av.tr adresine göndermek istediniz. Bilgi güvenliği politikaları gereğince bu işlem engellenmiştir. TCKN verisi akıştan çıkartılarak veya ilk ve son 2 rakamı hariç(11XXXXXXX11) diğer rakamlarda maskeleme yöntemi kullanılarak gönderim işlemini gerçekleştirebilirsiniz.

İş kapsamında maskeleme yöntemi kullanılmadan gönderim işleminin yapılması gerekliyse BT Mercek Talep – Çağrı Oluştur ekranından “Yetki ve Erişim Talepleri > Veri Koruma Sistemi İstisna Tanımlama” kategorisinden çağrı oluşturabilirsiniz.

Kuveyt Türk Veri Güvenliği Ekibi","2","4",18271,"absaglam","2026-01-22 11:46:06.857","2026-01-22 14:23:08.467","2026-01-21 15:54:45.33","Merhaba, karantinaya takılan mailiniz serbest bırakılmıştır. 10 dk içerisinde mail karşı tarafa ulaşacaktır. Maili tekrar göndermenize gerek yoktur.","10","3","Merhaba, karantinaya takılan mailiniz serbest bırakılmıştır. 10 dk içerisinde mail karşı tarafa ulaşacaktır. Maili tekrar göndermenize gerek yoktur.","absaglam",NULL,NULL
1305881,"14",NULL,5768,"Filtre hk.","Merhabalar,

Starwood'a işlem raporunu gönderemedim filtreye takılmasından dolayı,serbest bırakılması hususunda yardımlarınızı rica ederiz.","3","4",18271,"keremt","2026-01-21 16:53:27.91","2026-01-22 12:34:12.313","2026-01-21 11:57:20.777","Merhaba, karantinaya takılan mailiniz serbest bırakılmıştır. 10 dk içerisinde mail karşı tarafa ulaşacaktır. Maili tekrar göndermenize gerek yoktur.","10","3","Merhaba, karantinaya takılan mailiniz serbest bırakılmıştır. 10 dk içerisinde mail karşı tarafa ulaşacaktır. Maili tekrar göndermenize gerek yoktur.","keremt",NULL,NULL
1305979,"14",NULL,5768,"veri koruma hk","Merhaba,
Müşterimizin finansmanı onaylandı iligli ALJ firmasında satın aldıgı araç ile ilgili mail atmak istiyoruz sube imza sirküsü ve onaylandıgına dair evrak var uygunluklarınızı arz/rica ederiz.
mailler ektedir.
iyi çalışmalar","2","4",18271,"keremt","2026-01-21 16:25:43.163","2026-01-21 16:34:04.8","2026-01-21 14:17:03.223","Merhaba, karantinaya takılan mailiniz serbest bırakılmıştır. 10 dk içerisinde mail karşı tarafa ulaşacaktır. Maili tekrar göndermenize gerek yoktur.","10","3","Merhaba, karantinaya takılan mailiniz serbest bırakılmıştır. 10 dk içerisinde mail karşı tarafa ulaşacaktır. Maili tekrar göndermenize gerek yoktur.","keremt",NULL,NULL
1304481,"14","3",5768,"[Aciklama kismindaki sunuculariniz restart beklemektedir. En kısa zamanda planlı bir şekilde sunucuyu restart ediniz.]","[SRVSECGFTP

SRVSECGFTP
]","2","3",5170,"keremt","2026-01-21 13:32:51.89","2026-01-22 09:07:41.36",NULL,"Sunucu restartı yapılmıştır.","3","5","Sunucu restartı yapılmıştır.","keremt",NULL,NULL
1305848,"14",NULL,5768,"Veri İstisna Talebi","Merhabalar,

2025 yılı sera gazı emisyonları hesaplama sürecimiz gereği aşağıda yer alan mail adreslerine gönderilecek mail adresi için veri istisna talebimiz bulunmaktadır. Desteklerinizi rica ederiz.

samet@carbongate.io","2","4",18271,"absaglam","2026-01-21 11:24:33.64","2026-01-21 14:27:58.173","2026-01-21 11:05:42.477","Mailiniz 5 dakika içerisinde karşıya iletilecektir. Tekrar göndermenize gerek yoktur.","10","3","Mailiniz 5 dakika içerisinde karşıya iletilecektir. Tekrar göndermenize gerek yoktur.","absaglam",NULL,NULL
1305832,"14",NULL,5768,"hasas veriden dolayı gitmeyen mail","10.41 saatinde finans@semersahturizm.com attığım mail hassa veriye takılmıştır. Firma sanal pos bilgilerini talep etmiş olup,mail bu sebeple gönderilmiştir. Serbest bırakılmasını talep ederim.","2","4",18271,"absaglam","2026-01-21 11:20:23.263","2026-01-21 11:26:08.43","2026-01-21 10:50:15.807","Mailiniz 5 dakika içerisinde karşıya iletilecektir. Tekrar göndermenize gerek yoktur.","10","3","Mailiniz 5 dakika içerisinde karşıya iletilecektir. Tekrar göndermenize gerek yoktur.","absaglam",NULL,NULL
1305792,"14",NULL,5768,"engellenen mail hk.","merhabalar, vekalet teyidi için KT  personeli Ramis Çiçekçayır 'a vekalet örneğini mail olarak iletmek istiyoruz. Ramis Beyin personel mail adresi(tpramis@kuveytturk.com.tr) çalışmadığı için  ramis.cicekcayir@istanbulhukuk.tc mail adresine maili talep etmekte. fakat veri güvenliği açısından mail engelleniyor. işlemin incelenmesini gerekli düzeltmelerin yapılmasını rica ederim.","2","4",18271,"absaglam","2026-01-21 11:12:55.677","2026-01-21 11:14:11.47","2026-01-21 10:07:47.833","Mailiniz 5 dakika içerisinde karşıya iletilecektir. Tekrar göndermenize gerek yoktur.","10","3","Mailiniz 5 dakika içerisinde karşıya iletilecektir. Tekrar göndermenize gerek yoktur.","absaglam",NULL,NULL
1305470,"14",NULL,5768,"yurtdışı müşterisi hakk.","Müşterimiz konsolosluğa ibraz edip pasaport süresi uzatmak için ekli hesap bilgi evrakını talep etmektedir. hasancruz@gmail.com adrese gönderilmesini talep etmiştir.","2","4",18271,"absaglam","2026-01-21 10:52:43.14","2026-01-21 10:54:22.337","2026-01-20 15:02:45.877","Mailiniz 5 dakika içerisinde karşıya iletilecektir. Tekrar göndermenize gerek yoktur.","10","3","Mailiniz 5 dakika içerisinde karşıya iletilecektir. Tekrar göndermenize gerek yoktur.","absaglam",NULL,NULL
1305469,"14",NULL,5768,"YPT istisna","Hayriye.Acar@ypt.com.tr ilgili adres veri koruma ile mail gönderilememktedir, müşteriye iletmemiz gerekn evrak nedeni ile istisna tanımlanması rica olunur","2","4",18271,"absaglam","2026-01-21 10:21:47.22","2026-01-21 14:43:04.923","2026-01-20 15:00:36.14","İstisna durumları hariç hesap ektreleri bilgi güvenliği politikaları gereği sadece BOA üzerinden gönderilmesi gerekmektedir. Kullanıcıya bilgi verildi.","10","3","İstisna durumları hariç hesap ektreleri bilgi güvenliği politikaları gereği sadece BOA üzerinden gönderilmesi gerekmektedir. Kullanıcıya bilgi verildi.","absaglam",NULL,NULL
1305603,"14",NULL,5768,"yıl sonu mutabakat işlemeri için","MErhaba Yıl sıny mutabakat işlemleri için aşağıda veri koruma sistemine takılan mailimin serbest bırakılması konusunda yardımlarınızı talep ederiz. 
 2026-01-20 16:24:42 tarihinde hkanat@aselsankonya.com.tr, b.atici@karardenetim.com.tr, u.pinarbasi@karardenetim.com.tr, f.coskuner@karardenetim.com.tr, ehekimoglu@aselsankonya.com.tr, msacikgoz@aselsankonya.com.tr adresine göndermek istediniz. Bilgi güvenliği politikaları gereğince bu işlem engellenmiştir. Bu müşteri verileri akıştan çıkartılarak veya IBAN verisi için ilk ve son 4 rakamı hariç (TR11XXXXXXXXXXXXXXXXXX1111) diğer rakamlarda maskeleme yöntemini, TCKN verisi için ilk ve son 2 rakamı hariç (11XXXXXXX11) diğer rakamlarda maskeleme yöntemini, kart verisi için ise ilk 6 ve son 4 rakamı hariç (1111 11XX XXXX 1111) diğer rakamlarda maskeleme yöntemi kullanılarak gönderim işlemini gerçekleştirebilirsiniz.

Müşteriye ait bu verileri maskelemeden iş kapsamı ihtiyacından dolayı gönderilmesi gerekliyse BT Mercek Talep – Çağrı Oluştur ekranından “Yetki ve Erişim Talepleri > Veri Koruma Sistemi İstisna Tanımlama” kategorisinden çağrı oluşturabilirsiniz.","2","4",18271,"absaglam","2026-01-21 10:14:43.973","2026-01-21 10:16:02.843","2026-01-20 16:25:36.76","Mailiniz 5 dakika içerisinde karşıya iletilecektir. Tekrar göndermenize gerek yoktur.","10","3","Mailiniz 5 dakika içerisinde karşıya iletilecektir. Tekrar göndermenize gerek yoktur.","absaglam",NULL,NULL
1301748,"14",NULL,5768,"ekstre yazdırma hk.","Merhaba 94589471 müşteri 1 yıllık ekstre yazdırmak istiyor ama yazdırırken aşağıda yer alan hatayı alıyoruz. Konu ile ilgili acil desteklerinizi beklemekteyiz.","2","4",18271,"hatasoy","2026-01-12 11:25:44.853","2026-01-12 12:18:19.943","2026-01-09 10:50:15.73","Kullanıcı geri dönüşü sonrası talep çözümlendiği bilgisi iletilmiştir.","10","3","Kullanıcı geri dönüşü sonrası talep çözümlendiği bilgisi iletilmiştir.","hatasoy",NULL,NULL
1305244,"14",NULL,5768,"Leasing Dekont(fatura) gönderimi","Merhabalar

8053160-Baldan asfalt firmamıza leasing ödemesi yaptığı her taksit döneminde ödeme dekontunu(fatura yerine geçmekte) mail olarak gönderim sağlıyorduk. İçerisinde VKN bulunduğu için veri güvenliğine takılmakta. Firmaya mail gönderimin istisna tanımlanması hususunda desteğinizi rica ederiz.

Örnek dekont divite eklenmiştir.","3","4",18271,"absaglam","2026-01-21 09:59:26.707","2026-01-21 10:13:33.687","2026-01-20 10:23:49.36","Mailiniz 5 dakika içerisinde karşıya iletilecektir. Tekrar göndermenize gerek yoktur.","10","3","Mailiniz 5 dakika içerisinde karşıya iletilecektir. Tekrar göndermenize gerek yoktur.","absaglam",NULL,NULL
1305401,"14",NULL,5768,"hassas veri hk.","Merhaba,

Şubemizin yılsonu mutabakatları olduğundan dolayı tarik.caliskan@tr.ey.com, ey.mutabakat@tr.ey.com mail adreslerine gönderilen mutabakat metninin hassas veriye takıldığı için gönderilememiştir. İstisna tanımlanmasını rica ederiz. ( Yaklaşık olarak 300 tane fona ait mutabakatlar yapılacaktır. Her gönderim için mercek talebi işlemlerimizi yavaşlatmaktadır. Bana ait kullanıcı üzerinden ay sonuna kadar istisna tanımlamasını rica ederiz.","2","4",18271,"absaglam","2026-01-21 09:56:34.697","2026-01-21 09:57:23.633","2026-01-20 13:45:55.14","Mailiniz 5 dakika içerisinde karşıya iletilecektir. Tekrar göndermenize gerek yoktur.","10","3","Mailiniz 5 dakika içerisinde karşıya iletilecektir. Tekrar göndermenize gerek yoktur.","absaglam",NULL,NULL
1305389,"14",NULL,5768,"MAİL İSTİSNA TANIMI - TEKRAR TALEP","Merhabalar ,

Divitteki maile istinaden talebi oluşturdum. Yünsel lazer firması ila maaş protokolü imzalanmıştır. Şubeden maaş hesapları açılışı yaptık , en son düzenleyip excel formatında iban ile birleştirdik . Yünsel lazer muhasebe birimi maaş hesaplarına öncesinde avans yatırmak istediğini söyledi. Maildeki excelli atarken hata aldım . Desteklerinizi rica ederiz.( AYNI İŞLEM TEKRAR GEREKLİ )Güncel maili ekledim","2","4",18271,"absaglam","2026-01-21 09:50:23.347","2026-01-21 09:50:53.897","2026-01-20 13:31:20.783","Mailiniz 5 dakika içerisinde karşıya iletilecektir. Tekrar göndermenize gerek yoktur.","10","3","Mailiniz 5 dakika içerisinde karşıya iletilecektir. Tekrar göndermenize gerek yoktur.","absaglam",NULL,NULL
1305381,"14",NULL,5768,"Müşteri ibkb işlemlerinin belgeleri hk.","Merhaba, müşterimiz mail üzerinden ibkb listelerini görüntülemek istemektedir, istisna tanımlanmasını rica ederiz.","2","4",18271,"absaglam","2026-01-21 09:46:47.24","2026-01-21 09:48:41.653","2026-01-20 12:36:16.027","Mailiniz 5 dakika içerisinde karşıya iletilecektir. Tekrar göndermenize gerek yoktur.","10","3","Mailiniz 5 dakika içerisinde karşıya iletilecektir. Tekrar göndermenize gerek yoktur.","absaglam",NULL,NULL
1305689,"14",NULL,5768,"Doküman gönderimi","merhaba, işle ilgili doküman göndermem gerekiyor ilgili bankalara ama sistem veri korumadan kaynaklı izin vermiyor. rica etsem destek olabilir misiniz? şaban ayınız mübarek olsun.","2","4",18271,"absaglam","2026-01-21 09:32:49.003","2026-01-21 09:34:55.257","2026-01-21 08:24:08.117","Mailiniz 5 dakika içerisinde karşıya iletilecektir. Tekrar göndermenize gerek yoktur.","10","3","Mailiniz 5 dakika içerisinde karşıya iletilecektir. Tekrar göndermenize gerek yoktur.","absaglam",NULL,NULL
1305670,"14",NULL,5768,"Hesap ektresi paylaşımı hk.","Merhaba,

Müşterimiz 01.01.2018 tarihinden itibaren hesap hareketlerini istemiştir. Sistemde kayıtlı mail adresine excel formatında gönderilmeye çalışılmıştır fakat veri güvenliğine takılmıuştır.
Son 1 yıldan daha uzun ekstre sistem otomatik göndermediği için excele çıktı verip gönderilmek istenmiştir.
Müşteirmiz davalı olduğu biri ile alaklı para göndermiş olduğu hareketleri incleeyecektir.

Mailin gönderilmesi hakkında yardımlarınızı talep ederiz.","2","4",18271,"absaglam","2026-01-21 09:29:40.443","2026-01-21 09:36:42.647","2026-01-20 21:26:28.043","Mailiniz 5 dakika içerisinde karşıya iletilecektir. Tekrar göndermenize gerek yoktur.","10","3","Mailiniz 5 dakika içerisinde karşıya iletilecektir. Tekrar göndermenize gerek yoktur.","absaglam",NULL,NULL
1305282,"14",NULL,5768,"dış firmaya atılan mail engellendi","dış firmaya atılan mail içeriğinde altyapı bilgisi olmaması rağmen dlp tarafından engellendi. Kontrol edebilir misiniz?","2","4",18271,"scakici","2026-01-21 08:45:40.227","2026-01-21 08:46:23.043","2026-01-20 10:57:01.987","İşlem tamamlandı.","10","3","İşlem tamamlandı.","scakici",NULL,NULL
1305181,"14",NULL,5768,"RE: Kuveyt Turk Call Muhabire iletilmesi","Merhaba,

Muhbairimiz HSBC'nin aracılık ettiği işlemlerde yaşanan gecikme sebebiyle muhabirimize işlem örnekleri paylaşmamız gerekiyor. Swift mesajlarında bu bilgiler zaten muhabire iletilmiştir.Mail ile de paylaşılabilmesini rica ederiz.","2","4",18271,"keremt","2026-01-21 08:43:13.647","2026-01-21 08:43:45.443","2026-01-20 09:27:11.723","Merhaba, karantinaya takılan mailiniz serbest bırakılmıştır. 10 dk içerisinde mail karşı tarafa ulaşacaktır. Maili tekrar göndermenize gerek yoktur.","10","3","Merhaba, karantinaya takılan mailiniz serbest bırakılmıştır. 10 dk içerisinde mail karşı tarafa ulaşacaktır. Maili tekrar göndermenize gerek yoktur.","keremt",NULL,NULL
1305646,"14",NULL,5768,"YÜKSEK SAYFALI HESAP EKSTRESİ GÜVENLİK DUVARI","Merhabalar ;

Envanter bilerek yanlış seçilmiştir.Şubemize yeni gelen yazıcıdan yüksek sayfalı hesap ekstresi çıktısı alamıyoruz güvenlik uyarısı veriyor.Müşterimiz kaşe imzalı fiziksel evrak istiyor.Yardımlarınızı arz/rica ederzi.","2","4",18271,"absaglam","2026-01-21 08:21:49.547","2026-01-22 16:43:17.817","2026-01-20 17:28:16.403","Kullanıcı ile iletişime geçildi. Mercek talebinin çözüldüğü belirtildi.","10","3","Kullanıcı ile iletişime geçildi. Mercek talebinin çözüldüğü belirtildi.","absaglam",NULL,NULL
1304925,"14",NULL,5768,"Kurumumuzun İmza Sürküsü ihtiyacı","Vize talebim nedeniyle Alman Konsolosluğuna İşveren belgelerinin talebi var bu konuda destek olabilirmisiniz","3","4",18271,"keremt","2026-01-21 08:03:50.93","2026-01-21 08:04:26.467","2026-01-19 16:09:56.843","Geçici istisna tanımı yapılmıştır.","10","3","Geçici istisna tanımı yapılmıştır.","keremt",NULL,NULL
1305614,"14",NULL,5768,"mail istisnası","Merhaba, hesap bakiyelerinin bulunduğu pdf evraklarını müşterimize göndermemiz gerekmektedir. (mturdu29@hotmail.com) istisna tanımlanması için yardımlarınızı rica ederiz.","2","4",18271,"keremt","2026-01-20 17:10:02","2026-01-22 09:08:42.08","2026-01-20 16:06:32.02","Merhaba, müşterinin mail adresi olduğuna dair ekran görüntüsünü divite ekler misiniz?","10","3","Merhaba, müşterinin mail adresi olduğuna dair ekran görüntüsünü divite ekler misiniz?","keremt",NULL,NULL
1305408,"14",NULL,5768,"Sağlık Tarama Uygulama için veri sorunu","merhaba,

sağlık taraması için kullanılan uygulamada excel de hasta dosyası vardır bu verilerin aktarımı ve gözükmesi için veri izni nedeniyle sorun yaşanmaktadır yardımcı olabilir misiniz?","2","4",18271,"keremt","2026-01-20 14:08:31.78","2026-01-20 14:08:40.93","2026-01-20 13:49:39.01","Aşağıdaki linkte yer alan ""DLP Ajanı Nasıl Güncellenir?"" başlığındaki adımları uyguladıktan sonra işlemi yeniden yapmayı dener misiniz?
https://bilge.kuveytturk.com.tr/genel/24374-dlp-forcepoint-one-endpoint#dlp-ajani-nasil-guncellenir","10","3","Aşağıdaki linkte yer alan ""DLP Ajanı Nasıl Güncellenir?"" başlığındaki adımları uyguladıktan sonra işlemi yeniden yapmayı dener misiniz?
https://bilge.kuveytturk.com.tr/genel/24374-dlp-forcepoint-one-endpoint#dlp-ajani-nasil-guncellenir","keremt",NULL,NULL
1301723,"14",NULL,5768,"Mail gönderimi hk.","seyhankama@gucluipek.com.tr adresine gönderim yapmak istiyoruz.","2","4",18271,"hatasoy","2026-01-12 11:22:07.837","2026-01-12 11:23:42.323","2026-01-09 10:29:25.96","Mailiniz 5 dakika içerisinde karşıya iletilecektir. Tekrar göndermenize gerek yoktur.","10","3","Mailiniz 5 dakika içerisinde karşıya iletilecektir. Tekrar göndermenize gerek yoktur.","hatasoy",NULL,NULL
1305334,"14",NULL,5768,"MAn firmasına gönderilen sirkü hk","Merhaba,

Müşterimizin alacağı araç için Man firmasına garantör yazısı teslim edilmiştir. Karşı firma imza sirkülerini talep etmiştir. Man firmasına gönderilen mail veri güvenliğine takılmıştır.
Yetki için yardımlarınızı talep ederiz.","2","4",18271,"keremt","2026-01-20 12:06:54.17","2026-01-20 12:07:38.463","2026-01-20 11:39:44.04","Merhaba, karantinaya takılan mailiniz serbest bırakılmıştır. 10 dk içerisinde mail karşı tarafa ulaşacaktır. Maili tekrar göndermenize gerek yoktur.","10","3","Merhaba, karantinaya takılan mailiniz serbest bırakılmıştır. 10 dk içerisinde mail karşı tarafa ulaşacaktır. Maili tekrar göndermenize gerek yoktur.","keremt",NULL,NULL
1305332,"14",NULL,5768,"veri paylaşımı","Merhaba 1631104515- BELİZ TAKI KUYUMCULUK SAATÇİLİK SANAYİ VE TİCARET LİMİTED ŞİRKETİ bizlerden konsolosluğa vermek için 3 aylık hesap ekstresi talep etmekte olup yazıcıda aşağıda bulunan uyarıyı almaktayız müşteri bugün konsolosluğa evrak verecek olup acileyet durumu vardır yardımcı olur musunuz ?

Sayın Mustafa Erkuş / Kuveyt Türk - Darıca Şubesi (41-280-W08.kuveytturk.local) ,

TCKN verisi maskeleme yöntemi kullanılmadan 2026-01-20 11:34:12 tarihinde \\srvsube-280\41-280-MFP01 adresine göndermek istediniz. Bilgi güvenliği politikaları gereğince bu işlem engellenmiştir. TCKN verisi akıştan çıkartılarak veya ilk ve son 2 rakamı hariç(11XXXXXXX11) diğer rakamlarda maskeleme yöntemi kullanılarak gönderim işlemini gerçekleştirebilirsiniz.

İş kapsamında maskeleme yöntemi kullanılmadan gönderim işleminin yapılması gerekliyse BT Mercek Talep – Çağrı Oluştur ekranından “Yetki ve Erişim Talepleri > Veri Koruma Sistemi İstisna Tanımlama” kategorisinden çağrı oluşturabilirsiniz.

Kuveyt Türk Veri Güvenliği Ekibi","2","4",18271,"keremt","2026-01-20 12:05:27.793","2026-01-20 12:06:42.91","2026-01-20 11:38:10.857","Aşağıdaki linkte yer alan ""DLP Ajanı Nasıl Güncellenir?"" başlığındaki adımları uyguladıktan sonra işlemi yeniden yapmayı dener misiniz?
https://bilge.kuveytturk.com.tr/genel/24374-dlp-forcepoint-one-endpoint#dlp-ajani-nasil-guncellenir
DLP Forcepoint One Endpoint – Bilge (kuveytturk.com.tr)","10","3","Aşağıdaki linkte yer alan ""DLP Ajanı Nasıl Güncellenir?"" başlığındaki adımları uyguladıktan sonra işlemi yeniden yapmayı dener misiniz?
https://bilge.kuveytturk.com.tr/genel/24374-dlp-forcepoint-one-endpoint#dlp-ajani-nasil-guncellenir
DLP Forcepoint One Endpoint – Bilge (kuveytturk.com.tr)","keremt",NULL,NULL
1305301,"14",NULL,5768,"müşteri ekstre talebi hk.","müşteri ekstre talebi hk.","2","4",18271,"absaglam","2026-01-20 11:51:26.807","2026-01-20 15:48:23.933","2026-01-20 11:16:43.58","Teams üzerinden iletişime geçildi. Talep karşılandı.","10","3","Teams üzerinden iletişime geçildi. Talep karşılandı.","absaglam",NULL,NULL
1305210,"14",NULL,5768,"veri güvenliğine takılan mailler hk.","Merhaba,

Ekte yer alan mailler veri güvenliğine takılması sebebiyle gönderilememiştir. Maiilerin gönderilmesi hususunda desteğinizi rica ederiz.","2","4",18271,"keremt","2026-01-20 10:43:55.343","2026-01-20 10:48:22.89","2026-01-20 09:52:27.593","Merhaba, karantinaya takılan mailiniz serbest bırakılmıştır. 10 dk içerisinde mail karşı tarafa ulaşacaktır. Maili tekrar göndermenize gerek yoktur.","10","3","Merhaba, karantinaya takılan mailiniz serbest bırakılmıştır. 10 dk içerisinde mail karşı tarafa ulaşacaktır. Maili tekrar göndermenize gerek yoktur.","keremt",NULL,NULL
1305227,"14",NULL,5768,"fek taaahhüt yazısı hk.","kolay gelsin,

vakıf katılım bankasına göndermemiz gerekn bir fek taahhüt yazısı mevcut. konu hususunda yardımlarınız rica olunur.","2","4",18271,"keremt","2026-01-20 10:43:07.64","2026-01-20 10:43:47.713","2026-01-20 10:05:22","Merhaba, karantinaya takılan mailiniz serbest bırakılmıştır. 10 dk içerisinde mail karşı tarafa ulaşacaktır. Maili tekrar göndermenize gerek yoktur.","10","3","Merhaba, karantinaya takılan mailiniz serbest bırakılmıştır. 10 dk içerisinde mail karşı tarafa ulaşacaktır. Maili tekrar göndermenize gerek yoktur.","keremt",NULL,NULL
1305228,"14",NULL,5768,"FİRMAYA FATURA GÖNDERME HK.","Merhaba tedarikçimiz olan firmaya tarafımıza kesiklen faturayı ekleyip bu fatura kime ait diye mail attıgımda sistem tarafından engellenmektedir fatura 2025 yılı oldugundan ilgilisi bulunamamış tedarikçiye bu maili atmam gerekmektedir. yardımlarınızı arz rica ederim.","2","4",18271,"keremt","2026-01-20 10:41:31.39","2026-01-20 10:42:16.387","2026-01-20 10:06:28.293","Merhaba, karantinaya takılan mailiniz serbest bırakılmıştır. 10 dk içerisinde mail karşı tarafa ulaşacaktır. Maili tekrar göndermenize gerek yoktur.","10","3","Merhaba, karantinaya takılan mailiniz serbest bırakılmıştır. 10 dk içerisinde mail karşı tarafa ulaşacaktır. Maili tekrar göndermenize gerek yoktur.","keremt",NULL,NULL
1305230,"14",NULL,5768,"mail istisnası","Merhaba, müşterimize imza sirküleri göndermemiz gerekmektedir. (sadem.cesur@uyarholding.com-ebru.sevilmis@unifo.com.tr) İstisna tanımlanması için yardımlarınızı rica ederiz.","2","4",18271,"keremt","2026-01-20 10:40:26.87","2026-01-20 10:41:22.033","2026-01-20 10:09:56.053","Merhaba, karantinaya takılan mailiniz serbest bırakılmıştır. 10 dk içerisinde mail karşı tarafa ulaşacaktır. Maili tekrar göndermenize gerek yoktur.","10","3","Merhaba, karantinaya takılan mailiniz serbest bırakılmıştır. 10 dk içerisinde mail karşı tarafa ulaşacaktır. Maili tekrar göndermenize gerek yoktur.","keremt",NULL,NULL
1305247,"14",NULL,5768,"Ercikek masraf bilgisi","Merhaba 

yelda@ercikek.com; salih@ercikek.com; 'yakupcebi82@gmail.com',muhasebe@ercikek.com adresine gönderilen iş ile ilgili mailin serbest bırakılmasını talep ederriz.","2","4",18271,"keremt","2026-01-20 10:39:35.18","2026-01-20 10:40:17.057","2026-01-20 10:27:07.027","Merhaba, karantinaya takılan mailiniz serbest bırakılmıştır. 10 dk içerisinde mail karşı tarafa ulaşacaktır. Maili tekrar göndermenize gerek yoktur.","10","3","Merhaba, karantinaya takılan mailiniz serbest bırakılmıştır. 10 dk içerisinde mail karşı tarafa ulaşacaktır. Maili tekrar göndermenize gerek yoktur.","keremt",NULL,NULL
1305174,"14",NULL,5768,"maaş hesabı paylaşım hk  mail istisna talebi","Merhabalar ,

Divitteki maile istinaden talebi oluşturdum. Yünsel lazer firması ila maaş protokolü imzalanmıştır. Şubeden maaş hesapları açılışı yaptık , en son düzenleyip excel formatında iban ile birleştirdik . Yünsel lazer muhasebe birimi maaş hesaplarına öncesinde avans yatırmak istediğini söyledi. Maildeki excelli atarken hata aldım . Desteklerinizi rica ederiz.","2","4",18271,"keremt","2026-01-20 10:26:38.823","2026-01-20 10:27:28.537","2026-01-20 09:16:49.333","Merhaba, karantinaya takılan mailiniz serbest bırakılmıştır. 10 dk içerisinde mail karşı tarafa ulaşacaktır. Maili tekrar göndermenize gerek yoktur.","10","3","Merhaba, karantinaya takılan mailiniz serbest bırakılmıştır. 10 dk içerisinde mail karşı tarafa ulaşacaktır. Maili tekrar göndermenize gerek yoktur.","keremt",NULL,NULL
1305165,"14",NULL,5768,"mail hk.","merhaba, iban paylaşmam gereken bir durum sebebiyle, bir defaya mahsus yetki verilmeisi rica ederim.","2","4",18271,"keremt","2026-01-20 10:25:05.073","2026-01-20 10:26:28.84","2026-01-20 09:15:16.947","Merhaba, karantinaya takılan mailiniz serbest bırakılmıştır. 10 dk içerisinde mail karşı tarafa ulaşacaktır. Maili tekrar göndermenize gerek yoktur.","10","3","Merhaba, karantinaya takılan mailiniz serbest bırakılmıştır. 10 dk içerisinde mail karşı tarafa ulaşacaktır. Maili tekrar göndermenize gerek yoktur.","keremt",NULL,NULL
1302301,"14",NULL,5768,"mutabakat maillerinin veri korumaya takılması hakkında","Merhaba
Dokümanda yer alan mutabakat maili veri korumaya takılmıştır. serbest bırakılması rica olunur.
iyi çalışmalar.","2","4",18271,"hatasoy","2026-01-12 11:18:17.63","2026-01-12 11:18:58.473","2026-01-12 11:07:53.59","Mailiniz 5 dakika içerisinde karşıya iletilecektir. Tekrar göndermenize gerek yoktur.","10","3","Mailiniz 5 dakika içerisinde karşıya iletilecektir. Tekrar göndermenize gerek yoktur.","hatasoy",NULL,NULL
1304910,"14",NULL,5768,"İstisnalı adrese gönderilen mailin engellenmesi hk.","Merhaba,
birim olarak İmer Gümrük firmasına sık sık mail atmaktayız ve bu alıcılar istisna listesindedir. Son attığım mail engellenmiştir. Ekte mailleri iletiyorum. Acilen düzeltilmesi adına yardımlarınızı rica ederim.","2","4",18271,"keremt","2026-01-20 10:23:53.037","2026-01-20 10:24:55.987","2026-01-19 15:59:23.113","Merhaba, karantinaya takılan mailiniz serbest bırakılmıştır. 10 dk içerisinde mail karşı tarafa ulaşacaktır. Maili tekrar göndermenize gerek yoktur.","10","3","Merhaba, karantinaya takılan mailiniz serbest bırakılmıştır. 10 dk içerisinde mail karşı tarafa ulaşacaktır. Maili tekrar göndermenize gerek yoktur.","keremt",NULL,NULL
1304829,"14","6",5768,"veri koruma istisna","Merhaba ilgili mail için ististna tanımlanmasını arz ederim.","2","4",5170,"keremt","2026-01-20 10:23:35.07","2026-01-20 10:23:45.64","2026-01-19 14:28:35.537","Mükerrer talep","3","3","Mükerrer talep","keremt",NULL,NULL
1304749,"14",NULL,5768,"Yetki Tanımlaması","Ekteki mail adresleri hesap araştırma birimince sürekli kullanılacak olup ilgili hesplara süresiz yetki tanımlamansı yapılmaksı rica olunur..","2","4",18271,"keremt","2026-01-20 10:22:17.737","2026-01-20 10:23:21.367","2026-01-19 12:48:15.443","Merhaba, karantinaya takılan mailiniz serbest bırakılmıştır. 10 dk içerisinde mail karşı tarafa ulaşacaktır. Maili tekrar göndermenize gerek yoktur.","10","3","Merhaba, karantinaya takılan mailiniz serbest bırakılmıştır. 10 dk içerisinde mail karşı tarafa ulaşacaktır. Maili tekrar göndermenize gerek yoktur.","keremt",NULL,NULL
1304746,"14","6",5768,"veri koruma istisna hk","Merhaba;
CMK 128/A kapsamında ilgili Bankarlara ait fraud birimlerine mail atmamız gerekmete olup veri güvenliğine takılmaktadır. uygunluk rica ederim.","2","4",5170,"keremt","2026-01-20 10:21:30.1","2026-01-20 10:22:11.257","2026-01-19 12:39:30.103","erimr kullanıcısına ait takılan bir mail görünmemektedir. Genel kural yazımı için mail atılmıştır.","3","3","erimr kullanıcısına ait takılan bir mail görünmemektedir. Genel kural yazımı için mail atılmıştır.","keremt",NULL,NULL
1305130,"14",NULL,5768,"müşteri ekstre talebi","6886474 nolu özel bankacılık müşterimiz 2021 yılından itibaren bir firmadan kendisine gelen ödemeleri içeren e-postayı istemiştir. Veri koruma sebebi ile müşteriye mail gitmemektedir. İstisna tanımlanmsını rica ederiz.","2","4",18271,"keremt","2026-01-20 10:03:07.497","2026-01-20 10:21:17.687","2026-01-20 08:56:39.983","Merhaba, karantinaya takılan mailiniz serbest bırakılmıştır. 10 dk içerisinde mail karşı tarafa ulaşacaktır. Maili tekrar göndermenize gerek yoktur.","10","3","Merhaba, karantinaya takılan mailiniz serbest bırakılmıştır. 10 dk içerisinde mail karşı tarafa ulaşacaktır. Maili tekrar göndermenize gerek yoktur.","keremt",NULL,NULL
1305125,"14",NULL,5768,"Hesap Ekstresi Yazdırma","Ekte yer alan hesap ekstresini yazdırıp imzalı şekilde müşterimize teslim etmemiz gerekmektedir istisna tanımı noktasında desteklerinizi arz/rica ederiz M No: 96361084","2","4",18271,"absaglam","2026-01-20 09:27:14.383","2026-01-20 09:39:10.153","2026-01-20 08:49:33.207","Muhammet Bey Merhaba,
Aşağıdaki linkte yer alan ""DLP Ajanı Nasıl Güncellenir?"" başlığındaki adımları uyguladıktan sonra işlemi yeniden yapmayı dener misiniz?
https://bilge.kuveytturk.com.tr/genel/24374-dlp-forcepoint-one-endpoint","10","3","Muhammet Bey Merhaba,
Aşağıdaki linkte yer alan ""DLP Ajanı Nasıl Güncellenir?"" başlığındaki adımları uyguladıktan sonra işlemi yeniden yapmayı dener misiniz?
https://bilge.kuveytturk.com.tr/genel/24374-dlp-forcepoint-one-endpoint","absaglam",NULL,NULL
1304896,"14",NULL,5768,"müşteri araç alımı","müşterim bankamızdan vavacars tarafından arac alıcaktır , finansman başvurusunu bizden yapmaktadır, kurumsal firma oldugu için bizden imza sürküsü ve onay yazısı istemektedir,  sizden ricam işlem özelinde istisna tanımlaması yaparmısınız","2","4",18271,"absaglam","2026-01-20 09:24:47.073","2026-01-20 09:26:40.033","2026-01-19 15:43:17.843","Mailiniz 5 dakika içerisinde karşıya iletilecektir. Tekrar göndermenize gerek yoktur.","10","3","Mailiniz 5 dakika içerisinde karşıya iletilecektir. Tekrar göndermenize gerek yoktur.","absaglam",NULL,NULL
1304773,"14",NULL,5768,"mail istisnası","Merhaba, bağımsız denetim mutabakat formunun müşterimize gönderilmesi gerekmektedir. İstisna tanımlaması için yardımlarınızı rica ederiz. Mail adresleri (sadem.cesur@uyarholding.com-ebru.sevilmis@unifo.com.tr)","2","4",18271,"absaglam","2026-01-20 09:22:53.11","2026-01-20 09:24:26.577","2026-01-19 13:47:17.5","Mailiniz 5 dakika içerisinde karşıya iletilecektir. Tekrar göndermenize gerek yoktur.","10","3","Mailiniz 5 dakika içerisinde karşıya iletilecektir. Tekrar göndermenize gerek yoktur.","absaglam",NULL,NULL
1304772,"14",NULL,5768,"Hassas veri hk.","Merhaba,

Fon hesapları ile ana hesapları için yıllık mutabakat talepleri vardır. Bu mutabakatları mail olarak dönerken hassas veriye takılmaktadır. İstisna tanımlanması hususunda yardımlarınızı rica ederiz.","2","4",18271,"absaglam","2026-01-20 09:20:41.153","2026-01-20 09:22:32.723","2026-01-19 13:47:36.073","Mailiniz 5 dakika içerisinde karşıya iletilecektir. Tekrar göndermenize gerek yoktur.","10","3","Mailiniz 5 dakika içerisinde karşıya iletilecektir. Tekrar göndermenize gerek yoktur.","absaglam",NULL,NULL
1304966,"14",NULL,5768,"miy@borsaistanbul.com ACİL","Merhaba, 

Bir eğitim başvurusu için borsa istanbula imzalı evrak göndermiştim onun için bugün imza sirküleri talep ettiler. İmza sirkülerini iletirken veri koruma sistemine takılıyorum yardımcı olabilir misiniz ?","2","4",18271,"keremt","2026-01-19 17:20:51.69","2026-01-19 17:22:47.067","2026-01-19 17:02:17.78","Merhaba, karantinaya takılan mailiniz serbest bırakılmıştır. 10 dk içerisinde mail karşı tarafa ulaşacaktır. Maili tekrar göndermenize gerek yoktur.","10","3","Merhaba, karantinaya takılan mailiniz serbest bırakılmıştır. 10 dk içerisinde mail karşı tarafa ulaşacaktır. Maili tekrar göndermenize gerek yoktur.","keremt",NULL,NULL
1304898,"14",NULL,5768,"Yazıcı","Merhabalar,yazıcıya göndermiş olduğum evrakların çıktısını alamıyorum,bunla birlikte son göndermiş olduğum ervakta hem çıktı alamadım hem de ekteki görseldeki uyarı mailini aldım.Yardımlarınızı talep ediyorum.","3","4",18271,"keremt","2026-01-19 16:51:15.82","2026-01-22 09:10:05.123","2026-01-19 15:44:35.663","Aşağıdaki linkte yer alan ""DLP Ajanı Nasıl Güncellenir?"" başlığındaki adımları uyguladıktan sonra işlemi yeniden yapmayı dener misiniz?
https://bilge.kuveytturk.com.tr/genel/24374-dlp-forcepoint-one-endpoint#dlp-ajani-nasil-guncellenir","10","3","Aşağıdaki linkte yer alan ""DLP Ajanı Nasıl Güncellenir?"" başlığındaki adımları uyguladıktan sonra işlemi yeniden yapmayı dener misiniz?
https://bilge.kuveytturk.com.tr/genel/24374-dlp-forcepoint-one-endpoint#dlp-ajani-nasil-guncellenir","keremt",NULL,NULL
1304301,"14",NULL,5768,"hesap ekstresi yazdırma","müşterimiz İbrahim beyin 98374685 hesap hareketlerinin çıktısnı almak isterken aşağıdaki hata alınmaktadır. konu hk yardımlarınız arz olunur.


Sayın Elif Bülbül / Kuveyt Türk - Aksaray Şubesi (68-021-W07.kuveytturk.local) ,

Bu içerikte bulunan özel nitelikli kişisel verileri 2026-01-16 15:56:00 tarihinde \\srvsube-021\68-021-P02 adresine göndermek istediniz. Bilgi güvenliği politikaları gereğince bu işlem engellenmiştir. Özel nitelikli kişisel verilerin hangi içerikleri barındırdığına dair bilgilere aşağıdaki linkte yer alan ""Özel Nitelikli Kişisel Veriler Nelerdir?"" başlığı altından erişim sağlayabilirsiniz. Linkteki bilgiler ile göndermek istediğiniz içerikteki bilgilere denk gelen kısımları akıştan çıkararak veri gönderimini gerçekleştirebilirsiniz.

Link: https://bilge.kuveytturk.com.tr/genel/24799-kvkr
Bu verileri akıştan çıkarmadaniş kapsamı ihtiyacından dolayı gönderilmesi gerekliyse BT Mercek Talep – Çağrı Oluştur ekranından “Yetki ve Erişim Talepleri > Veri Koruma Sistemi İstisna Tanımlama” kategorisinden çağrı oluşturabilirsiniz.

Kuveyt Türk Veri Güvenliği Ekibi","2","4",18271,"keskinme","2026-01-16 17:01:27.843","2026-01-16 17:04:41.033","2026-01-16 16:42:16.95","Merhaba, Hassas verilerin çıktı olarak alınmasına yönelik iş ihtiyacı hakkında tarafımıza bilgi verebilir misiniz?

Yazıcı çıktısı olarak alınan hassas verilerin e-posta yoluyla gönderilmesi uygun mudur? Bu işlem müşteri talebi doğrultusunda gerçekleştiriliyorsa, söz konusu talebe ilişkin bir e-posta kaydı mevcut mudur?

Ayrıca, çıktı olarak alınan hassas verilerle ilgili veri koruma ve güvenliği sorumluluğunun tarafınızca üstlenilmesi beklendiğini bilgilerinize sunarız.","10","3","Merhaba, Hassas verilerin çıktı olarak alınmasına yönelik iş ihtiyacı hakkında tarafımıza bilgi verebilir misiniz?

Yazıcı çıktısı olarak alınan hassas verilerin e-posta yoluyla gönderilmesi uygun mudur? Bu işlem müşteri talebi doğrultusunda gerçekleştiriliyorsa, söz konusu talebe ilişkin bir e-posta kaydı mevcut mudur?

Ayrıca, çıktı olarak alınan hassas verilerle ilgili veri koruma ve güvenliği sorumluluğunun tarafınızca üstlenilmesi beklendiğini bilgilerinize sunarız.","keskinme",NULL,NULL
1304810,"14",NULL,5768,"99366555-MUHAMMET FERİT ERDOĞMUŞ- 91069007-MERAM YATIRIM İNŞAAT NAKLİYAT","Pzt 19/01/2026 14:14
Kuveyt Türk müşterilerine ait hesap ekstresi dosyasının 2026-01-19 14:14:03 tarihinde cuneydaltiparmak@yahoo.com, kadirtokk@yahoo.com adresine göndermek istediniz. Bu mailiniz Bilgi Güvenliği Politikaları gereğince engellenmiştir. Hesap ekstresini akıştan çıkartarak gönderim işlemini yeniden deneyebilirsiniz. TCKN, IBAN veya Kart verisi maskeleme yöntemi kullanılmadan 2026-01-19 14:14:03 tarihinde cuneydaltiparmak@yahoo.com, kadirtokk@yahoo.com adresine göndermek istediniz. Bilgi güvenliği politikaları gereğince bu işlem engellenmiştir. Bu müşteri verileri akıştan çıkartılarak veya IBAN verisi için ilk ve son 4 rakamı hariç (TR11XXXXXXXXXXXXXXXXXX1111) diğer rakamlarda maskeleme yöntemini, TCKN verisi için ilk ve son 2 rakamı hariç (11XXXXXXX11) diğer rakamlarda maskeleme yöntemini, kart verisi için ise ilk 6 ve son 4 rakamı hariç (1111 11XX XXXX 1111) diğer rakamlarda maskeleme yöntemi kullanılarak gönderim işlemini gerçekleştirebilirsiniz.","2","4",18271,"keremt","2026-01-19 15:31:15.42","2026-01-19 15:33:55.317","2026-01-19 14:14:47.547","Göndermek istediğiniz mailin iş kapsamını belirtir misiniz? @yahoo.com, @gmail.com lu adreslere hassas içerikli mailler gönderilmiş. Avukatların kurumsal mail adresi yok mudur?","10","3","Göndermek istediğiniz mailin iş kapsamını belirtir misiniz? @yahoo.com, @gmail.com lu adreslere hassas içerikli mailler gönderilmiş. Avukatların kurumsal mail adresi yok mudur?","keremt",NULL,NULL
1304841,"14","6",5768,"İstisna Talebi hk","S.A kolay gelsin,
Şahsıma ait içerisinde e devletimden çıkarılmış belgeler bulunan TC ve adres bilgilerimi içeren bazı belgeleri esad.uyanik@icloud.com mail adresime atmam gerekmektedir.
Bu konuda mailime istisna tanımlanması hususunda yardımlarınızı rica ederim.","2","4",5170,"keremt","2026-01-19 15:28:33.16","2026-01-19 15:31:09.213","2026-01-19 14:44:30.22","A.s şahsi işlemlerin kurum bilgisayarı/mail adresinden yapılması BG politikaları gereği uygun değildir. Şahsi mail adreslerinizi kullanabilirsiniz.","3","3","A.s şahsi işlemlerin kurum bilgisayarı/mail adresinden yapılması BG politikaları gereği uygun değildir. Şahsi mail adreslerinizi kullanabilirsiniz.","keremt",NULL,NULL
1304711,"14",NULL,5768,"acildir-----mail veri koruma hk.","merhaba, mail gönderimlerinde sorun yaşıyoruz. tüm hesap araştırma ekibi için, ekteki listede belirtilen mail adreslerine CMK 128/A-3 uyarınca artık mail göndermemiz gerektiğinden güvenlikle ilgili olarak istisna tanımlanması konusunda yardım rica ederiz.","2","4",18271,"keremt","2026-01-19 12:14:09.49","2026-01-27 09:17:26.013","2026-01-19 12:01:51.087","Yapılan işlemler change kaydı ile ilerletilecektir. Talebi yeniden açmanıza gerek yoktur.","10","3","Merhaba, karantinaya takılan mailiniz serbest bırakılmıştır. 10 dk içerisinde mail karşı tarafa ulaşacaktır. Maili tekrar göndermenize gerek yoktur.","keremt",NULL,NULL
1304527,"14",NULL,5768,"İş bilgisayarındaki mail uygulamasından e posta gönderilmesi HK.","MErhaba,

90686959, 327896 , 94327751, 8431888 nolu hesapların ekstrelerini talimata istinaden finans@iar.com.tr adresine göndermemiz gerekmektedir. sistem engellediği için 1 yıl boyunca geçerli olacak şekilde mail gönderiminin engellenmemesi için istisna talebimiz mevcuttur. Müşterilerden aldığımız talimat divite eklenmiştir. Desteğinizi rica ederiz.","2","4",18271,"keremt","2026-01-19 12:12:22.083","2026-01-19 12:13:34.693","2026-01-19 09:25:23.377","Merhaba, karantinaya takılan mailiniz serbest bırakılmıştır. 10 dk içerisinde mail karşı tarafa ulaşacaktır. Maili tekrar göndermenize gerek yoktur.","10","3","Merhaba, karantinaya takılan mailiniz serbest bırakılmıştır. 10 dk içerisinde mail karşı tarafa ulaşacaktır. Maili tekrar göndermenize gerek yoktur.","keremt",NULL,NULL
1304539,"14",NULL,5768,"İstisna Talebi Hk","Merhaba,

KLG Fonu'nda yapılan ihraç sözleşmesi değişikliği nedeniyle Kuveyt Türk Portföy tarafından müşteri listesi paylaşılarak müşterilerden yeni sözleşmeler alınması talep edilmiş olup iletilen mail sözleşme alınan ve süreci devam eden müşteri bilgilerini içermektedir. Konu ile ilgili yardımalrınızı rica ederiz.","2","4",18271,"keremt","2026-01-19 12:11:17.133","2026-01-19 12:12:14.313","2026-01-19 09:37:52.033","Merhaba, karantinaya takılan mailiniz serbest bırakılmıştır. 10 dk içerisinde mail karşı tarafa ulaşacaktır. Maili tekrar göndermenize gerek yoktur.","10","3","Merhaba, karantinaya takılan mailiniz serbest bırakılmıştır. 10 dk içerisinde mail karşı tarafa ulaşacaktır. Maili tekrar göndermenize gerek yoktur.","keremt",NULL,NULL
1304623,"14",NULL,5768,"HESAP EKSTRESİ HK.","8456601 HESAP NOLU STUDYZONE ULUSLARARASI EĞİTİM LİMİTED ŞİRKETİ 'NİN İngiltere Konsolosluğuna verilmek üzere hesap ekstresi talebi vardır.  Sistem çıktı almamızı engellemiştir. 

Konu hakkında yardımlarınızı talep ederiz.","2","4",18271,"hatasoy","2026-01-19 12:02:33.18","2026-01-19 16:31:40.5","2026-01-19 10:43:16.543","Aşağıdaki linkte yer alan ""DLP Ajanı Nasıl Güncellenir?"" başlığındaki adımları uyguladıktan sonra işlemi yeniden yapmayı dener misiniz?
https://bilge.kuveytturk.com.tr/genel/24374-dlp-forcepoint-one-endpoint#dlp-ajani-nasil-guncellenir
DLP Forcepoint One Endpoint – Bilge (kuveytturk.com.tr)","10","3","GEçici istisna tanımı yapılmıştır.","hatasoy",NULL,NULL
1304628,"14",NULL,5768,"mail istisnası hakkında","Merhaba, bağımsız denetim firması tarafından talep edilen mutabakat formunun müşterimize ve bağımsız denetim firmasına gönderilmesi için istisna tanımlanmasını rica ederiz. (abdulhakim.akman@ipa.com.tr-ahmet.bas@ipa.com.tr-audit@kaizendenetim.com)","2","4",18271,"keremt","2026-01-19 12:01:37.907","2026-01-19 12:02:25.62","2026-01-19 10:52:22.493","Merhaba, karantinaya takılan mailiniz serbest bırakılmıştır. 10 dk içerisinde mail karşı tarafa ulaşacaktır. Maili tekrar göndermenize gerek yoktur.","10","3","Merhaba, karantinaya takılan mailiniz serbest bırakılmıştır. 10 dk içerisinde mail karşı tarafa ulaşacaktır. Maili tekrar göndermenize gerek yoktur.","keremt",NULL,NULL
1304693,"14",NULL,5768,"İstisna Hk.","Merhaba,

11.43 itibari ile avukatımıza mail gönderdik ama uyarı aldık. İlgili mailler için istisna konusunda desteklerinizi rica ederiz.

bilgi@mineerdem.com; erdem@mineerdem.com; erdemhukukofis@gmail.com","2","4",18271,"keremt","2026-01-19 11:59:40.297","2026-01-19 12:01:26.69","2026-01-19 11:43:54.353","Merhaba, avukat firmasına hesap adı ve hesap sahibi bilgileri göndermenizde ki iş kapsamını belirtir misiniz? Bu bilgilerin karşı tarafa gitmesi zorunlu mudur?","10","3","Merhaba, avukat firmasına hesap adı ve hesap sahibi bilgileri göndermenizde ki iş kapsamını belirtir misiniz? Bu bilgilerin karşı tarafa gitmesi zorunlu mudur?","keremt",NULL,NULL
1304167,"14",NULL,5768,"şahsi maile gönderim problemi","merhaba,
şahsi mailime ve eşimin mailine tayin sebebi ile evrak göndermek istediğimde engellenmektedir. konu hakkında yardımlarınızı bilgilerinize arz ederim","3","4",18271,"keremt","2026-01-19 09:48:44.187","2026-01-19 11:58:26.303","2026-01-16 12:55:39.197","Merhaba, karantinaya takılan mailiniz serbest bırakılmıştır. 10 dk içerisinde mail karşı tarafa ulaşacaktır. Maili tekrar göndermenize gerek yoktur.","10","3","Merhaba, karantinaya takılan mailiniz serbest bırakılmıştır. 10 dk içerisinde mail karşı tarafa ulaşacaktır. Maili tekrar göndermenize gerek yoktur.","keremt",NULL,NULL
1303819,"14",NULL,5768,"mutabakat maillerinin veri korumaya takılması hakkında","Merhaba
Dokümanda yer alan mutabakat maili veri korumaya takılmıştır. serbest bırakılması rica olunur.
iyi çalışmalar.","2","4",18271,"hatasoy","2026-01-15 16:28:36.61","2026-01-15 16:31:56.007","2026-01-15 14:38:32.287","Mailiniz 5 dakika içerisinde karşıya iletilecektir. Tekrar göndermenize gerek yoktur.","10","3","Mailiniz 5 dakika içerisinde karşıya iletilecektir. Tekrar göndermenize gerek yoktur.","hatasoy",NULL,NULL
1304277,"14",NULL,5768,"İSTİSNA TANIMLAMASI HK.","Merhaba,

Okan.OLGUN@cengiz.com.tr sistemdeki kayıtlı mail edresine ekstre göndermekteyiz.

boa üzerinden yapınca müşteri mail düşmediğini söylüyor. 

6117500 - AHMET CENGİZ","2","4",18271,"keskinme","2026-01-16 17:00:31.323","2026-01-16 17:01:15.733","2026-01-16 15:50:39.693","Merhaba, açıklamaya istinaden mailiniz serbest bırakılmıştır/karşı tarafa gönderilmiştir. Konu ile ilgili ek bir aksiyon almanıza gerek bulunmamaktadır(tekrar maili göndermeye çalışmanıza gerek bulunmamaktadır). Mailin teslim edilmesi ile ilgili karşı taraftan teyit alabilirsiniz. İyi çalışmalar.","10","3","Merhaba, açıklamaya istinaden mailiniz serbest bırakılmıştır/karşı tarafa gönderilmiştir. Konu ile ilgili ek bir aksiyon almanıza gerek bulunmamaktadır(tekrar maili göndermeye çalışmanıza gerek bulunmamaktadır). Mailin teslim edilmesi ile ilgili karşı taraftan teyit alabilirsiniz. İyi çalışmalar.","keskinme",NULL,NULL
1304210,"14",NULL,5768,"Copilot erişim","Copliot kullanımında istekler veri korumaya takılıyor. Erişim talep ediyorum, VPN aktifken copilot kullanıyorum


Sayın Ahmet Seydi / Kuveyt Türk - Architecht-CredereArt (BTARCW116NB.kuveytturk.local) ,

Kaynak kodlarını 2026-01-16 14:42:08 tarihinde api.business.githubcopilot.com adresine göndermek istediniz. Bilgi güvenliği politikaları gereğince bu işlem engellenmiştir. Bu verileri akıştan çıkararak veri gönderimi yapabilirsiniz. Bu verilerin iş kapsamı ihtiyacından dolayı gönderilmesi gerekliyse BT Mercek Talep – Çağrı Oluştur ekranından “Yetki ve Erişim Talepleri > Veri Koruma Sistemi İstisna Tanımlama” kategorisinden çağrı oluşturabilirsiniz.","2","4",18271,"keskinme","2026-01-16 16:59:26.51","2026-01-16 17:00:11.413","2026-01-16 14:43:14.81","merhaba, copilot üzerinden kurum kaynak kodlarının paylaşılması uygun görülmemektedir.","10","3","merhaba, copilot üzerinden kurum kaynak kodlarının paylaşılması uygun görülmemektedir.","keskinme",NULL,NULL
1304248,"14",NULL,5768,"Leasing işlemi sistemde ki maile gönderilmemektedir.","Leasing işlemi sistemde ki maile gönderilmemektedir. istenilen mailede gönderilmemektedir ekran görüntüleri ektedir firma sahibi muhasebecilerine göndermemizi istemiştir talep mesaji ektedir.","2","4",18271,"keskinme","2026-01-16 16:52:58.237","2026-01-16 16:58:04.597","2026-01-16 15:02:40.57","Merhaba,

hotmail adresine hassas veri gönderimi yapılmak istendiği tespit edilmiştir. Hesap ekstreleri gibi hassas nitelikli verilerin, güvenlik politikalarımız gereği e-posta kanalı üzerinden paylaşılmaması; bu tür gönderimlerin yalnızca BOA ekranı üzerinden gerçekleştirilmesi gerekmektedir.

Hassas verinin BOA ekranı üzerinden gönderilememesinin nedeni ve doğrulanmamış e-posta adresleri (ör. Gmail) üzerinden iletilmesinin gerekçesi hakkında bilgi paylaşmanızı rica ederiz.

Söz konusu gönderim ihtiyacı müşteriye ait bir talep doğrultusunda oluşmuş ise, müşteriden gelen talep e-postasını ve müşterinin BOA sisteminde kayıtlı e-posta adresini gösteren ekran görüntüsünü Divite kaydına eklemeniz mümkün müdür?","10","3","Merhaba,

hotmail adresine hassas veri gönderimi yapılmak istendiği tespit edilmiştir. Hesap ekstreleri gibi hassas nitelikli verilerin, güvenlik politikalarımız gereği e-posta kanalı üzerinden paylaşılmaması; bu tür gönderimlerin yalnızca BOA ekranı üzerinden gerçekleştirilmesi gerekmektedir.

Hassas verinin BOA ekranı üzerinden gönderilememesinin nedeni ve doğrulanmamış e-posta adresleri (ör. Gmail) üzerinden iletilmesinin gerekçesi hakkında bilgi paylaşmanızı rica ederiz.

Söz konusu gönderim ihtiyacı müşteriye ait bir talep doğrultusunda oluşmuş ise, müşteriden gelen talep e-postasını ve müşterinin BOA sisteminde kayıtlı e-posta adresini gösteren ekran görüntüsünü Divite kaydına eklemeniz mümkün müdür?","keskinme",NULL,NULL
1303875,"14",NULL,5768,"veri güvenliği","merhaba ,

ekteki mailin ivedilikle iletilmesi gerekmektedir.
Yardımınızı rica ederiz.","3","4",18271,"keskinme","2026-01-16 16:22:17.507","2026-01-16 16:59:14.257","2026-01-15 16:04:58.81","Merhaba, açıklamaya istinaden mailiniz serbest bırakılmıştır/karşı tarafa gönderilmiştir. Konu ile ilgili ek bir aksiyon almanıza gerek bulunmamaktadır(tekrar maili göndermeye çalışmanıza gerek bulunmamaktadır). Mailin teslim edilmesi ile ilgili karşı taraftan teyit alabilirsiniz. İyi çalışmalar.","10","3","Merhaba, açıklamaya istinaden mailiniz serbest bırakılmıştır/karşı tarafa gönderilmiştir. Konu ile ilgili ek bir aksiyon almanıza gerek bulunmamaktadır(tekrar maili göndermeye çalışmanıza gerek bulunmamaktadır). Mailin teslim edilmesi ile ilgili karşı taraftan teyit alabilirsiniz. İyi çalışmalar.","keskinme",NULL,NULL
1304175,"14",NULL,5768,"Leasing faturalarını mail atacağım muhasebeye","Leasing faturalarını mail atacağım muhasebeye sene sonu kapaması yapacaklar bu tarz çoğu işlemi VKN yazıyor diye mail atamıyorum desteklerinizi rica ederiz.","2","4",18271,"keskinme","2026-01-16 14:42:27.213","2026-01-16 14:43:19.66","2026-01-16 14:09:46.783","Merhaba,

hotmail adresine hassas veri gönderimi yapılmak istendiği tespit edilmiştir. Hesap ekstreleri gibi hassas nitelikli verilerin, güvenlik politikalarımız gereği e-posta kanalı üzerinden paylaşılmaması; bu tür gönderimlerin yalnızca BOA ekranı üzerinden gerçekleştirilmesi gerekmektedir.

Hassas verinin BOA ekranı üzerinden gönderilememesinin nedeni ve doğrulanmamış e-posta adresleri (ör. Gmail) üzerinden iletilmesinin gerekçesi hakkında bilgi paylaşmanızı rica ederiz.

Söz konusu gönderim ihtiyacı müşteriye ait bir talep doğrultusunda oluşmuş ise, müşteriden gelen talep e-postasını ve müşterinin BOA sisteminde kayıtlı e-posta adresini gösteren ekran görüntüsünü Divite kaydına eklemeniz mümkün müdür?","10","3","Merhaba,

hotmail adresine hassas veri gönderimi yapılmak istendiği tespit edilmiştir. Hesap ekstreleri gibi hassas nitelikli verilerin, güvenlik politikalarımız gereği e-posta kanalı üzerinden paylaşılmaması; bu tür gönderimlerin yalnızca BOA ekranı üzerinden gerçekleştirilmesi gerekmektedir.

Hassas verinin BOA ekranı üzerinden gönderilememesinin nedeni ve doğrulanmamış e-posta adresleri (ör. Gmail) üzerinden iletilmesinin gerekçesi hakkında bilgi paylaşmanızı rica ederiz.

Söz konusu gönderim ihtiyacı müşteriye ait bir talep doğrultusunda oluşmuş ise, müşteriden gelen talep e-postasını ve müşterinin BOA sisteminde kayıtlı e-posta adresini gösteren ekran görüntüsünü Divite kaydına eklemeniz mümkün müdür?","keskinme",NULL,NULL
1304139,"14",NULL,5768,"7873966 – SELUZ  gb fatura gönderimi hk.","7873966 – SELUZ müşterimiz 5503 teşvik kapaması için fatura ve gbleri istemeketdir. Gönderim için istisna talep rica ederiz.","2","4",18271,"keskinme","2026-01-16 14:41:07.117","2026-01-16 14:42:14.67","2026-01-16 11:57:53.66","Merhaba, açıklamaya istinaden mailiniz serbest bırakılmıştır/karşı tarafa gönderilmiştir. Konu ile ilgili ek bir aksiyon almanıza gerek bulunmamaktadır(tekrar maili göndermeye çalışmanıza gerek bulunmamaktadır). Mailin teslim edilmesi ile ilgili karşı taraftan teyit alabilirsiniz. İyi çalışmalar.","10","3","Merhaba, açıklamaya istinaden mailiniz serbest bırakılmıştır/karşı tarafa gönderilmiştir. Konu ile ilgili ek bir aksiyon almanıza gerek bulunmamaktadır(tekrar maili göndermeye çalışmanıza gerek bulunmamaktadır). Mailin teslim edilmesi ile ilgili karşı taraftan teyit alabilirsiniz. İyi çalışmalar.","keskinme",NULL,NULL
1303820,"14",NULL,5768,"mutabakat formu istisna tanımlma","İlgili evraklar yıl sonu mutabakat formu olup konu hakkında yardım arz ederiz.","2","4",18271,"hatasoy","2026-01-15 16:28:30.857","2026-01-15 16:29:45.623","2026-01-15 14:36:19.75","Mailiniz 5 dakika içerisinde karşıya iletilecektir. Tekrar göndermenize gerek yoktur.","10","3","Mailiniz 5 dakika içerisinde karşıya iletilecektir. Tekrar göndermenize gerek yoktur.","hatasoy",NULL,NULL
1304123,"14",NULL,5768,"Mail Gönderimi Hk.","slm.a. kolay gelsin, leasing devir işlemleri ile ilgili devir ve avukat bilgilerini içeren ekteki mailin müşteriye gönderilmesi gerekmektedir. İstisna tanımlanması konusunda yardımcı olabilir misiniz lütfen. Teşekkürler, iyi mesailer.","2","4",18271,"keskinme","2026-01-16 14:39:49.273","2026-01-16 14:40:41.6","2026-01-16 11:44:29.14","Merhaba, açıklamaya istinaden mailiniz serbest bırakılmıştır/karşı tarafa gönderilmiştir. Konu ile ilgili ek bir aksiyon almanıza gerek bulunmamaktadır(tekrar maili göndermeye çalışmanıza gerek bulunmamaktadır). Mailin teslim edilmesi ile ilgili karşı taraftan teyit alabilirsiniz. İyi çalışmalar.","10","3","Merhaba, açıklamaya istinaden mailiniz serbest bırakılmıştır/karşı tarafa gönderilmiştir. Konu ile ilgili ek bir aksiyon almanıza gerek bulunmamaktadır(tekrar maili göndermeye çalışmanıza gerek bulunmamaktadır). Mailin teslim edilmesi ile ilgili karşı taraftan teyit alabilirsiniz. İyi çalışmalar.","keskinme",NULL,NULL
1304009,"14",NULL,5768,"dlp istisna","merhaba
dün mailde göndermiş olduunuz link üzerinden adımları izledim ancak güncelleme olması için saatin güncellenmesinden kontrol edebilirsiniz diyordu linkte. saat güncellenmedi. hala evrakları yazdırma işlemi yapamamaktayım yadımcı olur musunuz","2","4",18271,"keskinme","2026-01-16 14:38:00.747","2026-01-16 14:39:38.353","2026-01-16 09:34:30.9","Yapılan değişikliklerin bilgisayarlarınıza yansıması için aşağıdaki linkte yer alan ""DLP Ajanı Nasıl Güncellenir?"" başlığındaki adımları uyguladıktan sonra işlemi yeniden yapmayı deneyebilirsiniz.
https://bilge.kuveytturk.com.tr/genel/24374-dlp-forcepoint-one-endpoint#dlp-ajani-nasil-guncellenir","10","3","Yapılan değişikliklerin bilgisayarlarınıza yansıması için aşağıdaki linkte yer alan ""DLP Ajanı Nasıl Güncellenir?"" başlığındaki adımları uyguladıktan sonra işlemi yeniden yapmayı deneyebilirsiniz.
https://bilge.kuveytturk.com.tr/genel/24374-dlp-forcepoint-one-endpoint#dlp-ajani-nasil-guncellenir","keskinme",NULL,NULL
1304108,"14",NULL,5768,"namet mutabakat maillerinin veri korumaya takılması hakkında","Merhaba
Dokümanda yer alan mutabakat maili veri korumaya takılmıştır. serbest bırakılması rica olunur.
iyi çalışmalar.","2","4",18271,"keskinme","2026-01-16 14:35:00.253","2026-01-16 14:37:44.547","2026-01-16 11:16:35.617","merhaba, bu şekilde bir mailiniz görünmedi ama tekrar göndermeyi deneyebilir misiniz?","10","3","merhaba, bu şekilde bir mailiniz görünmedi ama tekrar göndermeyi deneyebilir misiniz?","keskinme",NULL,NULL
1304061,"14",NULL,5768,"mailimin serbets bırakılması hk","merhaba ,yılsonu mutbakaları kapsamında müşteriye bakiye raporu ve stopaj raporu ilettim .mailim veri güvenliğine takıldı .mailim serbest bırakılmaısnı rica ederim. 

'Tugce AKKAYA' <t.akkaya@palmet.com> adlı kişiye iletilecek mail.","2","4",18271,"keskinme","2026-01-16 14:28:59.347","2026-01-16 14:34:42.843","2026-01-16 10:21:16.403","Merhaba, açıklamaya istinaden mailiniz serbest bırakılmıştır/karşı tarafa gönderilmiştir. Konu ile ilgili ek bir aksiyon almanıza gerek bulunmamaktadır(tekrar maili göndermeye çalışmanıza gerek bulunmamaktadır). Mailin teslim edilmesi ile ilgili karşı taraftan teyit alabilirsiniz. İyi çalışmalar.","10","3","Merhaba, açıklamaya istinaden mailiniz serbest bırakılmıştır/karşı tarafa gönderilmiştir. Konu ile ilgili ek bir aksiyon almanıza gerek bulunmamaktadır(tekrar maili göndermeye çalışmanıza gerek bulunmamaktadır). Mailin teslim edilmesi ile ilgili karşı taraftan teyit alabilirsiniz. İyi çalışmalar.","keskinme",NULL,NULL
1304044,"14",NULL,5768,"Ereğli mutabakat maillerinin veri korumaya takılması hakkında","Merhaba
Dokümanda yer alan mutabakat maili veri korumaya takılmıştır. serbest bırakılması rica olunur.
iyi çalışmalar.","2","4",18271,"keskinme","2026-01-16 14:27:38.31","2026-01-16 14:28:46.1","2026-01-16 10:06:04.217","Merhaba, açıklamaya istinaden mailiniz serbest bırakılmıştır/karşı tarafa gönderilmiştir. Konu ile ilgili ek bir aksiyon almanıza gerek bulunmamaktadır(tekrar maili göndermeye çalışmanıza gerek bulunmamaktadır). Mailin teslim edilmesi ile ilgili karşı taraftan teyit alabilirsiniz. İyi çalışmalar.","10","3","Merhaba, açıklamaya istinaden mailiniz serbest bırakılmıştır/karşı tarafa gönderilmiştir. Konu ile ilgili ek bir aksiyon almanıza gerek bulunmamaktadır(tekrar maili göndermeye çalışmanıza gerek bulunmamaktadır). Mailin teslim edilmesi ile ilgili karşı taraftan teyit alabilirsiniz. İyi çalışmalar.","keskinme",NULL,NULL
1303969,"14",NULL,5768,"PwC mail hakkında","Genel istisna tanımlanmış oldugu halde mail iletilmedi. Konu hakkında yardımlarınızı rica ederiz","2","4",18271,"keskinme","2026-01-16 14:26:27.733","2026-01-16 14:27:26.177","2026-01-16 08:49:35.887","Merhaba, açıklamaya istinaden mailiniz serbest bırakılmıştır/karşı tarafa gönderilmiştir. Konu ile ilgili ek bir aksiyon almanıza gerek bulunmamaktadır(tekrar maili göndermeye çalışmanıza gerek bulunmamaktadır). Mailin teslim edilmesi ile ilgili karşı taraftan teyit alabilirsiniz. İyi çalışmalar.","10","3","Merhaba, açıklamaya istinaden mailiniz serbest bırakılmıştır/karşı tarafa gönderilmiştir. Konu ile ilgili ek bir aksiyon almanıza gerek bulunmamaktadır(tekrar maili göndermeye çalışmanıza gerek bulunmamaktadır). Mailin teslim edilmesi ile ilgili karşı taraftan teyit alabilirsiniz. İyi çalışmalar.","keskinme",NULL,NULL
1304116,"14",NULL,5768,"şirket ekstre basım","merhaba

Firma ekstre basımı yaparken uyarı alınmaktadır uyarıyı

Döküman ekle kısmına eklenmiştir

Bu hususta desteklerinizi arz ederiz","2","4",18271,"hatasoy","2026-01-16 14:23:46.193","2026-01-16 14:58:22.243","2026-01-16 11:29:11.137","Aşağıdaki linkte yer alan ""DLP Ajanı Nasıl Güncellenir?"" başlığındaki adımları uyguladıktan sonra işlemi yeniden yapmayı dener misiniz?
https://bilge.kuveytturk.com.tr/genel/24374-dlp-forcepoint-one-endpoint","10","3","Aşağıdaki linkte yer alan ""DLP Ajanı Nasıl Güncellenir?"" başlığındaki adımları uyguladıktan sonra işlemi yeniden yapmayı dener misiniz?
https://bilge.kuveytturk.com.tr/genel/24374-dlp-forcepoint-one-endpoint","hatasoy",NULL,NULL
1303968,"14",NULL,5768,"veri koruma sistemi","Merhaba  b.sahin@palmet.com, h.canbek@palmetpgg.com, pggalacaklar@palmet.com, destek@palmet.com, b.kasikci@palgaz.com.tr adresine göndermek isterken veri korumaya takılmıştır. Bu maillere fatura mutabakat listesi gönderdiğimiz için listeyi iletmemiz gerekiyor. İçinde vergi no yok abone noları yer alamaktadır. Yardımcı olur musunuz?","2","4",18271,"keskinme","2026-01-16 14:20:24.853","2026-01-16 14:25:39.63","2026-01-16 08:48:02.923","Merhaba, açıklamaya istinaden mailiniz serbest bırakılmıştır/karşı tarafa gönderilmiştir. Konu ile ilgili ek bir aksiyon almanıza gerek bulunmamaktadır(tekrar maili göndermeye çalışmanıza gerek bulunmamaktadır). Mailin teslim edilmesi ile ilgili karşı taraftan teyit alabilirsiniz. İyi çalışmalar.","10","3","Merhaba, açıklamaya istinaden mailiniz serbest bırakılmıştır/karşı tarafa gönderilmiştir. Konu ile ilgili ek bir aksiyon almanıza gerek bulunmamaktadır(tekrar maili göndermeye çalışmanıza gerek bulunmamaktadır). Mailin teslim edilmesi ile ilgili karşı taraftan teyit alabilirsiniz. İyi çalışmalar.","keskinme",NULL,NULL
1303828,"14",NULL,5768,"veri güv.","merhaba, vekalet paylaşılacaktır. veri güv. engellemektedir. yardımlarınızı r,ica ederşzç","2","4",18271,"hatasoy","2026-01-15 16:28:05.377","2026-01-15 16:28:15.927","2026-01-15 14:50:45.5","Mailiniz 5 dakika içerisinde karşıya iletilecektir. Tekrar göndermenize gerek yoktur.","10","3","Mailiniz 5 dakika içerisinde karşıya iletilecektir. Tekrar göndermenize gerek yoktur.","hatasoy",NULL,NULL
1303908,"14",NULL,5768,"hesap ekstresi","merhaba,

müşterimizin hesabında tanımlı mail adresine KOnsolosluğa verilmek üzere kaşe imzalı hesap ekstresi talep etti.","2","4",18271,"keskinme","2026-01-15 16:52:23.223","2026-01-16 09:05:56.993","2026-01-15 16:49:31.623","Merhaba, açıklamaya istinaden mailiniz serbest bırakılmıştır/karşı tarafa gönderilmiştir. Konu ile ilgili ek bir aksiyon almanıza gerek bulunmamaktadır(tekrar maili göndermeye çalışmanıza gerek bulunmamaktadır). Mailin teslim edilmesi ile ilgili karşı taraftan teyit alabilirsiniz. İyi çalışmalar.","10","3","Merhaba, açıklamaya istinaden mailiniz serbest bırakılmıştır/karşı tarafa gönderilmiştir. Konu ile ilgili ek bir aksiyon almanıza gerek bulunmamaktadır(tekrar maili göndermeye çalışmanıza gerek bulunmamaktadır). Mailin teslim edilmesi ile ilgili karşı taraftan teyit alabilirsiniz. İyi çalışmalar.","keskinme",NULL,NULL
1303904,"14",NULL,5768,"mail iletimi","saat 16.46 da iletmiş olduğum mailin iletilmesi hususunda desteklerinizi rica ederim.

müşterimize yapılacak olan tamamlayıcı sağlık sigortasının poliçesini içermektedir.","2","4",18271,"keskinme","2026-01-15 16:51:09.463","2026-01-15 16:52:12.403","2026-01-15 16:47:30.06","Merhaba, açıklamaya istinaden mailiniz serbest bırakılmıştır/karşı tarafa gönderilmiştir. Konu ile ilgili ek bir aksiyon almanıza gerek bulunmamaktadır(tekrar maili göndermeye çalışmanıza gerek bulunmamaktadır). Mailin teslim edilmesi ile ilgili karşı taraftan teyit alabilirsiniz. İyi çalışmalar.","10","3","Merhaba, açıklamaya istinaden mailiniz serbest bırakılmıştır/karşı tarafa gönderilmiştir. Konu ile ilgili ek bir aksiyon almanıza gerek bulunmamaktadır(tekrar maili göndermeye çalışmanıza gerek bulunmamaktadır). Mailin teslim edilmesi ile ilgili karşı taraftan teyit alabilirsiniz. İyi çalışmalar.","keskinme",NULL,NULL
1303900,"14",NULL,5768,"hesap ekstre gönderimi","Merhaba,

Ekteki yazıya istinaden ekstre göndermemiz gerekmektedir. İstisna tanımı konusunda desteğinizi rica ederiz.","2","4",18271,"keskinme","2026-01-15 16:50:06.613","2026-01-15 16:50:56.257","2026-01-15 16:40:03.633","Merhaba,

Gmail adresine hassas veri gönderimi yapılmak istendiği tespit edilmiştir. Hesap ekstreleri gibi hassas nitelikli verilerin, güvenlik politikalarımız gereği e-posta kanalı üzerinden paylaşılmaması; bu tür gönderimlerin yalnızca BOA ekranı üzerinden gerçekleştirilmesi gerekmektedir.

Hassas verinin BOA ekranı üzerinden gönderilememesinin nedeni ve doğrulanmamış e-posta adresleri (ör. Gmail) üzerinden iletilmesinin gerekçesi hakkında bilgi paylaşmanızı rica ederiz.

Söz konusu gönderim ihtiyacı müşteriye ait bir talep doğrultusunda oluşmuş ise, müşteriden gelen talep e-postasını ve müşterinin BOA sisteminde kayıtlı e-posta adresini gösteren ekran görüntüsünü Divite kaydına eklemeniz mümkün müdür?","10","3","Merhaba,

Gmail adresine hassas veri gönderimi yapılmak istendiği tespit edilmiştir. Hesap ekstreleri gibi hassas nitelikli verilerin, güvenlik politikalarımız gereği e-posta kanalı üzerinden paylaşılmaması; bu tür gönderimlerin yalnızca BOA ekranı üzerinden gerçekleştirilmesi gerekmektedir.

Hassas verinin BOA ekranı üzerinden gönderilememesinin nedeni ve doğrulanmamış e-posta adresleri (ör. Gmail) üzerinden iletilmesinin gerekçesi hakkında bilgi paylaşmanızı rica ederiz.

Söz konusu gönderim ihtiyacı müşteriye ait bir talep doğrultusunda oluşmuş ise, müşteriden gelen talep e-postasını ve müşterinin BOA sisteminde kayıtlı e-posta adresini gösteren ekran görüntüsünü Divite kaydına eklemeniz mümkün müdür?","keskinme",NULL,NULL
1303773,"14",NULL,5768,"Mülk sahibine gönderilen kira sözleşmesi","2026-01-15 12:46:51 tarihinde pintici19@gmail.com adresine gönderdiğimiz mail kira ilişkisi çervesinde mülk sahibine gönderilmektedir. Desteklerinizi rica ederim.","2","4",18271,"keskinme","2026-01-15 16:45:42.18","2026-01-15 16:49:55.25","2026-01-15 13:26:55.083","Merhaba,

Gmail adresine hassas veri gönderimi yapılmak istendiği tespit edilmiştir. Hesap ekstreleri gibi hassas nitelikli verilerin, güvenlik politikalarımız gereği e-posta kanalı üzerinden paylaşılmaması; bu tür gönderimlerin yalnızca BOA ekranı üzerinden gerçekleştirilmesi gerekmektedir.

Hassas verinin BOA ekranı üzerinden gönderilememesinin nedeni ve doğrulanmamış e-posta adresleri (ör. Gmail) üzerinden iletilmesinin gerekçesi hakkında bilgi paylaşmanızı rica ederiz.

Söz konusu gönderim ihtiyacı müşteriye ait bir talep doğrultusunda oluşmuş ise, müşteriden gelen talep e-postasını ve müşterinin BOA sisteminde kayıtlı e-posta adresini gösteren ekran görüntüsünü Divite kaydına eklemeniz mümkün müdür?","10","3","Merhaba,

Gmail adresine hassas veri gönderimi yapılmak istendiği tespit edilmiştir. Hesap ekstreleri gibi hassas nitelikli verilerin, güvenlik politikalarımız gereği e-posta kanalı üzerinden paylaşılmaması; bu tür gönderimlerin yalnızca BOA ekranı üzerinden gerçekleştirilmesi gerekmektedir.

Hassas verinin BOA ekranı üzerinden gönderilememesinin nedeni ve doğrulanmamış e-posta adresleri (ör. Gmail) üzerinden iletilmesinin gerekçesi hakkında bilgi paylaşmanızı rica ederiz.

Söz konusu gönderim ihtiyacı müşteriye ait bir talep doğrultusunda oluşmuş ise, müşteriden gelen talep e-postasını ve müşterinin BOA sisteminde kayıtlı e-posta adresini gösteren ekran görüntüsünü Divite kaydına eklemeniz mümkün müdür?","keskinme",NULL,NULL
1303805,"14",NULL,5768,"veri maskeleme","merhaba hesap ekstreri yazdırmak istiyorum ancak ekstre de tc kimlik numarası bulunduğu için ekstre yazdırılamamaktadır. gerekli düzeltme konusunda yardımlarınızı talep etmekteyim. iyi çalışmalar dilerim.","2","4",18271,"hatasoy","2026-01-15 16:33:54.977","2026-01-15 16:52:30.233","2026-01-15 14:19:25.83","Merhaba,
Aşağıdaki linkte yer alan ""DLP Ajanı Nasıl Güncellenir?"" başlığındaki adımları uyguladıktan sonra işlemi yeniden yapmayı dener misiniz?
https://bilge.kuveytturk.com.tr/genel/24374-dlp-forcepoint-one-endpoint","10","3","Merhaba,
Aşağıdaki linkte yer alan ""DLP Ajanı Nasıl Güncellenir?"" başlığındaki adımları uyguladıktan sonra işlemi yeniden yapmayı dener misiniz?
https://bilge.kuveytturk.com.tr/genel/24374-dlp-forcepoint-one-endpoint","hatasoy",NULL,NULL
1303811,"14",NULL,5768,"mail","hasas veri sebbeiyle finans@semersahturizm.com adresine attığım mail gitmemiştir. firma sanal pos bilgileri talep etmekte olup ilgili mailin serbest bırakılmnasını rica ederiz","2","4",18271,"hatasoy","2026-01-15 16:32:15.71","2026-01-15 16:33:20.943","2026-01-15 14:22:26.36","Mailiniz 5 dakika içerisinde karşıya iletilecektir. Tekrar göndermenize gerek yoktur.","10","3","Mailiniz 5 dakika içerisinde karşıya iletilecektir. Tekrar göndermenize gerek yoktur.","hatasoy",NULL,NULL
1303769,"14",NULL,5768,"MAİL İLETME HATASI HK.","Merhaba,
Ekli mail satıcı firmaya ulaşmamıştır. Yardımcı olabilri misiniz?
Teşekkür ederim.","2","4",18271,"keskinme","2026-01-15 16:30:42.54","2026-01-15 16:31:59.913","2026-01-15 12:55:23.683","Merhaba, açıklamaya istinaden mailiniz serbest bırakılmıştır/karşı tarafa gönderilmiştir. Konu ile ilgili ek bir aksiyon almanıza gerek bulunmamaktadır(tekrar maili göndermeye çalışmanıza gerek bulunmamaktadır). Mailin teslim edilmesi ile ilgili karşı taraftan teyit alabilirsiniz. İyi çalışmalar.","10","3","Merhaba, açıklamaya istinaden mailiniz serbest bırakılmıştır/karşı tarafa gönderilmiştir. Konu ile ilgili ek bir aksiyon almanıza gerek bulunmamaktadır(tekrar maili göndermeye çalışmanıza gerek bulunmamaktadır). Mailin teslim edilmesi ile ilgili karşı taraftan teyit alabilirsiniz. İyi çalışmalar.","keskinme",NULL,NULL
1303740,"14",NULL,5768,"mail için istisna tanımlanmasını rica ederiz.","ekte yer alan mail için istisna tanımlanmasını rica ederiz.

talebimiz acildir, desteğinizi rica ederiz.","2","4",18271,"keskinme","2026-01-15 16:26:43.893","2026-01-16 10:40:07.547","2026-01-15 11:42:03.75","Merhaba, açıklamaya istinaden mailiniz serbest bırakılmıştır/karşı tarafa gönderilmiştir. Konu ile ilgili ek bir aksiyon almanıza gerek bulunmamaktadır(tekrar maili göndermeye çalışmanıza gerek bulunmamaktadır). Mailin teslim edilmesi ile ilgili karşı taraftan teyit alabilirsiniz. İyi çalışmalar.","10","3","Merhaba, açıklamaya istinaden mailiniz serbest bırakılmıştır/karşı tarafa gönderilmiştir. Konu ile ilgili ek bir aksiyon almanıza gerek bulunmamaktadır(tekrar maili göndermeye çalışmanıza gerek bulunmamaktadır). Mailin teslim edilmesi ile ilgili karşı taraftan teyit alabilirsiniz. İyi çalışmalar.","keskinme",NULL,NULL
1303738,"14",NULL,5768,"mail gönderilmesi hakk","merhablar;
ekte ki mailin müşterimize iletilmesini rica ederiz.","2","4",18271,"keskinme","2026-01-15 16:25:48.903","2026-01-15 16:26:32.627","2026-01-15 11:39:38.893","Merhaba, açıklamaya istinaden mailiniz serbest bırakılmıştır/karşı tarafa gönderilmiştir. Konu ile ilgili ek bir aksiyon almanıza gerek bulunmamaktadır(tekrar maili göndermeye çalışmanıza gerek bulunmamaktadır). Mailin teslim edilmesi ile ilgili karşı taraftan teyit alabilirsiniz. İyi çalışmalar.","10","3","Merhaba, açıklamaya istinaden mailiniz serbest bırakılmıştır/karşı tarafa gönderilmiştir. Konu ile ilgili ek bir aksiyon almanıza gerek bulunmamaktadır(tekrar maili göndermeye çalışmanıza gerek bulunmamaktadır). Mailin teslim edilmesi ile ilgili karşı taraftan teyit alabilirsiniz. İyi çalışmalar.","keskinme",NULL,NULL
1303704,"14",NULL,5768,"mizan yazdırma sorunu","SA 16436w02 nolu bilgisayarımdan mütşeri mizanını yazdırmam gerekiyor 
Engeli kaldırabilir miisniz","2","4",18271,"keskinme","2026-01-15 16:24:45.837","2026-01-16 09:01:52.47","2026-01-15 10:51:29.18","merhaba, hassas verilerin çıktı olarak almak hassas verinin dışarıda fiziksel olarak bulundurulması anlamına gelir, bu durumda bu verinin korunması sorumluluk tarafınızda olacaktır. Bu yöntemin kullanılması BG riskleri barındırmaktadır.","10","3","merhaba, hassas verilerin çıktı olarak almak hassas verinin dışarıda fiziksel olarak bulundurulması anlamına gelir, bu durumda bu verinin korunması sorumluluk tarafınızda olacaktır. Bu yöntemin kullanılması BG riskleri barındırmaktadır.","keskinme",NULL,NULL
1303688,"14",NULL,5768,"Sistemde Tanımlı Maile Mail Gönderme Hk.","Merhabalar, 

Sistemde tanımlı maile göndermemiz gereken evrak bulunmaktadır. İstisna tanımlanması ve gönderilmesi için yardımlarınızı arz talep ederiz.","2","4",18271,"keskinme","2026-01-15 16:21:53.66","2026-01-15 16:24:33.433","2026-01-15 10:23:40.13","Merhaba, açıklamaya istinaden mailiniz serbest bırakılmıştır/karşı tarafa gönderilmiştir. Konu ile ilgili ek bir aksiyon almanıza gerek bulunmamaktadır(tekrar maili göndermeye çalışmanıza gerek bulunmamaktadır). Mailin teslim edilmesi ile ilgili karşı taraftan teyit alabilirsiniz. İyi çalışmalar.","10","3","Merhaba, açıklamaya istinaden mailiniz serbest bırakılmıştır/karşı tarafa gönderilmiştir. Konu ile ilgili ek bir aksiyon almanıza gerek bulunmamaktadır(tekrar maili göndermeye çalışmanıza gerek bulunmamaktadır). Mailin teslim edilmesi ile ilgili karşı taraftan teyit alabilirsiniz. İyi çalışmalar.","keskinme",NULL,NULL
1303669,"14",NULL,5768,"Mutabakat gönderi hk.","ahsen.tok@stm.com.tr, Finans-GL@stm.com.tr merhaba ilgili adreslere bu verileri maskelemeden iş kapsamı ihtiyacından dolayı gönderilmesi gerekmektedir. Konu hakkında yardımlarınızı talep ederiz.","2","4",18271,"keskinme","2026-01-15 15:15:40.52","2026-01-15 15:16:37.75","2026-01-15 09:55:35.76","Merhaba, açıklamaya istinaden mailiniz serbest bırakılmıştır/karşı tarafa gönderilmiştir. Konu ile ilgili ek bir aksiyon almanıza gerek bulunmamaktadır(tekrar maili göndermeye çalışmanıza gerek bulunmamaktadır). Mailin teslim edilmesi ile ilgili karşı taraftan teyit alabilirsiniz. İyi çalışmalar.","10","3","Merhaba, açıklamaya istinaden mailiniz serbest bırakılmıştır/karşı tarafa gönderilmiştir. Konu ile ilgili ek bir aksiyon almanıza gerek bulunmamaktadır(tekrar maili göndermeye çalışmanıza gerek bulunmamaktadır). Mailin teslim edilmesi ile ilgili karşı taraftan teyit alabilirsiniz. İyi çalışmalar.","keskinme",NULL,NULL
1303668,"14",NULL,5768,"Merhaba,","'Oğuzhan Kübüç' <oguzhanku@otokocotomotiv.com.tr> adresine fatura görseli gönderiyoruz ancak veri güvenliği nedeniyle gönderilmiyor. Destek olabilir misiniz?","2","4",18271,"keskinme","2026-01-15 15:14:28.56","2026-01-15 15:15:22.757","2026-01-15 09:56:23.447","Merhaba, açıklamaya istinaden mailiniz serbest bırakılmıştır/karşı tarafa gönderilmiştir. Konu ile ilgili ek bir aksiyon almanıza gerek bulunmamaktadır(tekrar maili göndermeye çalışmanıza gerek bulunmamaktadır). Mailin teslim edilmesi ile ilgili karşı taraftan teyit alabilirsiniz. İyi çalışmalar.","10","3","Merhaba, açıklamaya istinaden mailiniz serbest bırakılmıştır/karşı tarafa gönderilmiştir. Konu ile ilgili ek bir aksiyon almanıza gerek bulunmamaktadır(tekrar maili göndermeye çalışmanıza gerek bulunmamaktadır). Mailin teslim edilmesi ile ilgili karşı taraftan teyit alabilirsiniz. İyi çalışmalar.","keskinme",NULL,NULL
1303653,"14",NULL,5768,"Avukatlara gönderilen maillerin sisteme takılması hk.","Merhaba, Servisimiz iş süreçleri gereği sürekli olarak anlaşmalı avukatlarımız(sözleşmeli hukuk büroları) ile mailleşmeler yapmaktadır. Atılan maillerde sözleşmeler, protokoller ve evraklar ekte bulunmaktadır. Ancak son dönemde avukatlarımıza mail göndermek istediğimizde sürekli olarak hata almaktayız veya politika ihlal edildi şeklinde mailler gelmektedir. İşlemlerimiz aksamaktadır, konuyla alakalı olarak ivedi yardımcı olabilir misiniz? Teşekkürler.
Avukatla imzalanan sözleşmeler divittedir.","2","4",18271,"keskinme","2026-01-15 15:13:06.257","2026-01-15 15:14:17.153","2026-01-15 09:41:28.83","Merhaba, açıklamaya istinaden mailiniz serbest bırakılmıştır/karşı tarafa gönderilmiştir. Konu ile ilgili ek bir aksiyon almanıza gerek bulunmamaktadır(tekrar maili göndermeye çalışmanıza gerek bulunmamaktadır). Mailin teslim edilmesi ile ilgili karşı taraftan teyit alabilirsiniz. İyi çalışmalar.","10","3","Merhaba, açıklamaya istinaden mailiniz serbest bırakılmıştır/karşı tarafa gönderilmiştir. Konu ile ilgili ek bir aksiyon almanıza gerek bulunmamaktadır(tekrar maili göndermeye çalışmanıza gerek bulunmamaktadır). Mailin teslim edilmesi ile ilgili karşı taraftan teyit alabilirsiniz. İyi çalışmalar.","keskinme",NULL,NULL
1303645,"14",NULL,5768,"Veri ağına takılan iletilmeyen mail hk.","Merhabalar,

Ekte bulunan mail veri ağına takılmış olup mail gönderilememiştir.İlgili mail ekte olup gönderimi konusunda desteklerinizi rica eder iyi çalışmalar dilerim.","2","4",18271,"keskinme","2026-01-15 15:11:51.867","2026-01-15 15:12:56.133","2026-01-15 09:32:06.207","Merhaba, açıklamaya istinaden mailiniz serbest bırakılmıştır/karşı tarafa gönderilmiştir. Konu ile ilgili ek bir aksiyon almanıza gerek bulunmamaktadır(tekrar maili göndermeye çalışmanıza gerek bulunmamaktadır). Mailin teslim edilmesi ile ilgili karşı taraftan teyit alabilirsiniz. İyi çalışmalar.","10","3","Merhaba, açıklamaya istinaden mailiniz serbest bırakılmıştır/karşı tarafa gönderilmiştir. Konu ile ilgili ek bir aksiyon almanıza gerek bulunmamaktadır(tekrar maili göndermeye çalışmanıza gerek bulunmamaktadır). Mailin teslim edilmesi ile ilgili karşı taraftan teyit alabilirsiniz. İyi çalışmalar.","keskinme",NULL,NULL
1303623,"14",NULL,5768,"Excel çıktı yetkisi hk.","Merhaba, ekte risk/mevduat müşteri exceli bulunmaktadır. Yeni gelen müdürümüz listeyi talep etmiştir. Çıktı alınarak masasına götürmeye çalışıyoruz fakat çıkartmamaktadır. Yardımcı olabilir misiniz.","2","4",18271,"keskinme","2026-01-15 15:05:31.177","2026-01-15 15:11:39.11","2026-01-15 09:12:24.707","Yapılan değişikliklerin bilgisayarlarınıza yansıması için aşağıdaki linkte yer alan ""DLP Ajanı Nasıl Güncellenir?"" başlığındaki adımları uyguladıktan sonra işlemi yeniden yapmayı deneyebilirsiniz.
https://bilge.kuveytturk.com.tr/genel/24374-dlp-forcepoint-one-endpoint#dlp-ajani-nasil-guncellenir","10","3","Yapılan değişikliklerin bilgisayarlarınıza yansıması için aşağıdaki linkte yer alan ""DLP Ajanı Nasıl Güncellenir?"" başlığındaki adımları uyguladıktan sonra işlemi yeniden yapmayı deneyebilirsiniz.
https://bilge.kuveytturk.com.tr/genel/24374-dlp-forcepoint-one-endpoint#dlp-ajani-nasil-guncellenir","keskinme",NULL,NULL
1303515,"14",NULL,5768,"MÜŞTERİ BİLGİ FORMU BASIM HATASI","Ankara Altındağ müftülüğü maaş hesap açılışları için Excelle hesap açılışı yapılmıştır. hesap açılışında müşteri bilgi formlarına toplu bir şekilde bastırmak istediğimizde aşağıdaki hatayı vermektedir. ilgili formlar müşteri hesap evrakları içerisinde imzalı şekilde muhafaza edilip arşive gönderilecektir. kıymetli destekleriniz rica olunur.

Sayın Fatih Gökmen / Kuveyt Türk - Ankara Şubesi (06-003-W04.kuveytturk.local) ,

Telefon numarası verilerini maskeleme yöntemi kullanılmadan 2026-01-14 16:05:24 tarihinde \\srvsube-003\06-003-P02 adresine göndermek istediniz. Bilgi güvenliği politikaları gereğince bu işlem engellenmiştir. Bu verileri akıştan çıkararak veya aşağıda belirtilen maskeleme yöntemini akışta bulunan veriler için uygulayarak veri gönderimi yapabilirsiniz.
• Telefon numarasının ilk 3 rakamı ve son 2 rakamını XXX 111 11 XX şeklinde maskeleyiniz.
Bu verileri maskelemeden iş kapsamı ihtiyacından dolayı gönderilmesi gerekliyse BT Mercek Talep – Çağrı Oluştur ekranından “Yetki ve Erişim Talepleri > Veri Koruma Sistemi İstisna Tanımlama” kategorisinden çağrı oluşturabilirsiniz.

Kuveyt Türk Veri Güvenliği Ekibi","3","4",18271,"keskinme","2026-01-15 15:01:53.453","2026-01-15 15:05:17.13","2026-01-14 16:29:40.32","Yapılan değişikliklerin bilgisayarlarınıza yansıması için aşağıdaki linkte yer alan ""DLP Ajanı Nasıl Güncellenir?"" başlığındaki adımları uyguladıktan sonra işlemi yeniden yapmayı deneyebilirsiniz.
https://bilge.kuveytturk.com.tr/genel/24374-dlp-forcepoint-one-endpoint#dlp-ajani-nasil-guncellenir","10","3","Yapılan değişikliklerin bilgisayarlarınıza yansıması için aşağıdaki linkte yer alan ""DLP Ajanı Nasıl Güncellenir?"" başlığındaki adımları uyguladıktan sonra işlemi yeniden yapmayı deneyebilirsiniz.
https://bilge.kuveytturk.com.tr/genel/24374-dlp-forcepoint-one-endpoint#dlp-ajani-nasil-guncellenir","keskinme",NULL,NULL
1303798,"14",NULL,5768,"müşteriye mail gönderimi","Merhaba, bankamız avukatı ile müşterimiz arasında noterde devir işlemi yapılacak olup bu bilgileri ve vekaletnameyi müşterimiz ile paylaşmamız gerekmektedir.(meteoztiryaki@gokgrup.com-mehmetaydin@gokgrup.com-ugurgunal@gokgrup.com) İstisna tanımlanması için yardımlarınızı rica ederiz.","2","4",21474,"hatasoy","2026-01-15 14:37:24.877","2026-01-15 14:39:55.69","2026-01-15 14:04:46.137","Mailiniz 5 dakika içerisinde karşıya iletilecektir. Tekrar göndermenize gerek yoktur.","10","3","Mailiniz 5 dakika içerisinde karşıya iletilecektir. Tekrar göndermenize gerek yoktur.","hatasoy",NULL,NULL
1303605,"14",NULL,5768,"iç kontrole veri aktarımı hk","Merhaba, iç kontrol başkanlığına 40-50 adet arasıonda veri ekli mail iletilecek olup hassa veri olması sebebiyle  e postalar engellenmektedir. konu hakkında muafiyet sağlanması için ivedi yardımlarınızı rica ederiz.","2","4",18271,"keskinme","2026-01-15 09:49:30.043","2026-01-15 10:03:13.417","2026-01-15 08:49:06.477","Yapılan değişikliklerin bilgisayarlarınıza yansıması için aşağıdaki linkte yer alan ""DLP Ajanı Nasıl Güncellenir?"" başlığındaki adımları uyguladıktan sonra işlemi yeniden yapmayı deneyebilirsiniz.
https://bilge.kuveytturk.com.tr/genel/24374-dlp-forcepoint-one-endpoint#dlp-ajani-nasil-guncellenir","10","3","Yapılan değişikliklerin bilgisayarlarınıza yansıması için aşağıdaki linkte yer alan ""DLP Ajanı Nasıl Güncellenir?"" başlığındaki adımları uyguladıktan sonra işlemi yeniden yapmayı deneyebilirsiniz.
https://bilge.kuveytturk.com.tr/genel/24374-dlp-forcepoint-one-endpoint#dlp-ajani-nasil-guncellenir","keskinme",NULL,NULL
1303596,"14",NULL,5768,"mail gönderimi hk.","merhaba,

ekte yer alan mail gönderiminin yapılması hususunda yardımlarınızı rica ederim.

iyi çalışmalar.","2","4",18271,"keskinme","2026-01-15 09:14:34.123","2026-01-15 09:15:38.047","2026-01-15 08:33:45.11","Merhaba, açıklamaya istinaden mailiniz serbest bırakılmıştır/karşı tarafa gönderilmiştir. Konu ile ilgili ek bir aksiyon almanıza gerek bulunmamaktadır(tekrar maili göndermeye çalışmanıza gerek bulunmamaktadır). Mailin teslim edilmesi ile ilgili karşı taraftan teyit alabilirsiniz. İyi çalışmalar.","10","3","Merhaba, açıklamaya istinaden mailiniz serbest bırakılmıştır/karşı tarafa gönderilmiştir. Konu ile ilgili ek bir aksiyon almanıza gerek bulunmamaktadır(tekrar maili göndermeye çalışmanıza gerek bulunmamaktadır). Mailin teslim edilmesi ile ilgili karşı taraftan teyit alabilirsiniz. İyi çalışmalar.","keskinme",NULL,NULL
1303540,"14",NULL,5768,"Yıl sonu hesap hareketleri hk.","'fatih.ozkan@klvgroup.com' ilgili mail adresine acil mutabakat işlemleri olduğu için ekstrelerini iletmemiz gerekiyor mailin serbest bırakılması için yardımalrınızı talep ederiz.","2","4",18271,"keskinme","2026-01-15 09:11:59.16","2026-01-15 09:12:49.697","2026-01-14 18:11:31.76","Merhaba, açıklamaya istinaden mailiniz serbest bırakılmıştır/karşı tarafa gönderilmiştir. Konu ile ilgili ek bir aksiyon almanıza gerek bulunmamaktadır(tekrar maili göndermeye çalışmanıza gerek bulunmamaktadır). Mailin teslim edilmesi ile ilgili karşı taraftan teyit alabilirsiniz. İyi çalışmalar.","10","3","Merhaba, açıklamaya istinaden mailiniz serbest bırakılmıştır/karşı tarafa gönderilmiştir. Konu ile ilgili ek bir aksiyon almanıza gerek bulunmamaktadır(tekrar maili göndermeye çalışmanıza gerek bulunmamaktadır). Mailin teslim edilmesi ile ilgili karşı taraftan teyit alabilirsiniz. İyi çalışmalar.","keskinme",NULL,NULL
1303528,"14",NULL,5768,"mail iletimi hk","muhasebe6@yonavm.com.tr mail adresine attığım muatabakat müşteri tarafından istenmiştir. mailin iletilmesini rica ederiz.","2","4",18271,"keskinme","2026-01-15 09:09:01.083","2026-01-15 09:10:07.6","2026-01-14 17:03:19.47","Merhaba, açıklamaya istinaden mailiniz serbest bırakılmıştır/karşı tarafa gönderilmiştir. Konu ile ilgili ek bir aksiyon almanıza gerek bulunmamaktadır(tekrar maili göndermeye çalışmanıza gerek bulunmamaktadır). Mailin teslim edilmesi ile ilgili karşı taraftan teyit alabilirsiniz. İyi çalışmalar.","10","3","Merhaba, açıklamaya istinaden mailiniz serbest bırakılmıştır/karşı tarafa gönderilmiştir. Konu ile ilgili ek bir aksiyon almanıza gerek bulunmamaktadır(tekrar maili göndermeye çalışmanıza gerek bulunmamaktadır). Mailin teslim edilmesi ile ilgili karşı taraftan teyit alabilirsiniz. İyi çalışmalar.","keskinme",NULL,NULL
1303478,"14",NULL,5768,"müşteri bilgi formu yazdırma","Merhaba, altındağ ilçe müftülüğü ile maaş anlaşması yapılmıştır. masaüstünde bulunan müşteri bilgi formlarını yazdıramıyoruz. istisna talep eder iyi çalışmalar dilerim.","2","4",18271,"keskinme","2026-01-15 09:05:43.327","2026-01-15 09:08:25.063","2026-01-14 15:20:03.5","Yapılan değişikliklerin bilgisayarlarınıza yansıması için aşağıdaki linkte yer alan ""DLP Ajanı Nasıl Güncellenir?"" başlığındaki adımları uyguladıktan sonra işlemi yeniden yapmayı deneyebilirsiniz.
https://bilge.kuveytturk.com.tr/genel/24374-dlp-forcepoint-one-endpoint#dlp-ajani-nasil-guncellenir","10","3","Yapılan değişikliklerin bilgisayarlarınıza yansıması için aşağıdaki linkte yer alan ""DLP Ajanı Nasıl Güncellenir?"" başlığındaki adımları uyguladıktan sonra işlemi yeniden yapmayı deneyebilirsiniz.
https://bilge.kuveytturk.com.tr/genel/24374-dlp-forcepoint-one-endpoint#dlp-ajani-nasil-guncellenir","keskinme",NULL,NULL
1303472,"14","6",5768,"Veri Ağına Takılan Gönderim Sağlananyan Mail","Merhabalar,

Ekte bulunan mail in serbest bırakılması konusunda desteklerinizi rica eder iyi çalışmalar dilerim.","3","4",5170,"","2026-01-15 08:56:56.8","2026-01-16 03:00:33.563","2026-01-14 15:11:08.577","","1","3","","",NULL,NULL
1302281,"14",NULL,5768,"mutabakat maillerinin veri korumaya takılması hakkında","Merhaba
Dokümanda yer alan mutabakat maili veri korumaya takılmıştır. serbest bırakılması rica olunur.
iyi çalışmalar.","2","4",18271,"hatasoy","2026-01-12 11:17:12.317","2026-01-12 11:17:59.397","2026-01-12 10:49:27.423","Mailiniz 5 dakika içerisinde karşıya iletilecektir. Tekrar göndermenize gerek yoktur.","10","3","Mailiniz 5 dakika içerisinde karşıya iletilecektir. Tekrar göndermenize gerek yoktur.","hatasoy",NULL,NULL
1303318,"14",NULL,5768,"Karantina İstisna tanımı Hk.","Ekte görüntüsü bulunan mail için istisna tanımı rica ederiz.

Müşterimiz tüm banka hesap hareketlerinin excel oalrka kendilerine iletilmesi talep etmiştir. 

Bu minvalde istisna tanımı rica ederiz.","3","4",18271,"keskinme","2026-01-15 08:56:45.613","2026-01-15 09:14:19.693","2026-01-14 11:20:34.133","merhaba, gmail adresine hassas veri gönderim yapılmak istediği görülmüştür, ilgili hassas veri gönderiminin BOA üzerinden gönderilmesi veya maskeli gönderilmesinin sağlamaması hakkında bilgi verebilir misiniz?
Bu şekilde gönderilemiyorsa müşteri talebine ait bir mail olduğunu ve müşterinin BOA üzerindeki kayıtlı mailinin ekran görüntüsünü divite eklemeniz mümkün müdür?","10","3","merhaba, gmail adresine hassas veri gönderim yapılmak istediği görülmüştür, ilgili hassas veri gönderiminin BOA üzerinden gönderilmesi veya maskeli gönderilmesinin sağlamaması hakkında bilgi verebilir misiniz?
Bu şekilde gönderilemiyorsa müşteri talebine ait bir mail olduğunu ve müşterinin BOA üzerindeki kayıtlı mailinin ekran görüntüsünü divite eklemeniz mümkün müdür?","keskinme",NULL,NULL
1303535,"14",NULL,5768,"hesap ekstresi basım talebi","müşterimizin bireysel hesabına ait hesap ekstresi nasımı yapılıp müşteriye teslim edilmek istendiğinde Kurumsal Bilgi Politikalrı Güvenliği sebebi il engellenmektedir. müşterimiz yaşadığı bir mutabakatsızlığı giderek için fiziki olarak çıktıları almak istemektedir. konu hususunda yardımlarınızı rica ederiz. yazıcı markası kyocera","2","4",18271,"keskinme","2026-01-15 08:16:09.073","2026-01-15 09:11:49.593","2026-01-14 17:18:43.37","merhaba Fatih bey, özel nitelikli kişisel verilerin olduğu dokümanı çıktı alınması ile ilgili iş kapsamınız hakkında bilgilendirme alabilir miyiz?","10","3","merhaba Fatih bey, özel nitelikli kişisel verilerin olduğu dokümanı çıktı alınması ile ilgili iş kapsamınız hakkında bilgilendirme alabilir miyiz?","keskinme",NULL,NULL
1303455,"14",NULL,5768,"Veri korumaya takılan mail hk. (ACİL)","Merhaba,

Ekte iletmiş olduğum excel listelerinin kiğılı firmasına mail olarak iletilmesi gerekmektedir. Firma şikayeti oluşmaması için iveedi desteklerinizi rica ederim.

İyi çalışmalar.

Mail içeriği:
Merhaba Yeliz Hanım,

Aralık ayı hesap ekstresi raporunuz ekte iletilmiştir. En son satırda sarı renkle belirtilmiş alan yapmış olduğunuz
satış-iade farkıdır. (Net Tutar) 

İkinci dosyada iletmiş olduğum işlem detay raporlarınızda hem satış hemde iade işlemleriniz + değerle yazıldığı için fark oluşmaktadır. İlgili listede G sütunundaki “İşlem Etkisi” alanı satışları ve iadeleri göstermektedir. 
İlgili alanda;
D=Satış 
C=iade
işlemlerini tanımlamaktadır. Hesap ekstresi raporundaki sarı alanla işaretlenmiş tutar ile net tutar  D-C Farkı eşittir. 

Kontrol edebilirsiniz. İyi çalışmalar.","2","4",18271,"hatasoy","2026-01-14 15:06:05.523","2026-01-14 15:07:18.97","2026-01-14 14:50:12.81","Mailiniz 5 dakika içerisinde karşıya iletilecektir. Tekrar göndermenize gerek yoktur.","10","3","Mailiniz 5 dakika içerisinde karşıya iletilecektir. Tekrar göndermenize gerek yoktur.","hatasoy",NULL,NULL
1303456,"14",NULL,5768,"ereğli ünallar mail","selamlar
ekteki maili müşterimize iletmek istiyoruz. firmanın internet yetki süreleri uzayacağı için evraklara ihtiyacımız vardır. maili gönderir misiniz?","2","4",18271,"keskinme","2026-01-14 14:57:13.12","2026-01-14 14:58:33.537","2026-01-14 14:52:45.14","Merhaba, açıklamaya istinaden mailiniz serbest bırakılmıştır/karşı tarafa gönderilmiştir. Konu ile ilgili ek bir aksiyon almanıza gerek bulunmamaktadır(tekrar maili göndermeye çalışmanıza gerek bulunmamaktadır). Mailin teslim edilmesi ile ilgili karşı taraftan teyit alabilirsiniz. İyi çalışmalar.","10","3","Merhaba, açıklamaya istinaden mailiniz serbest bırakılmıştır/karşı tarafa gönderilmiştir. Konu ile ilgili ek bir aksiyon almanıza gerek bulunmamaktadır(tekrar maili göndermeye çalışmanıza gerek bulunmamaktadır). Mailin teslim edilmesi ile ilgili karşı taraftan teyit alabilirsiniz. İyi çalışmalar.","keskinme",NULL,NULL
1303436,"14",NULL,5768,"MAİL İSTİSNA TALEBİ","Merhaba şahsi mail adresime gönderdiğim evrak şahsi araç alımı için gerekli proforma faturadır. pdf yapmak için bilgisayarda düzenlenmiştir. serbest bırakılması için yardımınızı rica ederim.","2","4",18271,"keskinme","2026-01-14 14:54:53.133","2026-01-14 14:57:00.823","2026-01-14 14:33:08.717","Merhaba, açıklamaya istinaden mailiniz serbest bırakılmıştır/karşı tarafa gönderilmiştir. Konu ile ilgili ek bir aksiyon almanıza gerek bulunmamaktadır(tekrar maili göndermeye çalışmanıza gerek bulunmamaktadır). Mailin teslim edilmesi ile ilgili karşı taraftan teyit alabilirsiniz. İyi çalışmalar.","10","3","Merhaba, açıklamaya istinaden mailiniz serbest bırakılmıştır/karşı tarafa gönderilmiştir. Konu ile ilgili ek bir aksiyon almanıza gerek bulunmamaktadır(tekrar maili göndermeye çalışmanıza gerek bulunmamaktadır). Mailin teslim edilmesi ile ilgili karşı taraftan teyit alabilirsiniz. İyi çalışmalar.","keskinme",NULL,NULL
1303430,"14",NULL,5768,"hasas veri","Merhaba, sm@sm-yildirimhukuk.com  adresi yerel avukatımız, dosyasına baktıgı bir müşteri ile ilgili hasas veri uyarısı aldık. maili iletmemiz gerekmektedir. destek rica ederiz.","2","4",18271,"keskinme","2026-01-14 14:53:51.677","2026-01-14 14:54:41.713","2026-01-14 14:24:51.05","Merhaba, açıklamaya istinaden mailiniz serbest bırakılmıştır/karşı tarafa gönderilmiştir. Konu ile ilgili ek bir aksiyon almanıza gerek bulunmamaktadır(tekrar maili göndermeye çalışmanıza gerek bulunmamaktadır). Mailin teslim edilmesi ile ilgili karşı taraftan teyit alabilirsiniz. İyi çalışmalar.","10","3","Merhaba, açıklamaya istinaden mailiniz serbest bırakılmıştır/karşı tarafa gönderilmiştir. Konu ile ilgili ek bir aksiyon almanıza gerek bulunmamaktadır(tekrar maili göndermeye çalışmanıza gerek bulunmamaktadır). Mailin teslim edilmesi ile ilgili karşı taraftan teyit alabilirsiniz. İyi çalışmalar.","keskinme",NULL,NULL
1303420,"14",NULL,5768,"Muhammet Pişgin <mpisgin@bddk.org.tr>yagmur.ince@tasarruforg.com>","Merhaba

Bddk ve Tmsf murakıplarına gönderilen mail istisna tanımlamasını rica ederiz.Konu ivedidir.

İyi çalışmalar.","2","4",18271,"keskinme","2026-01-14 14:52:32.177","2026-01-14 14:53:41.657","2026-01-14 14:14:58.49","Merhaba, açıklamaya istinaden mailiniz serbest bırakılmıştır/karşı tarafa gönderilmiştir. Konu ile ilgili ek bir aksiyon almanıza gerek bulunmamaktadır(tekrar maili göndermeye çalışmanıza gerek bulunmamaktadır). Mailin teslim edilmesi ile ilgili karşı taraftan teyit alabilirsiniz. İyi çalışmalar.","10","3","Merhaba, açıklamaya istinaden mailiniz serbest bırakılmıştır/karşı tarafa gönderilmiştir. Konu ile ilgili ek bir aksiyon almanıza gerek bulunmamaktadır(tekrar maili göndermeye çalışmanıza gerek bulunmamaktadır). Mailin teslim edilmesi ile ilgili karşı taraftan teyit alabilirsiniz. İyi çalışmalar.","keskinme",NULL,NULL
1303113,"14",NULL,5768,"mail gönderimi","ekteki mail hassas veriye takılmakta olup Bağımsız Denetim Mutabakatıdır. Mailin gönderilmesi hususunda desteklerinizi rica ederiz.","2","4",18271,"keskinme","2026-01-14 09:35:44.293","2026-01-14 09:35:54.52","2026-01-13 19:41:18.91","Merhaba, açıklamaya istinaden mailiniz serbest bırakılmıştır/karşı tarafa gönderilmiştir. Konu ile ilgili ek bir aksiyon almanıza gerek bulunmamaktadır(tekrar maili göndermeye çalışmanıza gerek bulunmamaktadır). Mailin teslim edilmesi ile ilgili karşı taraftan teyit alabilirsiniz. İyi çalışmalar.","10","3","Merhaba, açıklamaya istinaden mailiniz serbest bırakılmıştır/karşı tarafa gönderilmiştir. Konu ile ilgili ek bir aksiyon almanıza gerek bulunmamaktadır(tekrar maili göndermeye çalışmanıza gerek bulunmamaktadır). Mailin teslim edilmesi ile ilgili karşı taraftan teyit alabilirsiniz. İyi çalışmalar.","keskinme",NULL,NULL
1303417,"14",NULL,5768,"Müşteriye mail gönderimi","Merhaba, 90050012-İHLAS HOLDİNG müşterimize hazırlanan banka mutabakat formunu Murat.Biyikli@ihlas.com.tr mail adresine göndermemiz gerekmektedir. İstisna tanımlanması için yardımlarınızı rica ederiz.","2","4",18271,"keskinme","2026-01-14 14:51:32.323","2026-01-14 14:52:21.613","2026-01-14 14:09:46.797","Merhaba, açıklamaya istinaden mailiniz serbest bırakılmıştır/karşı tarafa gönderilmiştir. Konu ile ilgili ek bir aksiyon almanıza gerek bulunmamaktadır(tekrar maili göndermeye çalışmanıza gerek bulunmamaktadır). Mailin teslim edilmesi ile ilgili karşı taraftan teyit alabilirsiniz. İyi çalışmalar.","10","3","Merhaba, açıklamaya istinaden mailiniz serbest bırakılmıştır/karşı tarafa gönderilmiştir. Konu ile ilgili ek bir aksiyon almanıza gerek bulunmamaktadır(tekrar maili göndermeye çalışmanıza gerek bulunmamaktadır). Mailin teslim edilmesi ile ilgili karşı taraftan teyit alabilirsiniz. İyi çalışmalar.","keskinme",NULL,NULL
1303413,"14",NULL,5768,"Mail gönderim istisna hk.","Merhaba,

Dosya çalışmamıza istinaden dökümanlarda yer alan maili bölge tahsis ekibine paylaşmaya çalışmaktayım.

İstisna tanımı hususunda yardımlarınızı arz ederim.

İyi Çalışmalar","2","4",18271,"keskinme","2026-01-14 14:37:56.113","2026-01-15 09:04:51.453","2026-01-14 14:04:25.973","merhaba, Yapılan değişikliklerin bilgisayarlarınıza yansıması için aşağıdaki linkte yer alan ""DLP Ajanı Nasıl Güncellenir?"" başlığındaki adımları uyguladıktan sonra işlemi yeniden yapmayı deneyebilirsiniz.
https://bilge.kuveytturk.com.tr/genel/24374-dlp-forcepoint-one-endpoint#dlp-ajani-nasil-guncellenir","10","3","merhaba, Yapılan değişikliklerin bilgisayarlarınıza yansıması için aşağıdaki linkte yer alan ""DLP Ajanı Nasıl Güncellenir?"" başlığındaki adımları uyguladıktan sonra işlemi yeniden yapmayı deneyebilirsiniz.
https://bilge.kuveytturk.com.tr/genel/24374-dlp-forcepoint-one-endpoint#dlp-ajani-nasil-guncellenir","keskinme",NULL,NULL
1303386,"14",NULL,5768,"Ekstre gönderimi hk.","Merhaba, ekteki maili veri güvenliğinden dolayı müşterimize gönderemedik. İstisna tanımlaması için yardımlarınızı rica ederim.","2","4",18271,"keskinme","2026-01-14 14:36:31.16","2026-01-14 14:37:45.313","2026-01-14 13:40:49.927","Merhaba, açıklamaya istinaden mailiniz serbest bırakılmıştır/karşı tarafa gönderilmiştir. Konu ile ilgili ek bir aksiyon almanıza gerek bulunmamaktadır(tekrar maili göndermeye çalışmanıza gerek bulunmamaktadır). Mailin teslim edilmesi ile ilgili karşı taraftan teyit alabilirsiniz. İyi çalışmalar.","10","3","Merhaba, açıklamaya istinaden mailiniz serbest bırakılmıştır/karşı tarafa gönderilmiştir. Konu ile ilgili ek bir aksiyon almanıza gerek bulunmamaktadır(tekrar maili göndermeye çalışmanıza gerek bulunmamaktadır). Mailin teslim edilmesi ile ilgili karşı taraftan teyit alabilirsiniz. İyi çalışmalar.","keskinme",NULL,NULL
1303357,"14",NULL,5768,"TOGG KREDİ ÖN ONAY YAZISI","Merhaba, müşterimiz TOGG finansmanı kullanmıştır. Ekteki maildeki yazıyı TOGG'a göndermesi için kendisine iletiyoruz. Veri istisna tanımlamasını olurlarınıza sunarız.","2","4",18271,"keskinme","2026-01-14 14:35:11.947","2026-01-14 15:44:28.887","2026-01-14 12:19:39.997","Merhaba, açıklamaya istinaden mailiniz serbest bırakılmıştır/karşı tarafa gönderilmiştir. Konu ile ilgili ek bir aksiyon almanıza gerek bulunmamaktadır(tekrar maili göndermeye çalışmanıza gerek bulunmamaktadır). Mailin teslim edilmesi ile ilgili karşı taraftan teyit alabilirsiniz. İyi çalışmalar.","10","3","Merhaba, açıklamaya istinaden mailiniz serbest bırakılmıştır/karşı tarafa gönderilmiştir. Konu ile ilgili ek bir aksiyon almanıza gerek bulunmamaktadır(tekrar maili göndermeye çalışmanıza gerek bulunmamaktadır). Mailin teslim edilmesi ile ilgili karşı taraftan teyit alabilirsiniz. İyi çalışmalar.","keskinme",NULL,NULL
1303346,"14",NULL,5768,"mail gönderimi","ekte bulunan mail bağımsız denetleme firmasına gönderilen müşteri mutabakatına istinaden imza sirküleri göndermek için atılmış olup hassas veriye takılmıştır. Mailin gönderimi hususunda değerli desteklerinizi rica ederiz.","2","4",18271,"keskinme","2026-01-14 14:33:42.21","2026-01-14 14:34:59.16","2026-01-14 11:56:20.387","Merhaba, açıklamaya istinaden mailiniz serbest bırakılmıştır/karşı tarafa gönderilmiştir. Konu ile ilgili ek bir aksiyon almanıza gerek bulunmamaktadır(tekrar maili göndermeye çalışmanıza gerek bulunmamaktadır). Mailin teslim edilmesi ile ilgili karşı taraftan teyit alabilirsiniz. İyi çalışmalar.","10","3","Merhaba, açıklamaya istinaden mailiniz serbest bırakılmıştır/karşı tarafa gönderilmiştir. Konu ile ilgili ek bir aksiyon almanıza gerek bulunmamaktadır(tekrar maili göndermeye çalışmanıza gerek bulunmamaktadır). Mailin teslim edilmesi ile ilgili karşı taraftan teyit alabilirsiniz. İyi çalışmalar.","keskinme",NULL,NULL
1303320,"14",NULL,5768,"Hesap ekstresi çıkarma yetkisi Hk.","Merhabalar,
99801023 - YYT EMİN KUYUMCULUK İNŞAAT SANAYİ VE TİCARET LİMİT şirketinin yetkililerinden Yener Yıldız bey yurt dışına çıkış yapacağı için konsolosluğu beyan etmek üzere şirketin ekim ayın da itibari ile hesap ekstrelerini talep etmektedir. 
İlgili hesap ekstrelerinin çıktı alınabilmesi için yetkilnedirme hususunda yardımlarınız arz / rica olunur.
İşlemin aciliyeti mevcuttur.","2","4",18271,"keskinme","2026-01-14 14:31:27.07","2026-01-14 14:33:31.04","2026-01-14 11:20:17.223","Yapılan değişikliklerin bilgisayarlarınıza yansıması için aşağıdaki linkte yer alan ""DLP Ajanı Nasıl Güncellenir?"" başlığındaki adımları uyguladıktan sonra işlemi yeniden yapmayı deneyebilirsiniz.
https://bilge.kuveytturk.com.tr/genel/24374-dlp-forcepoint-one-endpoint#dlp-ajani-nasil-guncellenir","10","3","Yapılan değişikliklerin bilgisayarlarınıza yansıması için aşağıdaki linkte yer alan ""DLP Ajanı Nasıl Güncellenir?"" başlığındaki adımları uyguladıktan sonra işlemi yeniden yapmayı deneyebilirsiniz.
https://bilge.kuveytturk.com.tr/genel/24374-dlp-forcepoint-one-endpoint#dlp-ajani-nasil-guncellenir","keskinme",NULL,NULL
1303313,"14",NULL,5768,"Unsan Un - FYY Sözleşmesi hk.","MErhaba, 

Ekli başlıklı mail veri güvenliğine takılmıştır. Firma finansal yeniden yapılandırma sürecinde olduğu için alacaklı bankalar arasında imzalanacak sözleşmeye firma iban bilgileri eklenecektir. İş akışlarımız kapsamında olup mailin serbest bırakılmasını talep ederiz.","2","4",18271,"keskinme","2026-01-14 14:29:48.17","2026-01-14 14:31:15.273","2026-01-14 11:04:33.02","Merhaba, açıklamaya istinaden mailiniz serbest bırakılmıştır/karşı tarafa gönderilmiştir. Konu ile ilgili ek bir aksiyon almanıza gerek bulunmamaktadır(tekrar maili göndermeye çalışmanıza gerek bulunmamaktadır). Mailin teslim edilmesi ile ilgili karşı taraftan teyit alabilirsiniz. İyi çalışmalar.","10","3","Merhaba, açıklamaya istinaden mailiniz serbest bırakılmıştır/karşı tarafa gönderilmiştir. Konu ile ilgili ek bir aksiyon almanıza gerek bulunmamaktadır(tekrar maili göndermeye çalışmanıza gerek bulunmamaktadır). Mailin teslim edilmesi ile ilgili karşı taraftan teyit alabilirsiniz. İyi çalışmalar.","keskinme",NULL,NULL
1302171,"14",NULL,5768,"mail için hassas veri istisna hk","merhaba müşterimizin sisteme pdf swift yüklemesi gerektiğinden ekli mailin ulşması içn serbest bırkaılması / istisna tanımlama yapılması için yardmlarınızı rica ederiz.","2","4",18271,"hatasoy","2026-01-12 12:21:49.053","2026-01-12 12:22:04.72","2026-01-12 09:21:05.6","Mailiniz 5 dakika içerisinde karşıya iletilecektir. Tekrar göndermenize gerek yoktur.","10","3","Mailiniz 5 dakika içerisinde karşıya iletilecektir. Tekrar göndermenize gerek yoktur.","hatasoy",NULL,NULL
1303309,"14",NULL,5768,"Mail istisna hk.","Merhaba,

Eşimin eş durumundan tayin sebebiyle milli eğitim bakanlığıunın istemiş olduğu evrakları mail atmam gerekiyor ancak veri koruma nedeniyle gönderemiyorum. Yardımlarınızı rica ederim. Mail gönderilecek adresler aşağıdadır.

'yenisuilkokulu@gmail.com'
'esener_merve@hotmail.com'","2","4",18271,"keskinme","2026-01-14 14:29:05.413","2026-01-14 15:05:07.467","2026-01-14 11:02:15.48","Merhaba, açıklamaya istinaden mailiniz serbest bırakılmıştır/karşı tarafa gönderilmiştir. Konu ile ilgili ek bir aksiyon almanıza gerek bulunmamaktadır(tekrar maili göndermeye çalışmanıza gerek bulunmamaktadır). Mailin teslim edilmesi ile ilgili karşı taraftan teyit alabilirsiniz. İyi çalışmalar.","10","3","Merhaba, açıklamaya istinaden mailiniz serbest bırakılmıştır/karşı tarafa gönderilmiştir. Konu ile ilgili ek bir aksiyon almanıza gerek bulunmamaktadır(tekrar maili göndermeye çalışmanıza gerek bulunmamaktadır). Mailin teslim edilmesi ile ilgili karşı taraftan teyit alabilirsiniz. İyi çalışmalar.","keskinme",NULL,NULL
1303278,"14",NULL,5768,"Avukatlara gönderilen maillerin sisteme takılması hk.","Merhaba, Servisimiz iş süreçleri gereği sürekli olarak anlaşmalı avukatlarımız(sözleşmeli hukuk büroları) ile mailleşmeler yapmaktadır. Atılan maillerde sözleşmeler, protokoller ve evraklar ekte bulunmaktadır. Ancak son dönemde avukatlarımıza mail göndermek istediğimizde sürekli olarak hata almaktayız veya politika ihlal edildi şeklinde mailler gelmektedir. İşlemlerimiz aksamaktadır, konuyla alakalı olarak ivedi yardımcı olabilir misiniz? Teşekkürler.
Avukatla imzalanan sözleşmeler divittedir.","2","4",18271,"keskinme","2026-01-14 14:26:42.43","2026-01-14 15:03:49.64","2026-01-14 10:31:29.54","Merhaba, gizlilik sözlemesine istinaden mailiniz serbest bırakılmıştır/karşı tarafa gönderilmiştir. Konu ile ilgili ek bir aksiyon almanıza gerek bulunmamaktadır(tekrar maili göndermeye çalışmanıza gerek bulunmamaktadır). Mailin teslim edilmesi ile ilgili karşı taraftan teyit alabilirsiniz. İyi çalışmalar.","10","3","Merhaba, gizlilik sözlemesine istinaden mailiniz serbest bırakılmıştır/karşı tarafa gönderilmiştir. Konu ile ilgili ek bir aksiyon almanıza gerek bulunmamaktadır(tekrar maili göndermeye çalışmanıza gerek bulunmamaktadır). Mailin teslim edilmesi ile ilgili karşı taraftan teyit alabilirsiniz. İyi çalışmalar.","keskinme",NULL,NULL
1303257,"14",NULL,5768,"mutabakat maillerinin veri korumaya takılması hakkında","Merhaba
Dokümanda yer alan mutabakat maili veri korumaya takılmıştır. serbest bırakılması rica olunur.
iyi çalışmalar.","2","4",18271,"keskinme","2026-01-14 14:25:13.487","2026-01-14 14:26:30.683","2026-01-14 10:10:34.73","Merhaba, açıklamaya istinaden mailiniz serbest bırakılmıştır/karşı tarafa gönderilmiştir. Konu ile ilgili ek bir aksiyon almanıza gerek bulunmamaktadır(tekrar maili göndermeye çalışmanıza gerek bulunmamaktadır). Mailin teslim edilmesi ile ilgili karşı taraftan teyit alabilirsiniz. İyi çalışmalar.","10","3","Merhaba, açıklamaya istinaden mailiniz serbest bırakılmıştır/karşı tarafa gönderilmiştir. Konu ile ilgili ek bir aksiyon almanıza gerek bulunmamaktadır(tekrar maili göndermeye çalışmanıza gerek bulunmamaktadır). Mailin teslim edilmesi ile ilgili karşı taraftan teyit alabilirsiniz. İyi çalışmalar.","keskinme",NULL,NULL
1303248,"14",NULL,5768,"mail gitmemesi hk","merhaba müşterimiz kemal_sahin_04@hotmail.com kendi mali verileri tekrardan kendisine gönderilmesini ısrarla istemektedir.Müşterimizin kendi bilgilerinin kendisi ile paylaşılması hususunda yetki verilmesini arz ederim.
Bu vesileyle hayırlı çalışmalar dilerim.","2","4",18271,"keskinme","2026-01-14 14:24:07.573","2026-01-14 14:24:59.603","2026-01-14 10:02:28.333","merhaba, hotmail  adresine hassas veri gönderim yapılmak istediği görülmüştür, ilgili hassas veri gönderiminin BOA üzerinden gönderilmesi veya maskeli gönderilmesinin sağlamaması hakkında bilgi verebilir misiniz?
Bu şekilde gönderilemiyorsa müşteri talebine ait bir mail olduğunu ve müşterinin BOA üzerindeki kayıtlı mailinin ekran görüntüsünü divite eklemeniz mümkün müdür?","10","3","merhaba, hotmail  adresine hassas veri gönderim yapılmak istediği görülmüştür, ilgili hassas veri gönderiminin BOA üzerinden gönderilmesi veya maskeli gönderilmesinin sağlamaması hakkında bilgi verebilir misiniz?
Bu şekilde gönderilemiyorsa müşteri talebine ait bir mail olduğunu ve müşterinin BOA üzerindeki kayıtlı mailinin ekran görüntüsünü divite eklemeniz mümkün müdür?","keskinme",NULL,NULL
1303160,"14",NULL,5768,"Bağımsız denetim veri paylaşımı","Merhaba,

Bağımsız denetim ekibine veri göndermek istediğimde ekteki ekran görüntüsündeki engellemeyi almaktayım. Kendileri ile sözleşmemiz bulunduğu için her dönem ilgili verileri kendilerine göndermekteyiz. İstisna tanımlanmasını rica ederiz.","3","4",18271,"keskinme","2026-01-14 11:22:00.077","2026-01-14 14:23:49.763","2026-01-14 08:40:29.607","Merhaba, açıklamaya istinaden mailiniz serbest bırakılmıştır/karşı tarafa gönderilmiştir. Konu ile ilgili ek bir aksiyon almanıza gerek bulunmamaktadır(tekrar maili göndermeye çalışmanıza gerek bulunmamaktadır). Mailin teslim edilmesi ile ilgili karşı taraftan teyit alabilirsiniz. İyi çalışmalar.","10","3","Merhaba, açıklamaya istinaden mailiniz serbest bırakılmıştır/karşı tarafa gönderilmiştir. Konu ile ilgili ek bir aksiyon almanıza gerek bulunmamaktadır(tekrar maili göndermeye çalışmanıza gerek bulunmamaktadır). Mailin teslim edilmesi ile ilgili karşı taraftan teyit alabilirsiniz. İyi çalışmalar.","keskinme",NULL,NULL
1303315,"14",NULL,5768,"hesap ekstresi yazdırma","müşterimiz olan bir dernek hesabının,
1 yıllık hesap ekstresini yazdırıp, valiliğe teslim edilmek üzere kaşe imza yapmamız gerekmektedir. 
ancak sistem veri güvenliği sebebiyle yazdırma işlemine uygunluk vermemektedir. konuyla alakalı desteklerinizi rica ederiz.","2","4",18271,"keskinme","2026-01-14 11:16:32.887","2026-01-14 15:06:38.117","2026-01-14 11:11:46.83","merhaba, çıktı olarak hassas veri paylaşımı yapılmak istediği görülmüştür, hesap ekstreleri mail kanalı üzerinden değil BOA ekranı üzerinden gönderilmektedir.
Hesap ekstresi neden BOA ekranından gönderilemediğine dair bilgi iletebilir misiniz?
 müşteri ait bir mail olduğunu ve müşterinin talebi ile ilgili olduğunu divite eklemeniz mümkün müdür?","10","3","merhaba, çıktı olarak hassas veri paylaşımı yapılmak istediği görülmüştür, hesap ekstreleri mail kanalı üzerinden değil BOA ekranı üzerinden gönderilmektedir.
Hesap ekstresi neden BOA ekranından gönderilemediğine dair bilgi iletebilir misiniz?
 müşteri ait bir mail olduğunu ve müşterinin talebi ile ilgili olduğunu divite eklemeniz mümkün müdür?","keskinme",NULL,NULL
1303186,"14",NULL,5768,"Hesap Ektresi Çıktısı Hk.","Eşim ve çocuklarıma ait hesapların hesapk ekstresi çıktısını almak için istisna tanımı için desteklerinizi rica ederim.","2","4",18271,"keskinme","2026-01-14 09:36:03.603","2026-01-14 15:01:54.46","2026-01-14 09:10:05.187","Yapılan değişikliklerin bilgisayarlarınıza yansıması için aşağıdaki linkte yer alan ""DLP Ajanı Nasıl Güncellenir?"" başlığındaki adımları uyguladıktan sonra işlemi yeniden yapmayı deneyebilirsiniz.
https://bilge.kuveytturk.com.tr/genel/24374-dlp-forcepoint-one-endpoint#dlp-ajani-nasil-guncellenir","10","3","Yapılan değişikliklerin bilgisayarlarınıza yansıması için aşağıdaki linkte yer alan ""DLP Ajanı Nasıl Güncellenir?"" başlığındaki adımları uyguladıktan sonra işlemi yeniden yapmayı deneyebilirsiniz.
https://bilge.kuveytturk.com.tr/genel/24374-dlp-forcepoint-one-endpoint#dlp-ajani-nasil-guncellenir","keskinme",NULL,NULL
1303112,"14",NULL,5768,"mail gönderimi","ekteki mail hassas veriye takılmakta olup Bağımsız Denetim Mutabakatıdır. Mailin gönderilmesi hususunda desteklerinizi rica ederiz.","2","4",18271,"keskinme","2026-01-14 09:35:20.623","2026-01-14 09:35:33.937","2026-01-13 19:40:24.89","Merhaba, açıklamaya istinaden mailiniz serbest bırakılmıştır/karşı tarafa gönderilmiştir. Konu ile ilgili ek bir aksiyon almanıza gerek bulunmamaktadır(tekrar maili göndermeye çalışmanıza gerek bulunmamaktadır). Mailin teslim edilmesi ile ilgili karşı taraftan teyit alabilirsiniz. İyi çalışmalar.","10","3","Merhaba, açıklamaya istinaden mailiniz serbest bırakılmıştır/karşı tarafa gönderilmiştir. Konu ile ilgili ek bir aksiyon almanıza gerek bulunmamaktadır(tekrar maili göndermeye çalışmanıza gerek bulunmamaktadır). Mailin teslim edilmesi ile ilgili karşı taraftan teyit alabilirsiniz. İyi çalışmalar.","keskinme",NULL,NULL
1303111,"14",NULL,5768,"mail gönderimi","ekteki mail hassas veriye takılmakta olup Bağımsız Denetim Mutabakatıdır. Mailin gönderilmesi hususunda desteklerinizi rica ederiz.","2","4",18271,"keskinme","2026-01-14 09:32:25.103","2026-01-14 09:35:11.237","2026-01-13 19:39:33.717","Merhaba, açıklamaya istinaden mailiniz serbest bırakılmıştır/karşı tarafa gönderilmiştir. Konu ile ilgili ek bir aksiyon almanıza gerek bulunmamaktadır(tekrar maili göndermeye çalışmanıza gerek bulunmamaktadır). Mailin teslim edilmesi ile ilgili karşı taraftan teyit alabilirsiniz. İyi çalışmalar.","10","3","Merhaba, açıklamaya istinaden mailiniz serbest bırakılmıştır/karşı tarafa gönderilmiştir. Konu ile ilgili ek bir aksiyon almanıza gerek bulunmamaktadır(tekrar maili göndermeye çalışmanıza gerek bulunmamaktadır). Mailin teslim edilmesi ile ilgili karşı taraftan teyit alabilirsiniz. İyi çalışmalar.","keskinme",NULL,NULL
1303110,"14",NULL,5768,"e-posta gönderimi","ekteki mail hassas veriye takılmakta olup Bağımsız Denetim Mutabakatıdır. Mailin gönderilmesi hususunda desteklerinizi rica ederiz.","2","4",18271,"keskinme","2026-01-14 09:31:17.19","2026-01-14 09:34:55.773","2026-01-13 19:36:41.78","Merhaba, açıklamaya istinaden mailiniz serbest bırakılmıştır/karşı tarafa gönderilmiştir. Konu ile ilgili ek bir aksiyon almanıza gerek bulunmamaktadır(tekrar maili göndermeye çalışmanıza gerek bulunmamaktadır). Mailin teslim edilmesi ile ilgili karşı taraftan teyit alabilirsiniz. İyi çalışmalar.","10","3","Merhaba, açıklamaya istinaden mailiniz serbest bırakılmıştır/karşı tarafa gönderilmiştir. Konu ile ilgili ek bir aksiyon almanıza gerek bulunmamaktadır(tekrar maili göndermeye çalışmanıza gerek bulunmamaktadır). Mailin teslim edilmesi ile ilgili karşı taraftan teyit alabilirsiniz. İyi çalışmalar.","keskinme",NULL,NULL
1303146,"14",NULL,5768,"Gecikmiş Krediler Analizi Dokümanı Hk.","Merhaba,

Ekli doküman müdürlerimize sunuma yapılacak olup çıktısını yazıcıya gönderirken veri güvenliğine takılmaktayız. Veri güvenliğine takılan müşteri numarası ve ad soyad bilgisi verilerin doğruluğu açısınıdan iş akışlarımız dahilinde olup ekli dokümünın çıktısını alabilmemiz için destekleriniz bekleriz.","2","4",18271,"hatasoy","2026-01-14 09:30:42.967","2026-01-14 09:32:22.43","2026-01-14 08:27:27.593","Merhaba,
Aşağıdaki linkte yer alan ""DLP Ajanı Nasıl Güncellenir?"" başlığındaki adımları uyguladıktan sonra işlemi yeniden yapmayı dener misiniz?
https://bilge.kuveytturk.com.tr/genel/24374-dlp-forcepoint-one-endpoint","10","3","Merhaba,
Aşağıdaki linkte yer alan ""DLP Ajanı Nasıl Güncellenir?"" başlığındaki adımları uyguladıktan sonra işlemi yeniden yapmayı dener misiniz?
https://bilge.kuveytturk.com.tr/genel/24374-dlp-forcepoint-one-endpoint","hatasoy",NULL,NULL
1302976,"14",NULL,5768,"çek mutabakat excel yollama","merhaba ,
mturkmen@kadifeteks.com  finans yöneticisine çek mutabakatı için tahsildeki çeklerimizi mail atmam gerekiyor . yardımlarınızı rica ederim .","2","4",18271,"keskinme","2026-01-14 09:30:07.1","2026-01-14 09:31:06.537","2026-01-13 15:02:05.13","Merhaba, açıklamaya istinaden mailiniz serbest bırakılmıştır/karşı tarafa gönderilmiştir. Konu ile ilgili ek bir aksiyon almanıza gerek bulunmamaktadır(tekrar maili göndermeye çalışmanıza gerek bulunmamaktadır). Mailin teslim edilmesi ile ilgili karşı taraftan teyit alabilirsiniz. İyi çalışmalar.","10","3","Merhaba, açıklamaya istinaden mailiniz serbest bırakılmıştır/karşı tarafa gönderilmiştir. Konu ile ilgili ek bir aksiyon almanıza gerek bulunmamaktadır(tekrar maili göndermeye çalışmanıza gerek bulunmamaktadır). Mailin teslim edilmesi ile ilgili karşı taraftan teyit alabilirsiniz. İyi çalışmalar.","keskinme",NULL,NULL
1302910,"14",NULL,5768,"Belge iletememe","Merhaba, 
Müşterimize API Entegrasyon kapsamında ilettiğim sentetik veri içeren belgeler güvenliğe takıldı, destek olabilir misiniz?","2","4",18271,"hatasoy","2026-01-14 09:29:07.42","2026-01-14 09:30:03.093","2026-01-13 13:44:38.303","Mailiniz 5 dakika içerisinde karşıya iletilecektir. Tekrar göndermenize gerek yoktur.","10","3","Mailiniz 5 dakika içerisinde karşıya iletilecektir. Tekrar göndermenize gerek yoktur.","hatasoy",NULL,NULL
1302848,"14",NULL,5768,"İmza sirküleri hk.","Merhaba hayırlı çalışmalar,

Vize işlemlerim için imza sirküleri çıktısı almak isterke ekte yer alan engellemeyi alıyorum. Konuyla ilgili değerli yardımlarınızı rica ederim.","2","4",18271,"keskinme","2026-01-14 09:28:00.617","2026-01-14 09:29:55.253","2026-01-13 11:43:32.45","Yapılan değişikliklerin bilgisayarlarınıza yansıması için aşağıdaki linkte yer alan ""DLP Ajanı Nasıl Güncellenir?"" başlığındaki adımları uyguladıktan sonra işlemi yeniden yapmayı deneyebilirsiniz.
https://bilge.kuveytturk.com.tr/genel/24374-dlp-forcepoint-one-endpoint#dlp-ajani-nasil-guncellenir","10","3","Yapılan değişikliklerin bilgisayarlarınıza yansıması için aşağıdaki linkte yer alan ""DLP Ajanı Nasıl Güncellenir?"" başlığındaki adımları uyguladıktan sonra işlemi yeniden yapmayı deneyebilirsiniz.
https://bilge.kuveytturk.com.tr/genel/24374-dlp-forcepoint-one-endpoint#dlp-ajani-nasil-guncellenir","keskinme",NULL,NULL
1302845,"14",NULL,5768,"al mazaya","ekli mutabakat mailinin serbest bırakılmasını rica ederiz.","2","4",18271,"keskinme","2026-01-14 09:26:22.737","2026-01-14 09:27:50.307","2026-01-13 11:44:29.377","Merhaba, açıklamaya istinaden mailiniz serbest bırakılmıştır/karşı tarafa gönderilmiştir. Konu ile ilgili ek bir aksiyon almanıza gerek bulunmamaktadır(tekrar maili göndermeye çalışmanıza gerek bulunmamaktadır). Mailin teslim edilmesi ile ilgili karşı taraftan teyit alabilirsiniz. İyi çalışmalar.","10","3","Merhaba, açıklamaya istinaden mailiniz serbest bırakılmıştır/karşı tarafa gönderilmiştir. Konu ile ilgili ek bir aksiyon almanıza gerek bulunmamaktadır(tekrar maili göndermeye çalışmanıza gerek bulunmamaktadır). Mailin teslim edilmesi ile ilgili karşı taraftan teyit alabilirsiniz. İyi çalışmalar.","keskinme",NULL,NULL
1302834,"14",NULL,5768,"mutabakat belgeleri","merhaba,

ekteki belgeler firmanın bağımsız denetim tarafından istenilen evrakları olduğu için mail izni hakkında yardımlarınızı arz ederim.","2","4",18271,"hatasoy","2026-01-14 09:01:18.313","2026-01-14 09:03:24.59","2026-01-13 11:33:21.027","Mailiniz 5 dakika içerisinde karşıya iletilecektir. Tekrar göndermenize gerek yoktur.","10","3","Mailiniz 5 dakika içerisinde karşıya iletilecektir. Tekrar göndermenize gerek yoktur.","hatasoy",NULL,NULL
1301493,"14",NULL,5768,"93919468 - ÇAYIROVA ULU CAMİİ YAPTIRMA VE YAŞATMA DERNEĞİ ekstre gönderimi hk.","Merhaba,

Dernek hesabının ekstresi için kayıtlı olan mail adresi muhasebe141@hotmail.com manuel gönderim için istisna tanımlanmasını rica ederiz. Aynı mail adresi sitemde farklı kişilerde de kayıtlı olduğu için silme işlemi yapamıyoruz. İyi çalışmalar.","2","4",18271,"hatasoy","2026-01-12 11:20:17.977","2026-01-12 11:20:39.283","2026-01-08 15:21:05.907","Mailiniz 5 dakika içerisinde karşıya iletilecektir. Tekrar göndermenize gerek yoktur.","10","3","Mailiniz 5 dakika içerisinde karşıya iletilecektir. Tekrar göndermenize gerek yoktur.","hatasoy",NULL,NULL
1302757,"14",NULL,5768,"82 Salı pazarı bdr mail hk.","Merhaba,
82 Salı pazarı bdr mail çıkamıyoruz, yetki tanımlanmasını rica ederiz.","2","4",18271,"keskinme","2026-01-13 16:22:37.243","2026-01-14 10:06:13.76","2026-01-13 10:06:34.26","Merhaba, açıklamaya istinaden mailiniz serbest bırakılmıştır/karşı tarafa gönderilmiştir. Konu ile ilgili ek bir aksiyon almanıza gerek bulunmamaktadır(tekrar maili göndermeye çalışmanıza gerek bulunmamaktadır). Mailin teslim edilmesi ile ilgili karşı taraftan teyit alabilirsiniz. İyi çalışmalar.","10","3","Merhaba, açıklamaya istinaden mailiniz serbest bırakılmıştır/karşı tarafa gönderilmiştir. Konu ile ilgili ek bir aksiyon almanıza gerek bulunmamaktadır(tekrar maili göndermeye çalışmanıza gerek bulunmamaktadır). Mailin teslim edilmesi ile ilgili karşı taraftan teyit alabilirsiniz. İyi çalışmalar.","keskinme",NULL,NULL
1302833,"14",NULL,5768,"Firmalara Ses Dosyası Gönderimi hk.","Merhaba; Ses çözümü konusunda firmalarla görüşüyoruz ve denemeler yapmak istiyoruz. Ekte bulunan ses dosyalarını firmalara göndermeye çalıştığımda engelleniyor. Yardımcı olabilir misiniz?","3","4",18271,"keremt","2026-01-13 15:01:05.633","2026-01-19 11:59:32.067","2026-01-13 11:21:18.877","Merhaba, karantinaya takılan mailiniz serbest bırakılmıştır. 10 dk içerisinde mail karşı tarafa ulaşacaktır. Maili tekrar göndermenize gerek yoktur.","10","3","Merhaba, karantinaya takılan mailiniz serbest bırakılmıştır. 10 dk içerisinde mail karşı tarafa ulaşacaktır. Maili tekrar göndermenize gerek yoktur.","keremt",NULL,NULL
1302840,"14",NULL,5768,"mail iletimi","Sayın ilgili, ekli mail veri güvenliğine takılmış olup sözleşmeli hukuk büromuza iletimi gerekmektedir. mail gönderimi için yardımlarınızı rica ederiz.
Yıldırım Hukuk <sm@sm-yildirimhukuk.com>","3","4",18271,"keskinme","2026-01-13 14:49:11.43","2026-01-14 09:24:44.57","2026-01-13 11:37:06.617","Merhaba, açıklamaya istinaden mailiniz serbest bırakılmıştır/karşı tarafa gönderilmiştir. Konu ile ilgili ek bir aksiyon almanıza gerek bulunmamaktadır(tekrar maili göndermeye çalışmanıza gerek bulunmamaktadır). Mailin teslim edilmesi ile ilgili karşı taraftan teyit alabilirsiniz. İyi çalışmalar.","10","3","Merhaba, açıklamaya istinaden mailiniz serbest bırakılmıştır/karşı tarafa gönderilmiştir. Konu ile ilgili ek bir aksiyon almanıza gerek bulunmamaktadır(tekrar maili göndermeye çalışmanıza gerek bulunmamaktadır). Mailin teslim edilmesi ile ilgili karşı taraftan teyit alabilirsiniz. İyi çalışmalar.","keskinme",NULL,NULL
1302721,"14",NULL,5768,"Yazıcı Çıktı Hk","Veri Sızıntısı Önleme (DLP) sistemimiz tarafından gerçekleştirilen incelemeler sonucu, 2026-01-13 09:27:39 tarihinde \\splprinter\GM-CMFP-04 adresine KVKK (Kişisel Verilerin Korunması Kanunu) kapsamında hassas veri gönderildiği tespit edilmiştir. Gönderilmek istenen içerikte müşteri numarası ve ad-soyad hassas verilerin olduğu görülmektedir.  uyarısına istinaden yardımlarınızı rica ederim.","2","4",18271,"keskinme","2026-01-13 14:37:56.03","2026-01-13 16:21:48.82","2026-01-13 09:36:05.25","Merhaba Özge hanım, müşteri ismi ve müşteri numarası barındıran dokümanın çıktı alınması ile ilgili iş kapsamınız hakkında kısaca bilgi iletmeniz mümkün müdür?","10","3","Merhaba Özge hanım, müşteri ismi ve müşteri numarası barındıran dokümanın çıktı alınması ile ilgili iş kapsamınız hakkında kısaca bilgi iletmeniz mümkün müdür?","keskinme",NULL,NULL
1302716,"14",NULL,5768,"veri koruma uyarısı","geçici klasöre yüklemek istediğim data için veri koruma uyarıları alıyorum, denetçi talebi için yüklemem gerekiyor. Yardımcı olabilir misiniz?","2","4",18271,"keskinme","2026-01-13 14:36:48.577","2026-01-13 14:37:46.403","2026-01-13 09:33:37.887","Merhaba, geçici klasör hassas verilerin bulunduğu bir ortam olmamalıdır, bu işlem için ekip ortak alan klasörü veya SFTP ortamlarından veri paylaşılmalıdır.","10","3","Merhaba, geçici klasör hassas verilerin bulunduğu bir ortam olmamalıdır, bu işlem için ekip ortak alan klasörü veya SFTP ortamlarından veri paylaşılmalıdır.","keskinme",NULL,NULL
1302837,"14",NULL,5768,"Mail Karantina","Siberson firmasına keşif tarafında yaşanılan bir sorunu iletmek için bir mail gönderilmek istenmiştir. Ekteki dosya veri sahibinin bilgisi dahilindedir.","2","4",18271,"hatasoy","2026-01-13 11:38:42.963","2026-01-13 11:42:01.453","2026-01-13 11:34:02.997","Mailiniz karşıya iletilmiştir.","10","3","Mailiniz karşıya iletilmiştir.","hatasoy",NULL,NULL
1302628,"14",NULL,5768,"Veri Paylaşımı","Merhaba,
Protokol imzaladığımız müşterimiz Proemtia ile vari paylaşımı için istisna talebimiz bulunuyor.

iyi çalışmalar.","2","4",18271,"keskinme","2026-01-13 11:33:45.877","2026-01-13 11:34:57.43","2026-01-13 08:28:56.95","merhaba, işlemi tekrar deneyebilir misiniz?","10","3","merhaba, işlemi tekrar deneyebilir misiniz?","keskinme",NULL,NULL
1302577,"14",NULL,5768,"Yıl sonu ekstre ve mutabakat için","Merhaba ; 

12/01/2026 tarihinde kiymet.ozdemir@itcturkiye.com, finans@itcturkiye.com adreslerine yıl sonu işlemleri ile iglili mutabakat gönderilmek istenmektedir. Serbest bırakılması konusunda yardımlarınızı talep ederiz.","2","4",18271,"keskinme","2026-01-13 10:54:39.53","2026-01-13 11:11:48.06","2026-01-12 17:34:29.757","Merhaba, açıklamaya istinaden mailiniz serbest bırakılmıştır/karşı tarafa gönderilmiştir. Konu ile ilgili ek bir aksiyon almanıza gerek bulunmamaktadır(tekrar maili göndermeye çalışmanıza gerek bulunmamaktadır). Mailin teslim edilmesi ile ilgili karşı taraftan teyit alabilirsiniz. İyi çalışmalar.","10","3","Merhaba, açıklamaya istinaden mailiniz serbest bırakılmıştır/karşı tarafa gönderilmiştir. Konu ile ilgili ek bir aksiyon almanıza gerek bulunmamaktadır(tekrar maili göndermeye çalışmanıza gerek bulunmamaktadır). Mailin teslim edilmesi ile ilgili karşı taraftan teyit alabilirsiniz. İyi çalışmalar.","keskinme",NULL,NULL
1302572,"14",NULL,5768,"Apaydın Grup FYY // FYY Sözleşmesi","Merhaba, 

Ekli mail, Finansal Yeniden Yapılandırma Sözleşeme yazım aşamasında olan firmamızın bilgi, belge ve taleplerinin Alacaklı Kuruluşlar arasında paylaşılarak görüş birliğine varılması için önem arz etmektedir. Bu aşamada Alacaklı kuruluşlar arasında bazı hassas bilgilerin paylaşılması iş akışlarımız dahilindedir. Mailin iletilmesi için desteğinizi ivadelikle talep ederiz. 

Teşekkürler.","2","4",18271,"keskinme","2026-01-13 09:46:03.407","2026-01-13 10:27:55.537","2026-01-12 17:09:01.287","Merhaba, açıklamaya istinaden mailiniz serbest bırakılmıştır/karşı tarafa gönderilmiştir. Konu ile ilgili ek bir aksiyon almanıza gerek bulunmamaktadır(tekrar maili göndermeye çalışmanıza gerek bulunmamaktadır). Mailin teslim edilmesi ile ilgili karşı taraftan teyit alabilirsiniz. İyi çalışmalar.","10","3","Merhaba, açıklamaya istinaden mailiniz serbest bırakılmıştır/karşı tarafa gönderilmiştir. Konu ile ilgili ek bir aksiyon almanıza gerek bulunmamaktadır(tekrar maili göndermeye çalışmanıza gerek bulunmamaktadır). Mailin teslim edilmesi ile ilgili karşı taraftan teyit alabilirsiniz. İyi çalışmalar.","keskinme",NULL,NULL
1301963,"14",NULL,5768,"hesap ekstresi basımı hakk.","HESAP EKSTRESİ BASARKEN ENGELLEME OLUYOR BASILMIYOR BU HUSUSTA DESTEKLERİNİZİ ARZ EDERİZ.

SYG.","2","4",18271,"hatasoy","2026-01-12 11:37:50.167","2026-01-12 11:58:40.47","2026-01-09 16:19:03.457","Merhaba,
Aşağıdaki linkte yer alan ""DLP Ajanı Nasıl Güncellenir?"" başlığındaki adımları uyguladıktan sonra işlemi yeniden yapmayı dener misiniz?
https://bilge.kuveytturk.com.tr/genel/24374-dlp-forcepoint-one-endpoint","10","3","Merhaba,
Aşağıdaki linkte yer alan ""DLP Ajanı Nasıl Güncellenir?"" başlığındaki adımları uyguladıktan sonra işlemi yeniden yapmayı dener misiniz?
https://bilge.kuveytturk.com.tr/genel/24374-dlp-forcepoint-one-endpoint","hatasoy",NULL,NULL
1302556,"14",NULL,5768,"güncelleme evrakları hk","müşterimizden güncelleme evraklarından imza alınacaktır. mail gitmemektedir. son gönderdiğim maillerin veri korumadan çıkartılması ve karşı tarafa ulaştırılması talep olunur. 12.01.2026 saat 16,40","2","4",18271,"keskinme","2026-01-13 09:45:05.707","2026-01-13 09:45:51.543","2026-01-12 16:40:03.943","Merhaba, açıklamaya istinaden mailiniz serbest bırakılmıştır/karşı tarafa gönderilmiştir. Konu ile ilgili ek bir aksiyon almanıza gerek bulunmamaktadır(tekrar maili göndermeye çalışmanıza gerek bulunmamaktadır). Mailin teslim edilmesi ile ilgili karşı taraftan teyit alabilirsiniz. İyi çalışmalar.","10","3","Merhaba, açıklamaya istinaden mailiniz serbest bırakılmıştır/karşı tarafa gönderilmiştir. Konu ile ilgili ek bir aksiyon almanıza gerek bulunmamaktadır(tekrar maili göndermeye çalışmanıza gerek bulunmamaktadır). Mailin teslim edilmesi ile ilgili karşı taraftan teyit alabilirsiniz. İyi çalışmalar.","keskinme",NULL,NULL
1302531,"14",NULL,5768,"Findeks üyelik başvuru form maili atılması hakkında","Merhaba, Müşterimize findeks üyelik başvuru formları iletilmek istenmektedir.","2","4",18271,"keskinme","2026-01-13 09:42:34.687","2026-01-13 09:43:27.187","2026-01-12 16:00:33.337","Merhaba, açıklamaya istinaden mailiniz serbest bırakılmıştır/karşı tarafa gönderilmiştir. Konu ile ilgili ek bir aksiyon almanıza gerek bulunmamaktadır(tekrar maili göndermeye çalışmanıza gerek bulunmamaktadır). Mailin teslim edilmesi ile ilgili karşı taraftan teyit alabilirsiniz. İyi çalışmalar.","10","3","Merhaba, açıklamaya istinaden mailiniz serbest bırakılmıştır/karşı tarafa gönderilmiştir. Konu ile ilgili ek bir aksiyon almanıza gerek bulunmamaktadır(tekrar maili göndermeye çalışmanıza gerek bulunmamaktadır). Mailin teslim edilmesi ile ilgili karşı taraftan teyit alabilirsiniz. İyi çalışmalar.","keskinme",NULL,NULL
1302530,"14",NULL,5768,"Veri Koruma Sistemi İstisna Tanımlama","TCMB aradı İZMİR bölgesinde olan DESMER yetkili listesinin güncellenmesini istedi.
Biz DESMER GÜVENLİK HİZMETLERİNİ aradık güncel çalışanların listesini talep ettik.
DESMER Güncel Listeyi gönderdi.
TCMB arayarak listede gönderilen kişilerin kimlik fofokopilerinin altında imza olmasını talep etti.
Bizde DESMER GÜVENLİK HİZMETLERİNE mail gönderdik ilgili kişilerin kimliklerinin altında imza olmalı şu şekilde olmalı fotokopi olarak değil ıslak imzalı olmalı diye .
İlgili maili DESMER'e ulaşması için Veri Koruma Sistemi İstisna Tanımlaması için yardımlarınızı rica ederim.","2","4",18271,"keskinme","2026-01-13 09:41:02.163","2026-01-13 09:42:24.927","2026-01-12 16:00:59.907","Merhaba, açıklamaya istinaden mailiniz serbest bırakılmıştır/karşı tarafa gönderilmiştir. Konu ile ilgili ek bir aksiyon almanıza gerek bulunmamaktadır(tekrar maili göndermeye çalışmanıza gerek bulunmamaktadır). Mailin teslim edilmesi ile ilgili karşı taraftan teyit alabilirsiniz. İyi çalışmalar.","10","3","Merhaba, açıklamaya istinaden mailiniz serbest bırakılmıştır/karşı tarafa gönderilmiştir. Konu ile ilgili ek bir aksiyon almanıza gerek bulunmamaktadır(tekrar maili göndermeye çalışmanıza gerek bulunmamaktadır). Mailin teslim edilmesi ile ilgili karşı taraftan teyit alabilirsiniz. İyi çalışmalar.","keskinme",NULL,NULL
1302529,"14",NULL,5768,"kredi başvuru evrak gönderim istisna","Merhaba,

şahsi evraklarımı kredi başvusuru için başka bankaya mail olarak göndermek istemekteyim. 

istisna tanımlanmasını talep ederim. 

İyi çalışmalar","2","4",18271,"keskinme","2026-01-13 09:34:55.057","2026-01-13 09:40:46.347","2026-01-12 15:58:54.23","Merhaba, açıklamaya istinaden mailiniz serbest bırakılmıştır/karşı tarafa gönderilmiştir. Konu ile ilgili ek bir aksiyon almanıza gerek bulunmamaktadır(tekrar maili göndermeye çalışmanıza gerek bulunmamaktadır). Mailin teslim edilmesi ile ilgili karşı taraftan teyit alabilirsiniz. İyi çalışmalar.","10","3","Merhaba, açıklamaya istinaden mailiniz serbest bırakılmıştır/karşı tarafa gönderilmiştir. Konu ile ilgili ek bir aksiyon almanıza gerek bulunmamaktadır(tekrar maili göndermeye çalışmanıza gerek bulunmamaktadır). Mailin teslim edilmesi ile ilgili karşı taraftan teyit alabilirsiniz. İyi çalışmalar.","keskinme",NULL,NULL
1302496,"14",NULL,5768,"6053196-ULUBAŞ İZOLASYON MALZEMELERİ KİMYA SANAYİ VE TİC. A.Ş. Leasing Teklifleri Hakkında","Merhabalar;
Şubemiz müşterisi ULUBAŞ İZOLASYON MALZEMELERİ KİMYA SANAYİ VE TİC. A.Ş.' ne Leasing Teklifleri mail yoluyla iletilecektir.
İstisna tanımlanmasını talep ederiz.","2","4",18271,"keskinme","2026-01-12 17:00:23.48","2026-01-12 17:01:14.443","2026-01-12 15:14:25.15","Merhaba, açıklamaya istinaden mailiniz serbest bırakılmıştır/karşı tarafa gönderilmiştir. Konu ile ilgili ek bir aksiyon almanıza gerek bulunmamaktadır(tekrar maili göndermeye çalışmanıza gerek bulunmamaktadır). Mailin teslim edilmesi ile ilgili karşı taraftan teyit alabilirsiniz. İyi çalışmalar.","10","3","Merhaba, açıklamaya istinaden mailiniz serbest bırakılmıştır/karşı tarafa gönderilmiştir. Konu ile ilgili ek bir aksiyon almanıza gerek bulunmamaktadır(tekrar maili göndermeye çalışmanıza gerek bulunmamaktadır). Mailin teslim edilmesi ile ilgili karşı taraftan teyit alabilirsiniz. İyi çalışmalar.","keskinme",NULL,NULL
1302447,"14",NULL,5768,"hasas veri","Merhaba, info@mustafacelik.av.tr av mustafa celik yerel avukatımız, dosyasına baktıgı bir müşteri ile ilgili asagıdaki uyarıyı aldık. maili iletmemiz gerekmektedir. destek rica ederiz.","2","4",18271,"keskinme","2026-01-12 16:56:50.797","2026-01-12 17:00:05.553","2026-01-12 14:26:39.107","Merhaba, açıklamaya istinaden mailiniz serbest bırakılmıştır/karşı tarafa gönderilmiştir. Konu ile ilgili ek bir aksiyon almanıza gerek bulunmamaktadır(tekrar maili göndermeye çalışmanıza gerek bulunmamaktadır). Mailin teslim edilmesi ile ilgili karşı taraftan teyit alabilirsiniz. İyi çalışmalar.","10","3","Merhaba, açıklamaya istinaden mailiniz serbest bırakılmıştır/karşı tarafa gönderilmiştir. Konu ile ilgili ek bir aksiyon almanıza gerek bulunmamaktadır(tekrar maili göndermeye çalışmanıza gerek bulunmamaktadır). Mailin teslim edilmesi ile ilgili karşı taraftan teyit alabilirsiniz. İyi çalışmalar.","keskinme",NULL,NULL
1302433,"14",NULL,5768,"Outlook Veri Koruma Hk","Merhabalar,

Dış firmalar ve ik ile sürekli iletişim halinde olduğumuzdan dolayı sürekli veri koruma hatasına takılıyoruz ve buda işleri bir hayli uzatıyor ve zorlaştırıyor.

Dış firmalardan aldığımız ekstre/ Fatura / Cari bilgilerinde zorluk yaşamaktayız.

İç olarak

Eğitim ve organizasyon katılımcıları gibi bilgileri kurum içi paylaşımlar yapmamız gerktiğinden bu tür hatalar iş sürecimizi zorlaştırıyor. 

destekleriniz için teşekkür ederiz.","2","4",18271,"keskinme","2026-01-12 16:55:27.013","2026-01-12 16:56:36.18","2026-01-12 14:14:42.38","Merhaba, açıklamaya istinaden mailiniz serbest bırakılmıştır/karşı tarafa gönderilmiştir. Konu ile ilgili ek bir aksiyon almanıza gerek bulunmamaktadır(tekrar maili göndermeye çalışmanıza gerek bulunmamaktadır). Mailin teslim edilmesi ile ilgili karşı taraftan teyit alabilirsiniz. İyi çalışmalar.","10","3","Merhaba, açıklamaya istinaden mailiniz serbest bırakılmıştır/karşı tarafa gönderilmiştir. Konu ile ilgili ek bir aksiyon almanıza gerek bulunmamaktadır(tekrar maili göndermeye çalışmanıza gerek bulunmamaktadır). Mailin teslim edilmesi ile ilgili karşı taraftan teyit alabilirsiniz. İyi çalışmalar.","keskinme",NULL,NULL
1301995,"14",NULL,5768,"mail gönderimi","merhaba
iş  kapsamında yazı paylaşmamız gerekmekte olup ahmet.yaman@smartsolar.com.tr maile iletmek için istisna tanımlanmasını rica ederim.","2","4",18271,"hatasoy","2026-01-12 11:30:43.97","2026-01-12 11:30:59.65","2026-01-09 17:31:25.853","Mailiniz 5 dakika içerisinde karşıya iletilecektir. Tekrar göndermenize gerek yoktur.","10","3","Mailiniz 5 dakika içerisinde karşıya iletilecektir. Tekrar göndermenize gerek yoktur.","hatasoy",NULL,NULL
1302399,"14",NULL,5768,"Hassas veri Fatura dosyası yüklemesi müşteri talebi","Merhaba,

https://dt.kuveytturk.com.tr SFTP alanına müşterimizin iletmiş oldugunu .TXT fatura dosyasını yüklemeye calısırken hassas veriyi uyarısına takılmaktayız. konu acil olup yardımlarınızı rica ederiz.","2","4",18271,"keskinme","2026-01-12 16:44:33.827","2026-01-12 16:52:05.787","2026-01-12 13:34:33.043","merhaba, Yapılan değişikliklerin bilgisayarlarınıza yansıması için aşağıdaki linkte yer alan ""DLP Ajanı Nasıl Güncellenir?"" başlığındaki adımları uyguladıktan sonra işlemi yeniden yapmayı deneyebilirsiniz.
https://bilge.kuveytturk.com.tr/genel/24374-dlp-forcepoint-one-endpoint#dlp-ajani-nasil-guncellenir","10","3","merhaba, Yapılan değişikliklerin bilgisayarlarınıza yansıması için aşağıdaki linkte yer alan ""DLP Ajanı Nasıl Güncellenir?"" başlığındaki adımları uyguladıktan sonra işlemi yeniden yapmayı deneyebilirsiniz.
https://bilge.kuveytturk.com.tr/genel/24374-dlp-forcepoint-one-endpoint#dlp-ajani-nasil-guncellenir","keskinme",NULL,NULL
1302486,"14",NULL,5768,"Şahsi Mail Gönderimi","bir exelde çalışma yapmam gerekiyor. izn rica ediyorum. talep edilirse exeli paylaşabilirim.","2","4",18271,"keremt","2026-01-12 15:03:07.177","2026-01-12 15:08:10.5","2026-01-12 15:00:23.413","Karantinaya takılan mail serbest bırakılmıştır.","10","3","Karantinaya takılan mail serbest bırakılmıştır.","keremt",NULL,NULL
1302299,"14",NULL,5768,"imza sirküsü gönderme","nihal.celikkol@royalmotors.com.tr

mail adresine gönderilen imza sirküsünün serbest bırakılarak gönderilmesi rica olunur.","2","4",18271,"hatasoy","2026-01-12 14:53:04.987","2026-01-12 14:53:32.493","2026-01-12 11:06:01.917","Mailiniz 5 dakika içerisinde karşıya iletilecektir. Tekrar göndermenize gerek yoktur.","10","3","Mailiniz 5 dakika içerisinde karşıya iletilecektir. Tekrar göndermenize gerek yoktur.","hatasoy",NULL,NULL
1302276,"14",NULL,5768,"mail gönderimi","merhabalar. 
saat 10.42 de gönderdiğim mail, içeriği sebebiyle ilgili tarafa iletilememiştir.
Yapmış olduğum işlemin açıklaması şudur;
İstanbul engelli yıldızlar spor klübüne sistemden ekstre gönderimi yapılmış, bu esktre maili iletilmemiştir. 
Bu sebeple ekstre bilgisayara dosya olarak indirilip, özel olarak gönderilmek istenmiştir. 

istanbulengelliyildizlar.1990@gmail.com adresine göndermek istediğim mailin tamamlanması rica olunur.","2","4",18271,"hatasoy","2026-01-12 14:50:57.977","2026-01-12 14:52:05.003","2026-01-12 10:42:35.407","Mailiniz 5 dakika içerisinde karşıya iletilecektir. Tekrar göndermenize gerek yoktur.","10","3","Mailiniz 5 dakika içerisinde karşıya iletilecektir. Tekrar göndermenize gerek yoktur.","hatasoy",NULL,NULL
1302252,"14",NULL,5768,"vize için ekstre çıktı talebi hkk.","Merhaba,
81896 nolu müşterimiz vize için hesap ekstresinin çıktı olarak kaşe imzalı teslim edilmesini talep etmektedir.
Kişisel veri içerdiği için çııktı alamamaktayız.
İstisna tanımlanması hususunda yardımcı olabilir misiniz?","2","4",18271,"hatasoy","2026-01-12 14:49:57.27","2026-01-12 14:50:09.777","2026-01-12 10:13:42.16","Merhaba,
Aşağıdaki linkte yer alan ""DLP Ajanı Nasıl Güncellenir?"" başlığındaki adımları uyguladıktan sonra işlemi yeniden yapmayı dener misiniz?
https://bilge.kuveytturk.com.tr/genel/24374-dlp-forcepoint-one-endpoint","10","3","Merhaba,
Aşağıdaki linkte yer alan ""DLP Ajanı Nasıl Güncellenir?"" başlığındaki adımları uyguladıktan sonra işlemi yeniden yapmayı dener misiniz?
https://bilge.kuveytturk.com.tr/genel/24374-dlp-forcepoint-one-endpoint","hatasoy",NULL,NULL
1302307,"14",NULL,5768,"mail hk.","merhaba bilirkişilik için başvurda bulunacagım. kendime ait olan şahsi bilgilerimi kendi adresime göndermek istedim.","2","4",18271,"hatasoy","2026-01-12 14:35:35.637","2026-01-12 14:47:45.863","2026-01-12 11:12:50.81","Mailiniz 5 dakika içerisinde karşıya iletilecektir. Tekrar göndermenize gerek yoktur.","10","3","Mailiniz 5 dakika içerisinde karşıya iletilecektir. Tekrar göndermenize gerek yoktur.","hatasoy",NULL,NULL
1302369,"14",NULL,5768,"E-Posta İzni","Merhaba, sözleşmeli servis firmamız Mavi Güvenlik sistemlerinde şubelerimizin ve lokasyonlarımızın isim ve adres güncelleme işlemi yapılacaktır. Bu kapsamda excel listesi Veir Koruma Sistemine takılmaktadır. Gerekli izinlerin verilmesi noktasında desteklerinizi rica ederim.","2","4",18271,"hatasoy","2026-01-12 14:29:29.993","2026-01-12 14:35:17.617","2026-01-12 12:25:51.32","Mailiniz 5 dakika içerisinde karşıya iletilecektir. Tekrar göndermenize gerek yoktur.","10","3","Mailiniz 5 dakika içerisinde karşıya iletilecektir. Tekrar göndermenize gerek yoktur.","hatasoy",NULL,NULL
1302441,"14",NULL,5768,"FİRMA HESAPLARINI E-MAIL GÖNDEREMİYORUM","mail gönderimi için yardımcı olur musunuz? divite ekran görüntüsü eklidir","2","4",18271,"hatasoy","2026-01-12 14:26:50.21","2026-01-12 14:29:11.587","2026-01-12 14:16:21.783","Mailiniz 5 dakika içerisinde karşıya iletilecektir. Tekrar göndermenize gerek yoktur.","10","3","Mailiniz 5 dakika içerisinde karşıya iletilecektir. Tekrar göndermenize gerek yoktur.","hatasoy",NULL,NULL
1302380,"14",NULL,5768,"yazıcıdan çıktı alamıyoruz","merhabalar. yıllık mutabakatları yapabilmek için teminat listeleme ekranından aldığımız verileri yazdıramıyorum . . kasa dairesinden kontrol edebilmek için önemli de","2","4",18271,"hatasoy","2026-01-12 14:25:49.21","2026-01-12 16:46:45.39","2026-01-12 13:02:54.52","Mailiniz 5 dakika içerisinde karşıya iletilecektir. Tekrar göndermenize gerek yoktur.","10","3","Mailiniz 5 dakika içerisinde karşıya iletilecektir. Tekrar göndermenize gerek yoktur.","hatasoy",NULL,NULL
1302379,"14",NULL,5768,"Veri Koruma Sistemi İstisna Tanımlama","TCMB aradı İZMİR bölgesinde olan DESMER yetkili listesinin güncellenmesini istedi.
Biz DESMER GÜVENLİK HİZMETLERİNİ aradık güncel çalışanların listesini talep ettik.
DESMER Güncel Listeyi gönderdi.
TCMB arayarak listede gönderilen kişilerin kimlik fofokopilerinin altında imza olmasını talep etti.
Bizde DESMER GÜVENLİK HİZMETLERİNE mail gönderdik ilgili kişilerin kimliklerinin altında imza olmalı şu şekilde olmalı fotokopi olarak değil ıslak imzalı olmalı diye .
İlgili maili DESMER'e ulaşması için Veri Koruma Sistemi İstisna Tanımlaması için yardımlarınızı rica ederim.","2","4",18271,"keremt","2026-01-12 14:25:37.193","2026-01-12 14:29:09.48","2026-01-12 12:56:40.753","Merhaba, karantinaya takılan mailiniz serbest bırakılmıştır. 10 dk içerisinde mail karşı tarafa ulaşacaktır. Maili tekrar göndermenize gerek yoktur.","10","3","Merhaba, karantinaya takılan mailiniz serbest bırakılmıştır. 10 dk içerisinde mail karşı tarafa ulaşacaktır. Maili tekrar göndermenize gerek yoktur.","keremt",NULL,NULL
1302145,"14",NULL,5768,"99088752-GÖKSER ARGE SAVUNMA","Merhabalar
99088752-GÖKSER ARGE SAVUNMA  firmamızın 2025 yılsonu işlemleri için muhasebe birimine mail atılması gerekmekte olup, atılna mail Müşteri Verisi - Güvenlik Bilgilendirmesine takılmıştır. 
İstisna hakkında destek olabilir misiniz?","2","4",18271,"hatasoy","2026-01-12 14:05:20.617","2026-01-12 16:50:31.163","2026-01-12 09:15:14.43","Mailiniz 5 dakika içerisinde karşıya iletilecektir. Tekrar göndermenize gerek yoktur.","10","3","Mailiniz 5 dakika içerisinde karşıya iletilecektir. Tekrar göndermenize gerek yoktur.","hatasoy",NULL,NULL
1302113,"14",NULL,5768,"[Aciklama kismindaki sunuculariniz restart beklemektedir. En k?sa zamanda planl? bir ?ekilde sunucuyu restart ediniz.]","[SPLDSCAGENT02
]","2","3",18271,"keskinme","2026-01-12 13:59:51.823","2026-01-13 11:23:50.73",NULL,"restart işlemi tamamlanmıştır.","10","5","restart işlemi tamamlanmıştır.","keskinme",NULL,NULL
1302092,"14",NULL,5768,"Mail Gönderme Hk","Merhaba,

ekteki mailin iletilmesi hususunda desteklerinizi rica ederiz.","2","4",18271,"hatasoy","2026-01-12 13:52:34.703","2026-01-12 14:04:31.063","2026-01-12 08:51:29.377","Mailiniz 5 dakika içerisinde karşıya iletilecektir. Tekrar göndermenize gerek yoktur.","10","3","Mailiniz 5 dakika içerisinde karşıya iletilecektir. Tekrar göndermenize gerek yoktur.","hatasoy",NULL,NULL
1302266,"14",NULL,5768,"mutabakat maillerinin veri korumaya takılması hakkında","Merhaba
Dokümanda yer alan mutabakat maili veri korumaya takılmıştır. serbest bırakılması rica olunur.
iyi çalışmalar.","2","4",18271,"hatasoy","2026-01-12 11:15:34.33","2026-01-12 11:16:55.043","2026-01-12 10:34:57.92","Mailiniz 5 dakika içerisinde karşıya iletilecektir. Tekrar göndermenize gerek yoktur.","10","3","Mailiniz 5 dakika içerisinde karşıya iletilecektir. Tekrar göndermenize gerek yoktur.","hatasoy",NULL,NULL
1301801,"14",NULL,5768,"mutabakat maillerinin veri korumaya takılması hakkında","Merhaba
Dokümanda yer alan mutabakat maili veri korumaya takılmıştır. serbest bırakılması rica olunur.
iyi çalışmalar.","2","4",18271,"hatasoy","2026-01-12 11:14:33.927","2026-01-12 11:14:52.33","2026-01-09 11:26:52.083","Mailiniz 5 dakika içerisinde karşıya iletilecektir. Tekrar göndermenize gerek yoktur.","10","3","Mailiniz 5 dakika içerisinde karşıya iletilecektir. Tekrar göndermenize gerek yoktur.","hatasoy",NULL,NULL
1301715,"14",NULL,5768,"mutabakat maillerinin veri korumaya takılması hakkında","Merhaba
Dokümanda yer alan mutabakat maili veri korumaya takılmıştır. serbest bırakılması rica olunur.
iyi çalışmalar.","2","4",18271,"hatasoy","2026-01-12 11:13:13.483","2026-01-12 11:14:13.69","2026-01-09 10:24:34.767","Mailiniz 5 dakika içerisinde karşıya iletilecektir. Tekrar göndermenize gerek yoktur.","10","3","Mailiniz 5 dakika içerisinde karşıya iletilecektir. Tekrar göndermenize gerek yoktur.","hatasoy",NULL,NULL
1301771,"14",NULL,5768,"mutabakat maillerinin veri korumaya takılması hakkında","Merhaba
Dokümanda yer alan mutabakat maili veri korumaya takılmıştır. serbest bırakılması rica olunur.
iyi çalışmalar.","2","4",18271,"hatasoy","2026-01-12 11:12:39.177","2026-01-12 11:12:53.22","2026-01-09 11:26:06.54","Mailiniz 5 dakika içerisinde karşıya iletilecektir. Tekrar göndermenize gerek yoktur.","10","3","Mailiniz 5 dakika içerisinde karşıya iletilecektir. Tekrar göndermenize gerek yoktur.","hatasoy",NULL,NULL
1301713,"14",NULL,5768,"mutabakat maillerinin veri korumaya takılması hakkında","Merhaba

Dokümanda yer alan mutabakat maili veri korumaya takılmıştır. serbest bırakılması rica olunur.

iyi çalışmalar.","2","4",18271,"hatasoy","2026-01-12 11:11:05.607","2026-01-12 11:11:55.697","2026-01-09 10:15:53.837","Mailiniz 5 dakika içerisinde karşıya iletilecektir. Tekrar göndermenize gerek yoktur.","10","3","Mailiniz 5 dakika içerisinde karşıya iletilecektir. Tekrar göndermenize gerek yoktur.","hatasoy",NULL,NULL
1302103,"14",NULL,5768,"[Aciklama kismindaki sunuculariniz restart beklemektedir. En k?sa zamanda planl? bir ?ekilde sunucuyu restart ediniz.]","[SRVSECGFTP
]","2","3",18271,"keskinme","2026-01-12 09:09:50.967","2026-01-13 11:33:16.313",NULL,"sunucu restartı tamamlanmıştır.","10","5","sunucu restartı tamamlanmıştır.","keskinme",NULL,NULL
1301978,"14",NULL,5768,"ZKB İstisna","Merhaba,

Yapılan anlaşma için imza sirküleri paylaşılması gerekmektedir. dokümanın iletilebilmesi aşağıdaki mail adreslerine istisna tanımlanmasını rica ederiz.","2","4",18271,"scakici","2026-01-09 17:16:18.59","2026-01-09 17:16:17.207","2026-01-09 16:42:19.077","Mailiniz serbest bırakılmıştır. Tekrar göndermenize gerek yoktur.","10","3","Mailiniz serbest bırakılmıştır. Tekrar göndermenize gerek yoktur.","scakici",NULL,NULL
1300634,"14",NULL,5768,"Altyapı bilgileri ile ilgili istisna talebi","merhaba, birinci olarak Barikat firmasına log gönderirken (sunucu bilgileri var) işlem engellenmektedir, ikinci durumda ise python kodu içine (kendi localimde) IP yapıştırmak istemekteyiz. Desteklerinizi rica ederim.","2","4",18271,"scakici","2026-01-09 17:15:11.02","2026-01-09 17:15:07.843","2026-01-07 10:08:32.22","Aşağıdaki linkte yer alan ""DLP Ajanı Nasıl Güncellenir?"" başlığındaki adımları uyguladıktan sonra işlemi yeniden yapmayı dener misiniz?
https://bilge.kuveytturk.com.tr/genel/24374-dlp-forcepoint-one-endpoint#dlp-ajani-nasil-guncellenir","10","3","Aşağıdaki linkte yer alan ""DLP Ajanı Nasıl Güncellenir?"" başlığındaki adımları uyguladıktan sonra işlemi yeniden yapmayı dener misiniz?
https://bilge.kuveytturk.com.tr/genel/24374-dlp-forcepoint-one-endpoint#dlp-ajani-nasil-guncellenir","scakici",NULL,NULL
1299062,"14",NULL,5768,"[Aciklama kismindaki sunuculariniz restart beklemektedir. En kısa zamanda planlı bir şekilde sunucuyu restart ediniz.]","[SRVSECDLPDB01

SRVSECDLPDC01

SRVSECDLPMNG01

SRVSECDLPOCR03

SRVSECDLPOCR02

SRVSECDLPOCR01

SRVSECDLPOCR04

SRVSECDLPDC03

SPLDSMGMT
]","2","3",21474,"scakici","2026-01-09 17:07:39.573","2026-01-23 12:20:59.097",NULL,"İşlem tamamlanmıştır.","10","5","İşlem tamamlanmıştır.","scakici",NULL,NULL
1301831,"14",NULL,5768,"eposta","Merhaba

Dokümanda yer alan mutabakat maili veri korumaya takılmıştır. serbest bırakılması rica olunur.

iyi çalışmalar.","2","4",18271,"absaglam","2026-01-09 16:16:15.463","2026-01-09 16:17:07.643","2026-01-09 12:30:12.817","Kullanıcıdan alınan geri dönüş sonrasında denetim faaliyetleri kapsamında ilgili firmalara mail iletimi iş süreçleri kapsamında değerlendirilmiştir mailler bu doğrultuda iletilmiştir.","10","3","Kullanıcıdan alınan geri dönüş sonrasında denetim faaliyetleri kapsamında ilgili firmalara mail iletimi iş süreçleri kapsamında değerlendirilmiştir mailler bu doğrultuda iletilmiştir.","absaglam",NULL,NULL
1301528,"14",NULL,5768,"hassas veriye takılan mailler hakkında","merhaba,
'Oğuzhan Elman' <oguzhan.elman@erkurtholding.com.tr> firmasına mail atmak istediğimde hassas veriye takılmaktadır.
engelin kaldırılmasını rica ederiz.","2","4",21474,"hatasoy","2026-01-09 16:13:12.223","2026-01-09 16:15:12.273","2026-01-08 16:08:15.19","Kullanıcıyla teams üzerinden iletişime geçildi geri dönüş bekleniyor.","10","3","Kullanıcıyla teams üzerinden iletişime geçildi geri dönüş bekleniyor.","hatasoy",NULL,NULL
1301928,"14",NULL,5768,"Mail gönderim hatası hk.","Merhaba,
Ekli mail için hata alıyorum. Tedarikçimize mailin iletilmesi noktasında yardımcı olabilir misiniz?
Teşekkür ederim.","2","4",18271,"absaglam","2026-01-09 16:03:18.933","2026-01-09 16:04:41.733","2026-01-09 15:35:28.41","Mailiniz 5 dakika içerisinde karşıya iletilecektir. Tekrar göndermenize gerek yoktur.","10","3","Mailiniz 5 dakika içerisinde karşıya iletilecektir. Tekrar göndermenize gerek yoktur.","absaglam",NULL,NULL
1301920,"14",NULL,5768,"müşteriye iletilen mail hk.","merhaba , müşteriye proje evrakları iletiyoruz, ıban olduğu için veri korumaya takılıyor, müşteriye ulaşması için yardımlarınızı rica ederiz. divite mail eklenmiştir.","2","4",18271,"absaglam","2026-01-09 15:57:28.483","2026-01-09 16:07:56.44","2026-01-09 15:24:53.103","Mailiniz 5 dakika içerisinde karşıya iletilecektir. Tekrar göndermenize gerek yoktur.","10","3","Mailiniz 5 dakika içerisinde karşıya iletilecektir. Tekrar göndermenize gerek yoktur.","absaglam",NULL,NULL
1301916,"14",NULL,5768,"mail atmak istiyorum yardımlarınızı arz ederiz.","filiz koop. üyelerine hak ediş gönderecek bu sebebten üyelerin iban ve hesap bilgilerini excel olarak göndermek istiyoruz 

mail adresi     filizkooperatifi@hotmail.com","2","4",18271,"absaglam","2026-01-09 15:54:32.063","2026-01-09 16:02:52.097","2026-01-09 15:03:51.753","Mailiniz 5 dakika içerisinde karşıya iletilecektir. Tekrar göndermenize gerek yoktur.","10","3","Mailiniz 5 dakika içerisinde karşıya iletilecektir. Tekrar göndermenize gerek yoktur.","absaglam",NULL,NULL
1300983,"14",NULL,5768,"Mail Gitmemesi Hk.","Merhaba;

Müşterimize gönderilecek olan ekli mail veri güvenliğine takılmaktadır.Bu mailin gönderilebilmesi için izin verilmesi konusunda yard.arz ederiz.","2","4",18271,"scakici","2026-01-09 15:52:50.39","2026-01-09 17:14:45.52","2026-01-07 15:36:16.467","Mailiniz serbest bırakılmıştır. Tekrar göndermenize gerek yoktur.","10","3","Mailiniz serbest bırakılmıştır. Tekrar göndermenize gerek yoktur.","scakici",NULL,NULL
1301356,"14",NULL,5768,"hasas veri uyarısı","İki  firmamıza 31.12.2025 tarihli mutabakat formuyla birlikte imza sirküleri de istenmektedir. Fakat hasas veri uyarısı nedeniyle müşteriye iletilmiyor. Konu ile ilgili yardımlarınız rica olunur.","3","4",18271,"hatasoy","2026-01-08 12:05:52.417","2026-01-09 09:37:12.98","2026-01-08 11:46:51.27","Mailiniz 5 dakika içerisinde karşıya iletilecektir. Tekrar göndermenize gerek yoktur.","10","3","Mailiniz 5 dakika içerisinde karşıya iletilecektir. Tekrar göndermenize gerek yoktur.","hatasoy",NULL,NULL
1301865,"14",NULL,5768,"yazıcıdan çıktı alamama hatası hakkında","merhabalar,

mutabakta işlemleri için teminatların çıktısını alırken hata almatayız.
teminatların fiziki sayımı için çıktı almak zorundayız.
yetki için desteklerinizi rica ederiz.","2","4",18271,"absaglam","2026-01-09 15:52:29.873","2026-01-12 08:36:55.643","2026-01-09 14:15:53.617","Teams üzerinden kullanıcı ile iletişime geçildi. Bu mercek ile alakalı açtığı talebe ihtiyacı kalmadığını söyledi.","10","3","Teams üzerinden kullanıcı ile iletişime geçildi. Bu mercek ile alakalı açtığı talebe ihtiyacı kalmadığını söyledi.","absaglam",NULL,NULL
1301819,"14",NULL,5768,"Hissedarımıza Gönderilen Hesaop ekstesi hk.","Hissedarımıza her 3 aylık dönemlerde gönderilen hesap dökümü TC içerdiği için engellenmektedir.

Mailin iletilmesi konusunda desteklerinizi rica ederim.","2","4",18271,"absaglam","2026-01-09 15:49:47.773","2026-01-09 15:51:22.917","2026-01-09 12:23:06.01","Mailiniz 5 dakika içerisinde karşıya iletilecektir. Tekrar göndermenize gerek yoktur.","10","3","Mailiniz 5 dakika içerisinde karşıya iletilecektir. Tekrar göndermenize gerek yoktur.","absaglam",NULL,NULL
1301856,"14",NULL,5768,"dlp hata","Merhabalar,
Edevlet çıktısı bir dosyamı kendi kişisel mail adresim olan beyzatebetas@gmail.com adresine gönderirken hata alıyorum. dlpye takılıyor. yardımcı olabilir misiniz?","2","4",18271,"scakici","2026-01-09 15:49:00.817","2026-01-09 15:49:17.683","2026-01-09 14:09:20.507","Mailiniz serbest bırakılmıştır. Tekrar göndermenize gerek yoktur.","10","3","Mailiniz serbest bırakılmıştır. Tekrar göndermenize gerek yoktur.","scakici",NULL,NULL
1301776,"14",NULL,5768,"MAİL YETKİ","Merhaba ,

Proje kapama evrakları için iletmiş olduğum bolerosocks uzantılı mailin gönderilmesini rica ederim.","2","4",18271,"scakici","2026-01-09 15:48:31.767","2026-01-09 15:48:30.607","2026-01-09 11:28:42.1","Mailiniz serbest bırakılmıştır. Tekrar göndermenize gerek yoktur.","10","3","Mailiniz serbest bırakılmıştır. Tekrar göndermenize gerek yoktur.","scakici",NULL,NULL
1301838,"14",NULL,5768,"eposta","Merhaba

Dokümanda yer alan mutabakat maili veri korumaya takılmıştır. serbest bırakılması rica olunur.

iyi çalışmalar.","2","4",18271,"absaglam","2026-01-09 15:48:31.113","2026-01-09 15:49:15.77","2026-01-09 12:34:37.863","Kullanıcıdan alınan geri dönüş sonrasında denetim faaliyetleri kapsamında ilgili firmalara mail iletimi iş süreçleri kapsamında değerlendirilmiştir mailler bu doğrultuda iletilmiştir.","10","3","Kullanıcıdan alınan geri dönüş sonrasında denetim faaliyetleri kapsamında ilgili firmalara mail iletimi iş süreçleri kapsamında değerlendirilmiştir mailler bu doğrultuda iletilmiştir.","absaglam",NULL,NULL
1301837,"14",NULL,5768,"eposta","Merhaba

Dokümanda yer alan mutabakat maili veri korumaya takılmıştır. serbest bırakılması rica olunur.

iyi çalışmalar.","2","4",18271,"absaglam","2026-01-09 15:48:04.567","2026-01-09 15:48:22.737","2026-01-09 12:34:02.883","Kullanıcıdan alınan geri dönüş sonrasında denetim faaliyetleri kapsamında ilgili firmalara mail iletimi iş süreçleri kapsamında değerlendirilmiştir mailler bu doğrultuda iletilmiştir.","10","3","Kullanıcıdan alınan geri dönüş sonrasında denetim faaliyetleri kapsamında ilgili firmalara mail iletimi iş süreçleri kapsamında değerlendirilmiştir mailler bu doğrultuda iletilmiştir.","absaglam",NULL,NULL
1301835,"14",NULL,5768,"eposta","Merhaba

Dokümanda yer alan mutabakat maili veri korumaya takılmıştır. serbest bırakılması rica olunur.

iyi çalışmalar.","2","4",18271,"absaglam","2026-01-09 15:47:42.48","2026-01-09 15:47:57.467","2026-01-09 12:33:10.46","Kullanıcıdan alınan geri dönüş sonrasında denetim faaliyetleri kapsamında ilgili firmalara mail iletimi iş süreçleri kapsamında değerlendirilmiştir mailler bu doğrultuda iletilmiştir.","10","3","Kullanıcıdan alınan geri dönüş sonrasında denetim faaliyetleri kapsamında ilgili firmalara mail iletimi iş süreçleri kapsamında değerlendirilmiştir mailler bu doğrultuda iletilmiştir.","absaglam",NULL,NULL
1301834,"14",NULL,5768,"eposta","Merhaba

Dokümanda yer alan mutabakat maili veri korumaya takılmıştır. serbest bırakılması rica olunur.

iyi çalışmalar.","2","4",18271,"absaglam","2026-01-09 15:47:15.793","2026-01-09 15:47:30.853","2026-01-09 12:32:38.447","Kullanıcıdan alınan geri dönüş sonrasında denetim faaliyetleri kapsamında ilgili firmalara mail iletimi iş süreçleri kapsamında değerlendirilmiştir mailler bu doğrultuda iletilmiştir.","10","3","Kullanıcıdan alınan geri dönüş sonrasında denetim faaliyetleri kapsamında ilgili firmalara mail iletimi iş süreçleri kapsamında değerlendirilmiştir mailler bu doğrultuda iletilmiştir.","absaglam",NULL,NULL
1301832,"14",NULL,5768,"eposta","Merhaba

Dokümanda yer alan mutabakat maili veri korumaya takılmıştır. serbest bırakılması rica olunur.

iyi çalışmalar.","2","4",18271,"absaglam","2026-01-09 15:46:24.877","2026-01-09 15:47:03.3","2026-01-09 12:31:07.413","Kullanıcıdan alınan geri dönüş sonrasında denetim faaliyetleri kapsamında ilgili firmalara mail iletimi iş süreçleri kapsamında değerlendirilmiştir mailler bu doğrultuda iletilmiştir.","10","3","Kullanıcıdan alınan geri dönüş sonrasında denetim faaliyetleri kapsamında ilgili firmalara mail iletimi iş süreçleri kapsamında değerlendirilmiştir mailler bu doğrultuda iletilmiştir.","absaglam",NULL,NULL
1301827,"14",NULL,5768,"eposta","Merhaba

Dokümanda yer alan mutabakat maili veri korumaya takılmıştır. serbest bırakılması rica olunur.

iyi çalışmalar.","2","4",18271,"absaglam","2026-01-09 15:43:13.557","2026-01-09 15:43:26.893","2026-01-09 12:29:38.443","Kullanıcıdan alınan geri dönüş sonrasında denetim faaliyetleri kapsamında ilgili firmalara mail iletimi iş süreçleri kapsamında değerlendirilmiştir mailler bu doğrultuda iletilmiştir.","10","3","Kullanıcıdan alınan geri dönüş sonrasında denetim faaliyetleri kapsamında ilgili firmalara mail iletimi iş süreçleri kapsamında değerlendirilmiştir mailler bu doğrultuda iletilmiştir.","absaglam",NULL,NULL
1301840,"14",NULL,5768,"eposta","Merhaba

Dokümanda yer alan mutabakat maili veri korumaya takılmıştır. serbest bırakılması rica olunur.

iyi çalışmalar.","2","4",21474,"hatasoy","2026-01-09 15:43:05.203","2026-01-09 15:43:17.34","2026-01-09 12:35:21.173","Kullanıcıdan alınan geri dönüş sonrasında denetim faaliyetleri kapsamında ilgili firmalara mail iletimi iş süreçleri kapsamında değerlendirilmiştir mailler bu doğrultuda iletilmiştir.","10","3","Kullanıcıdan alınan geri dönüş sonrasında denetim faaliyetleri kapsamında ilgili firmalara mail iletimi iş süreçleri kapsamında değerlendirilmiştir mailler bu doğrultuda iletilmiştir.","hatasoy",NULL,NULL
1301826,"14",NULL,5768,"eposta","Merhaba

Dokümanda yer alan mutabakat maili veri korumaya takılmıştır. serbest bırakılması rica olunur.

iyi çalışmalar.","2","4",18271,"absaglam","2026-01-09 15:42:53.403","2026-01-09 15:43:07.293","2026-01-09 12:28:58.13","Kullanıcıdan alınan geri dönüş sonrasında denetim faaliyetleri kapsamında ilgili firmalara mail iletimi iş süreçleri kapsamında değerlendirilmiştir mailler bu doğrultuda iletilmiştir.","10","3","Kullanıcıdan alınan geri dönüş sonrasında denetim faaliyetleri kapsamında ilgili firmalara mail iletimi iş süreçleri kapsamında değerlendirilmiştir mailler bu doğrultuda iletilmiştir.","absaglam",NULL,NULL
1301825,"14",NULL,5768,"eposta","Merhaba

Dokümanda yer alan mutabakat maili veri korumaya takılmıştır. serbest bırakılması rica olunur.

iyi çalışmalar.","2","4",18271,"absaglam","2026-01-09 15:42:34.373","2026-01-09 15:42:46.63","2026-01-09 12:28:00.35","Kullanıcıdan alınan geri dönüş sonrasında denetim faaliyetleri kapsamında ilgili firmalara mail iletimi iş süreçleri kapsamında değerlendirilmiştir mailler bu doğrultuda iletilmiştir.","10","3","Kullanıcıdan alınan geri dönüş sonrasında denetim faaliyetleri kapsamında ilgili firmalara mail iletimi iş süreçleri kapsamında değerlendirilmiştir mailler bu doğrultuda iletilmiştir.","absaglam",NULL,NULL
1301841,"14",NULL,5768,"eposta","Merhaba

Dokümanda yer alan mutabakat maili veri korumaya takılmıştır. serbest bırakılması rica olunur.

iyi çalışmalar.","2","4",21474,"hatasoy","2026-01-09 15:42:25.27","2026-01-09 15:42:44.047","2026-01-09 12:36:18.787","Kullanıcıdan alınan geri dönüş sonrasında denetim faaliyetleri kapsamında ilgili firmalara mail iletimi iş süreçleri kapsamında değerlendirilmiştir mailler bu doğrultuda iletilmiştir.","10","3","Kullanıcıdan alınan geri dönüş sonrasında denetim faaliyetleri kapsamında ilgili firmalara mail iletimi iş süreçleri kapsamında değerlendirilmiştir mailler bu doğrultuda iletilmiştir.","hatasoy",NULL,NULL
1301824,"14",NULL,5768,"eposta","Merhaba

Dokümanda yer alan mutabakat maili veri korumaya takılmıştır. serbest bırakılması rica olunur.

iyi çalışmalar.","2","4",18271,"absaglam","2026-01-09 15:42:10.163","2026-01-09 15:42:24.133","2026-01-09 12:27:22.1","Kullanıcıdan alınan geri dönüş sonrasında denetim faaliyetleri kapsamında ilgili firmalara mail iletimi iş süreçleri kapsamında değerlendirilmiştir mailler bu doğrultuda iletilmiştir.","10","3","Kullanıcıdan alınan geri dönüş sonrasında denetim faaliyetleri kapsamında ilgili firmalara mail iletimi iş süreçleri kapsamında değerlendirilmiştir mailler bu doğrultuda iletilmiştir.","absaglam",NULL,NULL
1301822,"14",NULL,5768,"eposta","Merhaba

Dokümanda yer alan mutabakat maili veri korumaya takılmıştır. serbest bırakılması rica olunur.

iyi çalışmalar.","2","4",18271,"absaglam","2026-01-09 15:41:47.773","2026-01-09 15:42:02.88","2026-01-09 12:26:09.937","Kullanıcıdan alınan geri dönüş sonrasında denetim faaliyetleri kapsamında ilgili firmalara mail iletimi iş süreçleri kapsamında değerlendirilmiştir mailler bu doğrultuda iletilmiştir.","10","3","Kullanıcıdan alınan geri dönüş sonrasında denetim faaliyetleri kapsamında ilgili firmalara mail iletimi iş süreçleri kapsamında değerlendirilmiştir mailler bu doğrultuda iletilmiştir.","absaglam",NULL,NULL
1301821,"14",NULL,5768,"eposta","Merhaba

Dokümanda yer alan mutabakat maili veri korumaya takılmıştır. serbest bırakılması rica olunur.

iyi çalışmalar.","2","4",18271,"absaglam","2026-01-09 15:41:15.927","2026-01-09 15:41:36.853","2026-01-09 12:25:34.46","Kullanıcıdan alınan geri dönüş sonrasında denetim faaliyetleri kapsamında ilgili firmalara mail iletimi iş süreçleri kapsamında değerlendirilmiştir mailler bu doğrultuda iletilmiştir.","10","3","Kullanıcıdan alınan geri dönüş sonrasında denetim faaliyetleri kapsamında ilgili firmalara mail iletimi iş süreçleri kapsamında değerlendirilmiştir mailler bu doğrultuda iletilmiştir.","absaglam",NULL,NULL
1301820,"14",NULL,5768,"eposta","Merhaba

Dokümanda yer alan mutabakat maili veri korumaya takılmıştır. serbest bırakılması rica olunur.

iyi çalışmalar.","2","4",18271,"absaglam","2026-01-09 15:40:46.887","2026-01-09 15:41:05.93","2026-01-09 12:24:55.41","Kullanıcıdan alınan geri dönüş sonrasında denetim faaliyetleri kapsamında ilgili firmalara mail iletimi iş süreçleri kapsamında değerlendirilmiştir mailler bu doğrultuda iletilmiştir.","10","3","Kullanıcıdan alınan geri dönüş sonrasında denetim faaliyetleri kapsamında ilgili firmalara mail iletimi iş süreçleri kapsamında değerlendirilmiştir mailler bu doğrultuda iletilmiştir.","absaglam",NULL,NULL
1301844,"14",NULL,5768,"eposta","Merhaba

Dokümanda yer alan mutabakat maili veri korumaya takılmıştır. serbest bırakılması rica olunur.

iyi çalışmalar.","2","4",21474,"hatasoy","2026-01-09 15:40:44.66","2026-01-09 15:41:07.25","2026-01-09 12:36:47.04","Kullanıcıdan alınan geri dönüş sonrasında denetim faaliyetleri kapsamında ilgili firmalara mail iletimi iş süreçleri kapsamında değerlendirilmiştir mailler bu doğrultuda iletilmiştir.","10","3","Kullanıcıdan alınan geri dönüş sonrasında denetim faaliyetleri kapsamında ilgili firmalara mail iletimi iş süreçleri kapsamında değerlendirilmiştir mailler bu doğrultuda iletilmiştir.","hatasoy",NULL,NULL
1301818,"14",NULL,5768,"eposta","Merhaba

Dokümanda yer alan mutabakat maili veri korumaya takılmıştır. serbest bırakılması rica olunur.

iyi çalışmalar.","2","4",21474,"hatasoy","2026-01-09 15:39:53.64","2026-01-09 15:40:09.34","2026-01-09 12:23:57.077","Kullanıcıdan alınan geri dönüş sonrasında denetim faaliyetleri kapsamında ilgili firmalara mail iletimi iş süreçleri kapsamında değerlendirilmiştir mailler bu doğrultuda iletilmiştir.","10","3","Kullanıcıdan alınan geri dönüş sonrasında denetim faaliyetleri kapsamında ilgili firmalara mail iletimi iş süreçleri kapsamında değerlendirilmiştir mailler bu doğrultuda iletilmiştir.","hatasoy",NULL,NULL
1301816,"14",NULL,5768,"eposta","Merhaba

Dokümanda yer alan mutabakat maili veri korumaya takılmıştır. serbest bırakılması rica olunur.

iyi çalışmalar.","2","4",21474,"hatasoy","2026-01-09 15:38:44.393","2026-01-09 15:39:39.857","2026-01-09 12:21:50.77","Kullanıcıdan alınan geri dönüş sonrasında denetim faaliyetleri kapsamında ilgili firmalara mail iletimi iş süreçleri kapsamında değerlendirilmiştir mailler bu doğrultuda iletilmiştir.","10","3","Kullanıcıdan alınan geri dönüş sonrasında denetim faaliyetleri kapsamında ilgili firmalara mail iletimi iş süreçleri kapsamında değerlendirilmiştir mailler bu doğrultuda iletilmiştir.","hatasoy",NULL,NULL
1301803,"14",NULL,5768,"mutabakat maillerinin veri korumaya takılması hakkında","Merhaba
Dokümanda yer alan mutabakat maili veri korumaya takılmıştır. serbest bırakılması rica olunur.
iyi çalışmalar.","2","4",18271,"absaglam","2026-01-09 12:37:22.253","2026-01-09 15:28:25.93","2026-01-09 12:10:25.507","Kullanıcıya bilgi verilmiştir.","10","3","Kullanıcıya bilgi verilmiştir.","absaglam",NULL,NULL
1301796,"14",NULL,5768,"pwc evrak gönderimi hk.","yıl sonu çalışmaları kapsamında vergi kontorlü için maili gönderebilir misiniz?","2","4",18271,"hatasoy","2026-01-09 12:01:01.213","2026-01-09 12:01:24.697","2026-01-09 11:57:47.867","Mailiniz 5 dakika içerisinde karşıya iletilecektir. Tekrar göndermenize gerek yoktur.","10","3","Mailiniz 5 dakika içerisinde karşıya iletilecektir. Tekrar göndermenize gerek yoktur.","hatasoy",NULL,NULL
1301746,"14",NULL,5768,"Acil Dekont Talebi Hakkında","Merhaba,
Müşterimiz ödenmiş leasing dekontlarını talep etmiştir. Mailin serbest bırakılmasını rica ederiz.","2","4",18271,"absaglam","2026-01-09 11:53:27.717","2026-01-09 16:20:21.227","2026-01-09 10:47:48.533","Mailiniz 5 dakika içerisinde karşıya iletilecektir. Tekrar göndermenize gerek yoktur.","10","3","Mailiniz 5 dakika içerisinde karşıya iletilecektir. Tekrar göndermenize gerek yoktur.","absaglam",NULL,NULL
1301743,"14",NULL,5768,"Envanter mutabakatı hk","Merhaba, Pos seri mutabakatı yapılmaktadır. İlgili mailin karşı tarafa iletilemesini talep ederiz.","2","4",18271,"hatasoy","2026-01-09 11:23:50.15","2026-01-09 11:24:07.313","2026-01-09 10:46:35.6","Mailiniz 5 dakika içerisinde karşıya iletilecektir. Tekrar göndermenize gerek yoktur.","10","3","Mailiniz 5 dakika içerisinde karşıya iletilecektir. Tekrar göndermenize gerek yoktur.","hatasoy",NULL,NULL
1301686,"14",NULL,5768,"Müşteri resmi mail adresine şimdiye kadar gelen swift bilgilerini exell formantında istemektedir.","Müşteri resmi mail adresine şimdiye kadar gelen swift bilgilerini exell formantında istemektedir.
Müşteri resmi eposta adresine mail atılacaktır.


Murat GURSOY <muratgursoy@superonline.com>","2","4",18271,"hatasoy","2026-01-09 11:21:51.147","2026-01-09 11:22:10.21","2026-01-09 09:55:36.207","Mailiniz 5 dakika içerisinde karşıya iletilecektir. Tekrar göndermenize gerek yoktur.","10","3","Mailiniz 5 dakika içerisinde karşıya iletilecektir. Tekrar göndermenize gerek yoktur.","hatasoy",NULL,NULL
1301638,"14",NULL,5768,"Müşteriye İletilmek İstenen Mail Hk.","Merhaba,

ekteki mail müşterimize proje kapaması için gönderilmiş olup veri güvenliğine takılmıştır. Desteklerinizi rica ederiz.","2","4",18271,"hatasoy","2026-01-09 11:20:44.257","2026-01-09 11:21:00.137","2026-01-09 09:05:11.793","Mailiniz 5 dakika içerisinde karşıya iletilecektir. Tekrar göndermenize gerek yoktur.","10","3","Mailiniz 5 dakika içerisinde karşıya iletilecektir. Tekrar göndermenize gerek yoktur.","hatasoy",NULL,NULL
1301611,"14",NULL,5768,"Avukatlara gönderilen maillerin sisteme takılması hk.","Merhaba, Servisimiz iş süreçleri gereği sürekli olarak anlaşmalı avukatlarımız(sözleşmeli hukuk büroları) ile mailleşmeler yapmaktadır. Atılan maillerde sözleşmeler, protokoller ve evraklar ekte bulunmaktadır. Ancak son dönemde avukatlarımıza mail göndermek istediğimizde sürekli olarak hata almaktayız veya politika ihlal edildi şeklinde mailler gelmektedir. İşlemlerimiz aksamaktadır, konuyla alakalı olarak ivedi yardımcı olabilir misiniz? Teşekkürler.
Avukatla imzalanan sözleşmeler divittedir.","2","4",18271,"hatasoy","2026-01-09 11:19:46.607","2026-01-09 11:19:59.297","2026-01-09 08:25:41.683","Mailiniz 5 dakika içerisinde karşıya iletilecektir. Tekrar göndermenize gerek yoktur.","10","3","Mailiniz 5 dakika içerisinde karşıya iletilecektir. Tekrar göndermenize gerek yoktur.","hatasoy",NULL,NULL
1301566,"14",NULL,5768,"Mail gönderimi","Merhaba;
fatihunlu@solkatekstil.com ilgili maile müşterinin poliçeleriini iletmeye çalışıyoruz. Ancak sistem engelliyor. İletebileceğimiz başka bir mail de mevcut değil. Gönderim için yardımlarınızı rica ederiz.","2","4",18271,"hatasoy","2026-01-09 11:18:01.11","2026-01-09 11:18:16.127","2026-01-08 17:30:12.507","Mailiniz 5 dakika içerisinde karşıya iletilecektir. Tekrar göndermenize gerek yoktur.","10","3","Mailiniz 5 dakika içerisinde karşıya iletilecektir. Tekrar göndermenize gerek yoktur.","hatasoy",NULL,NULL
1301559,"14",NULL,5768,"elazığ belediyesi","elazığ belediyesi 2025 yılı hesap ekstresi göndermek istiyoruz . yardımlarınızı talep ederiz","2","4",18271,"hatasoy","2026-01-09 11:16:09.95","2026-01-09 11:16:40.627","2026-01-08 17:04:22.747","Mailiniz 5 dakika içerisinde karşıya iletilecektir. Tekrar göndermenize gerek yoktur.","10","3","Mailiniz 5 dakika içerisinde karşıya iletilecektir. Tekrar göndermenize gerek yoktur.","hatasoy",NULL,NULL
1301543,"14",NULL,5768,"ilk n müşteri raporu istisna talebi","merhaba, rasyo döneminden kaynaklı ilk n müşteri tanımlama raporunu çıktı almak istemekteyiz, ilgili konu hususunda istisna talep ederiz.","2","4",18271,"absaglam","2026-01-09 09:39:57.157","2026-01-09 10:16:06.317","2026-01-08 16:37:30.613","Merhaba,
Aşağıdaki linkte yer alan ""DLP Ajanı Nasıl Güncellenir?"" başlığındaki adımları uyguladıktan sonra işlemi yeniden yapmayı dener misiniz?
https://bilge.kuveytturk.com.tr/genel/24374-dlp-forcepoint-one-endpoint","10","3","Merhaba,
Aşağıdaki linkte yer alan ""DLP Ajanı Nasıl Güncellenir?"" başlığındaki adımları uyguladıktan sonra işlemi yeniden yapmayı dener misiniz?
https://bilge.kuveytturk.com.tr/genel/24374-dlp-forcepoint-one-endpoint","absaglam",NULL,NULL
1299560,"14",NULL,5768,"Mail izne","Merhaba, aşağıda bulunan mail adresine işe yeni başlayan arkadaşlarımızın sağlık taramaları için kimlik numaraları bulunan excel listesinin atılması için izin verilmesini rica ederiz. 
onur@birimlaboratuvari.com","3","4",18271,"hatasoy","2026-01-09 09:24:26.433","2026-01-09 09:25:29.557","2026-01-05 13:41:44.807","Mailiniz 5 dakika içerisinde karşıya iletilecektir. Tekrar göndermenize gerek yoktur.","10","3","Mailiniz 5 dakika içerisinde karşıya iletilecektir. Tekrar göndermenize gerek yoktur.","hatasoy",NULL,NULL
1301418,"14",NULL,5768,"Ensar Vakfı ile rapor paylaşımı hk.","Merhabalar, 

Ensar Vakfı ile okul garantili bir OTS anlaşması yaptığımız için, veli gün sorgulaması dolduğunda ve veli tarafından tahsilat gerçekleştirilmediğinde tutarı, okuldan geri tahsil etmekteyiz. Vakıf bu veriye kendisi ulaşamamaktadır. Bizim paylaşım yapmamız gerekmektedir. Mail üzerinden bu gecikmiş ödemesi olan öğrencileri vakıf ile paylaşmam gerekiyor. Ancak hassas veri engeline takılmaktadır. 

Mailin iletilmesi konusunda desteğinizi rica ederim. 

Mail saati: 11:31 
Mailin gönderildiği kişi : Ahmet Taş(ensar vakfı mali işler uzmanı)","2","4",18271,"absaglam","2026-01-09 09:17:55.513","2026-01-09 09:38:54.153","2026-01-08 13:43:04.3","Mailiniz 5 dakika içerisinde karşıya iletilecektir. Tekrar göndermenize gerek yoktur.","10","3","Mailiniz 5 dakika içerisinde karşıya iletilecektir. Tekrar göndermenize gerek yoktur.","absaglam",NULL,NULL
1300894,"14",NULL,5768,"Yıllık mutabakat maillerinin serbest bırakılması hakkında","Merhaba

dokümanlarda yer alan 20 adet mail veri korumaya takılmıştır. Serbest bırakılması adına değerli yardımlarınız rica olunur.

iyi çalışmalar.","2","4",18271,"scakici","2026-01-08 16:24:23.833","2026-01-08 16:50:35.727","2026-01-07 14:06:48.843","Mailiniz serbest bırakılmıştır. Tekrar göndermenize gerek yoktur.","10","3","Mailiniz serbest bırakılmıştır. Tekrar göndermenize gerek yoktur.","scakici",NULL,NULL
1301467,"14",NULL,5768,"İpotek için yazışma","S.a İpotek için Halkbankası portföy etkilisi ile yazışma yapılacaktır. Yardımlarınızı rica ederiz.","2","4",18271,"hatasoy","2026-01-08 16:15:59.693","2026-01-08 16:16:13.687","2026-01-08 14:43:35.737","Mailiniz 5 dakika içerisinde karşıya iletilecektir. Tekrar göndermenize gerek yoktur.","10","3","Mailiniz 5 dakika içerisinde karşıya iletilecektir. Tekrar göndermenize gerek yoktur.","hatasoy",NULL,NULL
1301461,"14",NULL,5768,"İmzalı Hesap Ekstresi Gönderilmesi Hk.","Merhaba,

1002477 nolu özel müşterimiz hesap ekstresini imzalı bir şekilde sistemde kayıtlı mail adresine gönderilmesini talep etmektedir. Kişisel veri olması nedeniyle gönderilememektedir. Sistemde kayıtlı olan zalshilie@yahoo.com mail adresine taranmış hesap ekstresinin gönderilmesi için tanımlama yapılmasını talep ederim.","2","4",18271,"hatasoy","2026-01-08 16:13:04.237","2026-01-08 16:56:34.21","2026-01-08 14:34:58.287","Mailiniz 5 dakika içerisinde karşıya iletilecektir. Tekrar göndermenize gerek yoktur.","10","3","Mailiniz 5 dakika içerisinde karşıya iletilecektir. Tekrar göndermenize gerek yoktur.","hatasoy",NULL,NULL
1301426,"14",NULL,5768,"sağlık raporu yazdırma","merhaba ilgili sağlık raporunu yazdırmak istediğimde hata alıyorum.İstisna tanımlama için yardımınızı rica ederim.","2","4",18271,"hatasoy","2026-01-08 15:43:09.027","2026-01-08 15:45:38.02","2026-01-08 14:01:16.3","Merhaba,
Aşağıdaki linkte yer alan ""DLP Ajanı Nasıl Güncellenir?"" başlığındaki adımları uyguladıktan sonra işlemi yeniden yapmayı dener misiniz?
https://bilge.kuveytturk.com.tr/genel/24374-dlp-forcepoint-one-endpoint","10","3","Merhaba,
Aşağıdaki linkte yer alan ""DLP Ajanı Nasıl Güncellenir?"" başlığındaki adımları uyguladıktan sonra işlemi yeniden yapmayı dener misiniz?
https://bilge.kuveytturk.com.tr/genel/24374-dlp-forcepoint-one-endpoint","hatasoy",NULL,NULL
1301376,"14",NULL,5768,"hasas veri uyarısı","merhaba çalışmakta olduğumuz iki firmamıza 31.12.2025 tarihli kaşe imzalı mutabakat formuyla birlikte imza sirküleride istenmektedir. Fakat hasas veri ayrıısına  takıldığı için iletilememktedir. konu ile ilgili yardımlarınız rica olunur.","2","4",18271,"hatasoy","2026-01-08 14:40:21.663","2026-01-08 14:40:33.087","2026-01-08 12:07:37.877","Mailiniz 5 dakika içerisinde karşıya iletilecektir. Tekrar göndermenize gerek yoktur.","10","3","Mailiniz 5 dakika içerisinde karşıya iletilecektir. Tekrar göndermenize gerek yoktur.","hatasoy",NULL,NULL
1301375,"14",NULL,5768,"İş güvenliği evrk. hk.","İş güvenliği evrakların imzalı nüshalarını mail olarak talep etmiş olup, ilgili evraklar sisteme takılmıştır,

Bu hususta yardımlarınızı talep ederiz.","2","4",18271,"hatasoy","2026-01-08 14:30:02.847","2026-01-08 14:34:14.637","2026-01-08 12:11:39.28","Mailiniz 5 dakika içerisinde karşıya iletilecektir. Tekrar göndermenize gerek yoktur.","10","3","Mailiniz 5 dakika içerisinde karşıya iletilecektir. Tekrar göndermenize gerek yoktur.","hatasoy",NULL,NULL
1301370,"14",NULL,5768,"SİGROTA POLİÇELERİ VE EGM NUMARALARI HAKKINDA","Merhaba müşterize 3 adet tog araç alınmıştır. kasko poliçeleri ve ruhsat işlemleri için egm numaraları atılmıştır ancak veri korumaya takılmıştır. desteklerinizi arz ederiz.","2","4",18271,"hatasoy","2026-01-08 14:26:58.143","2026-01-08 14:27:23.14","2026-01-08 12:08:37.48","Mailiniz 5 dakika içerisinde karşıya iletilecektir. Tekrar göndermenize gerek yoktur.","10","3","Mailiniz 5 dakika içerisinde karşıya iletilecektir. Tekrar göndermenize gerek yoktur.","hatasoy",NULL,NULL
1301293,"14",NULL,5768,"TCKN verisinden Dolayı Yazıcı hatası","Merhaba,  
Giden Sermaye Transfer işlemlerinin çıktısının alınıp raporlama  yapılması gerekiyor ancak yazıcıya belge gönderdiğimde '' TCKN Verisi Paylaşımı - Güvenlik Bilgilendirmesi '' hatası alıyorum . 
İstisna tanımlamasının yapılmasını rica ederim. 
İyi çalışmalar.","2","4",18271,"hatasoy","2026-01-08 11:57:54.867","2026-01-08 14:05:51.043","2026-01-08 10:56:42.567","Merhaba,
Aşağıdaki linkte yer alan ""DLP Ajanı Nasıl Güncellenir?"" başlığındaki adımları uyguladıktan sonra işlemi yeniden yapmayı dener misiniz?
https://bilge.kuveytturk.com.tr/genel/24374-dlp-forcepoint-one-endpoint","10","3","Merhaba,
Aşağıdaki linkte yer alan ""DLP Ajanı Nasıl Güncellenir?"" başlığındaki adımları uyguladıktan sonra işlemi yeniden yapmayı dener misiniz?
https://bilge.kuveytturk.com.tr/genel/24374-dlp-forcepoint-one-endpoint","hatasoy",NULL,NULL
1301305,"14",NULL,5768,"Veri Koruma Sistemi İstisna Tanımlama hk","Merhaba,

Katılım sağlık ekranlarına kayıt açmak için ekli mail gönderilmesi ihtiyaç hasıl olmuştur.","2","4",18271,"hatasoy","2026-01-08 11:57:21.023","2026-01-08 11:57:32.897","2026-01-08 11:05:57.027","Mailiniz 5 dakika içerisinde karşıya iletilecektir. Tekrar göndermenize gerek yoktur.","10","3","Mailiniz 5 dakika içerisinde karşıya iletilecektir. Tekrar göndermenize gerek yoktur.","hatasoy",NULL,NULL
1301277,"14",NULL,5768,"yetki verilmesi hk.","merhaba,

müşteriye iletmemiz gereken maili iletemiyoruz yardımlarınızı rica ederim.","2","4",18271,"hatasoy","2026-01-08 11:55:08.27","2026-01-08 11:55:23.797","2026-01-08 10:40:49.24","Mailiniz 5 dakika içerisinde karşıya iletilecektir. Tekrar göndermenize gerek yoktur.","10","3","Mailiniz 5 dakika içerisinde karşıya iletilecektir. Tekrar göndermenize gerek yoktur.","hatasoy",NULL,NULL
1301259,"14",NULL,5768,"mail istisna tanımlama hk","merhaba, 6058054 DEBATEKS TEKSTİL müşterimiz Deniz Bey in dkaratas@debateks.com mail adresine ödeme protokolü gönderdik, mail veri koruma sistemine takıldı, mailin iletilmesi için istisna tanımlanmasını rica ederiz","2","4",18271,"hatasoy","2026-01-08 11:49:27.123","2026-01-08 11:49:47.073","2026-01-08 10:27:57.107","Mailiniz 5 dakika içerisinde karşıya iletilecektir. Tekrar göndermenize gerek yoktur.","10","3","Mailiniz 5 dakika içerisinde karşıya iletilecektir. Tekrar göndermenize gerek yoktur.","hatasoy",NULL,NULL
1301253,"14",NULL,5768,"veri kısıt kaldırma","merhaba 
sene sonu mutabakatları için çıktı almam gerekiyor. gks , ipotek listesi vs. ancak kısıt oldugundan yazıcıya gönderemiyorum . konu hakkında yardımcı olabilir misiniz","2","4",21474,"hatasoy","2026-01-08 11:47:57.593","2026-01-08 11:50:25.03","2026-01-08 10:25:38.733","Kullanıcı geri dönüşü sonrasında mercek talebi kapatılmıştır.","10","3","Kullanıcı geri dönüşü sonrasında mercek talebi kapatılmıştır.","hatasoy",NULL,NULL
1301247,"14",NULL,5768,"ACİLDİR...","merhabalar,

ilgili kısıtlanan mailimi serbest bırakmanızı rica eder kolaylıklar dilerim



Çok hassas verileri 2026-01-08 10:19:32 tarihinde mguler@moneygram.com, DValerio@moneygram.com, BEroglu@moneygram.com, muhammet.uregil@architecht.com adresine göndermek istediniz. 
Göndermek istediğiniz dosya Veri Koruma Sistemi tarafından çok hassas veri kategorisinde sınıflandırıldığı için engellenmiştir.

Kuveyt Türk Veri Güvenliği Ekibi","2","4",18271,"hatasoy","2026-01-08 11:47:15.593","2026-01-08 11:47:31.19","2026-01-08 10:20:14.367","Mailiniz 5 dakika içerisinde karşıya iletilecektir. Tekrar göndermenize gerek yoktur.","10","3","Mailiniz 5 dakika içerisinde karşıya iletilecektir. Tekrar göndermenize gerek yoktur.","hatasoy",NULL,NULL
1301308,"14",NULL,5768,"mail gönderimi hkkında","Sayın Ahmet Kuru / Kuveyt Türk - Tavukçuyolu Ticari Şubesi,

Kuveyt Türk müşterilerine ait hesap ekstresi dosyasının 2026-01-08 11:08:14 tarihinde erkan.aydin@oksid.com.tr adresine göndermek istediniz. Bu mailiniz Bilgi Güvenliği Politikaları gereğince engellenmiştir. Hesap ekstresini akıştan çıkartarak gönderim işlemini yeniden deneyebilirsiniz.

Hesap ektresi paylaşımı müşterinin BOA'da kayıtlı olan mail adresine sadece BOA üzerinden gönderilebilmektedir. BOA üzerinden iletilen mailin müşteriye ulaşmadığı durumda ilgili mail adresinin müşteri tarafından aktif olarak kullanıp kullanılmadığını teyit ediniz. 

Müşteriye ait hesap ekstresinin iş bilgisayarındaki mail uygulaması üzerinden gönderilmesi gerekliyse BT Mercek Talep – Çağrı Oluştur ekranından “Yetki ve Erişim Talepleri > Veri Koruma Sistemi İstisna Tanımlama” kategorisinden çağrı oluşturabilirsiniz.

Kuveyt Türk Veri Güvenliği Ekibi


Bağımsız denetim için imzalı talep edilmiştir. desteklerinizi rica ederiz.","2","4",18271,"hatasoy","2026-01-08 11:45:54.537","2026-01-08 11:46:09.347","2026-01-08 11:09:19.433","Mailiniz 5 dakika içerisinde karşıya iletilecektir. Tekrar göndermenize gerek yoktur.","10","3","Mailiniz 5 dakika içerisinde karşıya iletilecektir. Tekrar göndermenize gerek yoktur.","hatasoy",NULL,NULL
1301233,"14",NULL,5768,"swift pdf gönderimi veri kouruma hatası","Merhaba müşteirmize transfer swiftlerini pdf olarka isteidği için pdf olarak mail atmak istediğimzide veri korumaya takılıyor.Bizim için önemli bir husus olup yardımlarınızı talep ederiz.","2","4",18271,"hatasoy","2026-01-08 11:44:53.497","2026-01-08 11:53:10.14","2026-01-08 10:07:43.443","Mailiniz 5 dakika içerisinde karşıya iletilecektir. Tekrar göndermenize gerek yoktur.","10","3","Mailiniz 5 dakika içerisinde karşıya iletilecektir. Tekrar göndermenize gerek yoktur.","hatasoy",NULL,NULL
1301231,"14",NULL,5768,"Ensar Vakfı ile iade dekont listesini paylaşamamamız hk.","Merhaba,

Ensar Vakfı ile okul garantili anlaşma yaptığımız için, veli gün sorgulama gün sayısı geçtiğinde eğer veli ödeme yapmadıysa ots tutarlarını okuldan geri tahsil ediyoruz. Ancak okulun bunu takip edebileceği bir veri bulunmamaktadır. Bu nedenle listeyi ve listedeki öğrencilerin bilgilerini paylaşmamız gerekmektedir. 

Mailin iletilebilmesini rica ederim.

İyi çalışmalar.","2","4",18271,"hatasoy","2026-01-08 11:43:31.183","2026-01-08 11:51:43.69","2026-01-08 10:02:54.037","Mailiniz 5 dakika içerisinde karşıya iletilecektir. Tekrar göndermenize gerek yoktur.","10","3","Mailiniz 5 dakika içerisinde karşıya iletilecektir. Tekrar göndermenize gerek yoktur.","hatasoy",NULL,NULL
1301230,"14",NULL,5768,"Mutabakat maillerinin veri korumaya takılması hakkında","Merhaba

dokümanlarda yer alan 6 adet mutabakat maili veri korumaya takılmıştır. serbest bırakılması rica olunur.

iyi çalışmalar.","2","4",18271,"hatasoy","2026-01-08 11:40:00.847","2026-01-09 15:38:06.03","2026-01-08 10:04:50.117","Kullanıcıdan alınan geri dönüş sonrasında denetim faaliyetleri kapsamında ilgili firmalara mail iletimi iş süreçleri kapsamında değerlendirilmiştir mailler bu doğrultuda iletilmiştir.","10","3","Kullanıcıdan alınan geri dönüş sonrasında denetim faaliyetleri kapsamında ilgili firmalara mail iletimi iş süreçleri kapsamında değerlendirilmiştir mailler bu doğrultuda iletilmiştir.","hatasoy",NULL,NULL
1301221,"14",NULL,5768,"veri kporuma sistemi","Merhaba ;
94502319 müşterimiz sene başından itibaren cebim pos yapılan işlemler raporunu excel formatında istemiştir.Fakat göndermek istediğimiz veri güvenlik koruma sistemine takılıyor.yardımlarınızı rica ederim.","2","4",18271,"hatasoy","2026-01-08 11:35:04.113","2026-01-08 11:35:18.557","2026-01-08 09:56:03.697","Mailiniz 5 dakika içerisinde karşıya iletilecektir. Tekrar göndermenize gerek yoktur.","10","3","Mailiniz 5 dakika içerisinde karşıya iletilecektir. Tekrar göndermenize gerek yoktur.","hatasoy",NULL,NULL
1301216,"14",NULL,5768,"Dosya Paylaşımı Hk","Merhaba, Güvenlik görevlilerimiz zorunlu eğitimlerinde anlaşmalı olduğumuz tedarikçi firmamız Akademi Güvenlik Eğitimi'ne ekteki excel dosyasını mail yoluyla göndermek için yetki talep etmekteyim. Yardımlarınızı rica ederim.","2","4",18271,"hatasoy","2026-01-08 11:32:17.837","2026-01-08 11:34:38.577","2026-01-08 09:53:28.847","Mailiniz 5 dakika içerisinde karşıya iletilecektir. Tekrar göndermenize gerek yoktur.","10","3","Mailiniz 5 dakika içerisinde karşıya iletilecektir. Tekrar göndermenize gerek yoktur.","hatasoy",NULL,NULL
1301318,"14",NULL,5768,"Mail serbest bırakılması hk.","Merhaba

Müşteriye proje evrakları iletilmek istenilkdiğinde formlardaki iban kyanklı hasas veri uyarısı vermektedir.Desteklerinizi rica ederiz.","2","4",18271,"hatasoy","2026-01-08 11:28:11.707","2026-01-08 11:28:52.203","2026-01-08 11:13:54.093","Mailiniz 5 dakika içerisinde karşıya iletilecektir. Tekrar göndermenize gerek yoktur.","10","3","Mailiniz 5 dakika içerisinde karşıya iletilecektir. Tekrar göndermenize gerek yoktur.","hatasoy",NULL,NULL
1299059,"14",NULL,5768,"[Aciklama kismindaki sunuculariniz restart beklemektedir. En kısa zamanda planlı bir şekilde sunucuyu restart ediniz.]","[SRVSECGFTP
]","2","3",21474,"scakici","2026-01-08 10:19:54.13","2026-01-23 12:21:42.277",NULL,"İşlem tamamlanmıştır.","10","5","İşlem tamamlanmıştır.","scakici",NULL,NULL
1300904,"14",NULL,5768,"mail gönderimi","merhaba denetim ekibinin istediği çalışma için kendilerine excel gönderiyorum fakat veri güvenliğine takılmaktadır. Müşteri özel bilgisi veya kurum özel bilgisi vs herhangi bir durum söz konusu değildir. son attığım maile izin verilmesini rica ederim.

iyi çalışmalar","2","4",18271,"scakici","2026-01-08 10:00:55.313","2026-01-08 10:00:49.403","2026-01-07 14:23:16.28","Mailiniz serbest bırakılmıştır. Tekrar göndermenize gerek yoktur.","10","3","Mailiniz serbest bırakılmıştır. Tekrar göndermenize gerek yoktur.","scakici",NULL,NULL
1300882,"14",NULL,5768,"Mail Gönderimi Serbest Bırakılması","Merhaba,


muhasebem34@gmail.com adresine iştiraklerimizin fatura ve belgelerini iletmemiz gerekmektedir, veri korumaya takıldığından acil desteklerinizi talep ederiz. Üst yönetim mali tabloların oluşturulmasını beklemektedir.","2","4",18271,"scakici","2026-01-08 09:56:34.693","2026-01-08 09:56:33.527","2026-01-07 13:50:26.84","Mailiniz serbest bırakılmıştır. Tekrar göndermenize gerek yoktur.","10","3","Mailiniz serbest bırakılmıştır. Tekrar göndermenize gerek yoktur.","scakici",NULL,NULL
1301160,"14",NULL,5768,"mutabakat sayım hakkında","mutabakat sayım için temınat lıstesı çıktı alınacaktır.","2","4",18271,"scakici","2026-01-08 09:55:41.343","2026-01-08 11:05:11.347","2026-01-08 09:13:31.183","Aşağıdaki linkte yer alan ""DLP Ajanı Nasıl Güncellenir?"" başlığındaki adımları uyguladıktan sonra işlemi yeniden yapmayı dener misiniz?
https://bilge.kuveytturk.com.tr/genel/24374-dlp-forcepoint-one-endpoint#dlp-ajani-nasil-guncellenir","10","3","Talep ettiğiniz dosya/rapor  hassas veri içermektedir. Bu verilerin çıktı alınması, paylaşılması veya fiziksel ortamda saklanması durumunda sorumluluk veri çıktısını alan kişiye aittir.

Lütfen işlemi gerçekleştirmeden önce çıktı alınmasının gerçekten elzem olup olmadığını değerlendirerek ihtiyaç hakkında daha detaylı bilgi iletiniz. 

Çıktı alma işlemine devam etmek istiyorsanız, veri güvenliği konusundaki sorumluluğun tarafınıza ait olduğunu teyit etmiş sayılırsınız.","scakici",NULL,NULL
1300963,"14",NULL,5768,"Maskesiz Veri Kullanımı Vergi Numarası Verisi","Merhaba, JupyterLab üzerinde leasing yeni müşteri modeli çalışması yapmaktayım. Veri nimet plus eğitim projesidir. Aynı zamanda leasing takımı için çıktı oluşturacaktır. Model çalışması yapabilmek adına veri yüklemem gerekiyor. Yüklediğim veride herhangi bir TCKN/VKN verisi olmamasına rağmen yükleme yapamıyorum. 
KTVERIBILIMCI adıyla eğitim için oluşturulmuş ortam ve localde yüklü olan anaconda üzerinde denedim. İkisinde de aynı uyarıyı aldım.
Konuyla ilgili yardımlarınızı rica ederim.","2","4",18271,"scakici","2026-01-08 09:25:34.3","2026-01-22 15:04:14.613","2026-01-07 15:20:04.883","İşleme gerek kalmamıştır.","10","3","İşleme gerek kalmamıştır.","scakici",NULL,NULL
1300995,"14",NULL,5768,"Veri Koruma Sistemi İstisna Tanımlama talebi hk","Merhaba,

katılım sağlık uygulamasına giriş yapmak için tarama yaptığım pdf belgeleri mail atmamı sistem engelliyor, yardım arz rica ederim.","2","4",18271,"scakici","2026-01-08 09:21:56.953","2026-01-08 09:21:56.117","2026-01-07 15:58:46.29","Mailiniz serbest bırakılmıştır. Tekrar göndermenize gerek yoktur.","10","3","Mailiniz serbest bırakılmıştır. Tekrar göndermenize gerek yoktur.","scakici",NULL,NULL
1301041,"14",NULL,5768,"Outloot hatası hk.","Outlookda gelen e postayı toplantı (hatırlatma olarak) girmek istediğimde kuruluşunuz bu öğeyi etiketlemenizi istiyor uyarısı çıkmaya başlamıştır. Uyarı görüntüsü ektedir. Yardımcı olabilir misiniz?","3","4",21474,"hatasoy","2026-01-08 08:17:53.773","2026-01-26 10:49:03.55","2026-01-07 17:24:02.06","Merhabalar,

Toplantı oluştururken Ayrıntılar bölümünde sağ üstte bulunan duyarlılık alanından veri sınıfını seçmeniz gerekmektedir. Bu doğrultuda toplantı oluşturması gerçekleştirilecektir.","10","3","Merhabalar,

Toplantı oluştururken Ayrıntılar bölümünde sağ üstte bulunan duyarlılık alanından veri sınıfını seçmeniz gerekmektedir. Bu doğrultuda toplantı oluşturması gerçekleştirilecektir.","hatasoy",NULL,NULL
1300993,"14",NULL,5768,"USB Erişim İzni Hk.","Merhabalar,

TradePlus ekibine Product Owner olarak atandım. Test telefonu cihazını USB ile PC'ye bağlanıp TradePlus uygulaması üzerinden sunum yapmak istiyorum. Test cihazını USB ile PC'ye bağlayınca Symantec Endpoint Protection - Disable device yapıyor erişim için yardımcı olur musunuz ?","3","4",18271,"scakici","2026-01-07 16:39:18.787","2026-01-09 15:52:45.507","2026-01-07 15:34:42.617","Merhaba, 

Uygun değildir.","10","3","Merhaba, 

Uygun değildir.","scakici",NULL,NULL
1300951,"14",NULL,5768,"Acildir! Hesap Ektresi Paylaşım Hatası Hk.","Merhaba,

Moneygram firmasına gönderdiğim bir mail sebebiyle divite koyduğum maili almaktayım. Mail ekinde herhangi bir ekstre ya da müşteri verisi yer almamaktadır. Çalıştığımız bir firma olması sebebiyle tarafımızdan bazı belge talepleri olmuştur ve buna istinaden belge iletilmektedir. Fakat sürekli veri uyarı hatası almam sebebiyle mail gönderememekteyim. Konu ile ilgili bizden dönüş bekliyorlar. İş akışımızın aksamaması için konu ile ilgili ivedi yardımlarınızı beklemekteyim.","2","4",18271,"hatasoy","2026-01-07 15:26:40.853","2026-01-07 15:27:04.603","2026-01-07 15:05:06.267","Mailiniz 5 dakika içerisinde karşıya iletilecektir. Tekrar göndermenize gerek yoktur.","10","3","Mailiniz 5 dakika içerisinde karşıya iletilecektir. Tekrar göndermenize gerek yoktur.","hatasoy",NULL,NULL
1300884,"14",NULL,5768,"yıl sonu mutabakat ve ekstre gönderimleri hk.","Merhaba ; kurumsal şube yıl sonu mutabakat ve ekstre gönderimi konusunda aşağıdaki mail adreslerine istisna tanımlanmasını talep ederiz. 
'fatih.ozkan@klvgroup.com ''s.basalan@karardenetim.com.tr'","2","4",18271,"hatasoy","2026-01-07 15:23:34.703","2026-01-07 15:23:49.857","2026-01-07 13:55:26.067","Mailiniz 5 dakika içerisinde karşıya iletilecektir. Tekrar göndermenize gerek yoktur.","10","3","Mailiniz 5 dakika içerisinde karşıya iletilecektir. Tekrar göndermenize gerek yoktur.","hatasoy",NULL,NULL
1300682,"14",NULL,5768,"MAİL HAKK","Sayın Fatih Karaci / Kuveyt Türk - Trabzon Şubesi,

Çok gizli kategorisinde etiketlenen bu doküman 2026-01-07 10:50:11 tarihinde info@ajintgroup.com adresine göndermek istediniz. Bilgi güvenliği politikaları gereğince bu işlem engellenmiştir.

İş kapsamında gönderim işleminin yapılması gerekliyse BT Mercek Talep – Çağrı Oluştur ekranından “Yetki ve Erişim Talepleri > Veri Koruma Sistemi İstisna Tanımlama” kategorisinden çağrı oluşturabilirsiniz.

Kuveyt Türk Veri Güvenliği Ekibi


MÜŞTERİMİZİN İLGİLİ ADRESİNE GÖNDERMEK İSTEDİĞİMİZ DÖVİZ GELİR BEYAN FORMLARINI İLETMEMİZ İÇİN İSTİSNA TANIMLAMASINI RİCA EDERİZ.","2","4",18271,"hatasoy","2026-01-07 15:21:46.153","2026-01-07 15:22:01.423","2026-01-07 10:50:46.157","Mailiniz 5 dakika içerisinde karşıya iletilecektir. Tekrar göndermenize gerek yoktur.","10","3","Mailiniz 5 dakika içerisinde karşıya iletilecektir. Tekrar göndermenize gerek yoktur.","hatasoy",NULL,NULL
1299069,"14",NULL,5768,"[Aciklama kismindaki sunuculariniz restart beklemektedir. En kısa zamanda planlı bir şekilde sunucuyu restart ediniz.]","[SPLDSCDB

SPLDSCAGENT02

SPLDSCAGENT03
]","2","3",5321,"scakici","2026-01-05 16:59:08.323","2026-01-08 10:13:22.657",NULL,"Restart edilecektir.","3","5","Restart edilecektir.","scakici",NULL,NULL
1300680,"14",NULL,5768,"yazıcıdan çıktı almak yetkisi hk","teminat sayımları  için exceli yazdırmak istiyoruz müşteri numarası olması nedeni ile hata almaktayız teminatların çıktısını almak için yetki vermenizi arz ederiz.","2","4",18271,"hatasoy","2026-01-07 15:20:30.463","2026-01-07 15:31:21.313","2026-01-07 10:48:10.307","Merhaba,
Aşağıdaki linkte yer alan ""DLP Ajanı Nasıl Güncellenir?"" başlığındaki adımları uyguladıktan sonra işlemi yeniden yapmayı dener misiniz?
https://bilge.kuveytturk.com.tr/genel/24374-dlp-forcepoint-one-endpoint","10","3","Merhaba,
Aşağıdaki linkte yer alan ""DLP Ajanı Nasıl Güncellenir?"" başlığındaki adımları uyguladıktan sonra işlemi yeniden yapmayı dener misiniz?
https://bilge.kuveytturk.com.tr/genel/24374-dlp-forcepoint-one-endpoint","hatasoy",NULL,NULL
1300677,"14",NULL,5768,"Mail Serbest Bırakılması Hakkında","Merhaba,
şirket ADK görüntüleme yetkisi olan kişilerin yetki süreleri dolmuştur.
İlgili kişilerin süre uzatımı için eksik evraklar istenmiştir.
Verinin serbest bırakılmasını talep ederiz.","2","4",18271,"hatasoy","2026-01-07 15:18:09.033","2026-01-07 15:18:20.22","2026-01-07 10:47:22.347","Mailiniz 5 dakika içerisinde karşıya iletilecektir. Tekrar göndermenize gerek yoktur.","10","3","Mailiniz 5 dakika içerisinde karşıya iletilecektir. Tekrar göndermenize gerek yoktur.","hatasoy",NULL,NULL
1300636,"14",NULL,5768,"müşteri mutabakatlarını gönderememe","müşteri mutabakat evrakları göndermek için tanımlama yapılmasını rica ederim .","2","4",18271,"hatasoy","2026-01-07 15:15:50.97","2026-01-07 15:16:10.657","2026-01-07 10:14:00.113","Mailiniz 5 dakika içerisinde karşıya iletilecektir. Tekrar göndermenize gerek yoktur.","10","3","Mailiniz 5 dakika içerisinde karşıya iletilecektir. Tekrar göndermenize gerek yoktur.","hatasoy",NULL,NULL
1300591,"14",NULL,5768,"Müşteri iletişim bilgileri döküman alma","Merhaba,

Müşteri bilgilerini içeren dökümanı yazı olarak telmin etmek için excel  formatını yazdıra bilmek için uygunluk arz ederim.

Yeni müşteri iletişim bilgileri ziyaret sırasında iletişim kurmak için bilgiler yazdırılmak istenmektedir.","2","4",18271,"hatasoy","2026-01-07 15:14:00.26","2026-01-07 15:14:56.883","2026-01-07 09:34:17.75","Mailiniz 5 dakika içerisinde karşıya iletilecektir. Tekrar göndermenize gerek yoktur.","10","3","Mailiniz 5 dakika içerisinde karşıya iletilecektir. Tekrar göndermenize gerek yoktur.","hatasoy",NULL,NULL
1299728,"14",NULL,5768,"hassas veri mail","Şifreli veriyi 2026-01-05 15:56:14 tarihinde finans@semersahturizm.com, yunus.baltaci@kuveytturk.com.tr adresine göndermek istediniz. 
Göndermek istediğiniz dosya Veri Koruma Sistemi tarafından şifreli veri kategorisinde sınıflandırıldığı için engellenmiştir
ilgili adrese poliçe atmak istiyorum, hassa veriye takılıyor.yarrdımlarınızı rica ederm.","2","4",18271,"scakici","2026-01-07 15:01:30.95","2026-01-07 15:04:06.263","2026-01-05 15:56:51.547","Merhaba, 

İş süreciniz, ihtiyacınız ve talebiniz hakkında detaylı bilgi vermeniz gerekmektedir.","10","3","Merhaba, 

İş süreciniz, ihtiyacınız ve talebiniz hakkında detaylı bilgi vermeniz gerekmektedir.","scakici",NULL,NULL
1300655,"14",NULL,5768,"USB Erişimi Hakkında;","Merhaba, telefonumda bulunan etkinliklerimize ait fotoğrafların paylaşılması için BOA Cloud yüklesi yapmaya çalıştım ancak yükleme yapılamamaktadır, telefonumu bilgisayarada bağlayarak aktarabilirim ivedi çözüm için desteğinizi rica ederiz.","3","4",18271,"scakici","2026-01-07 14:36:04.747","2026-01-08 10:21:49.647","2026-01-07 10:17:27.273","Merhaba, 

Uygun değildir. SFTP kullanılabilir.","10","3","Merhaba, 

Uygun değildir. SFTP kullanılabilir.","scakici",NULL,NULL
1300494,"14",NULL,5768,"Veri Koruma","Merhabalar, Divitte yer alan mailim aracı ödeme kuruluşu TURKPARA tarafına gitmemektedir. Ekte müşteri ıban güncelleme talimatı bulunmakta olup iletilmesi konusunda desteklerinizi rica ederiz. İyi çalışmalar.","2","4",18271,"hatasoy","2026-01-07 14:35:56.213","2026-01-07 14:36:11.817","2026-01-07 07:58:38.277","Mailiniz 5 dakika içerisinde karşıya iletilecektir. Tekrar göndermenize gerek yoktur.","10","3","Mailiniz 5 dakika içerisinde karşıya iletilecektir. Tekrar göndermenize gerek yoktur.","hatasoy",NULL,NULL
1300459,"14",NULL,5768,"pwc çalışama","gönderim","2","4",18271,"hatasoy","2026-01-07 14:34:43.657","2026-01-07 14:34:57.66","2026-01-06 18:59:34.693","Mailiniz 5 dakika içerisinde karşıya iletilecektir. Tekrar göndermenize gerek yoktur.","10","3","Mailiniz 5 dakika içerisinde karşıya iletilecektir. Tekrar göndermenize gerek yoktur.","hatasoy",NULL,NULL
1300434,"14",NULL,5768,"geri ödeme teklifleri hk","Müşterimiz Srl inşaat firmasına talep edilen teklifler ile alakalı mail atılmış olup veri korumaya takılmıştır. istisna tanımı hususunda desteklerinizi arz ederiz.","2","4",18271,"hatasoy","2026-01-07 14:34:13.38","2026-01-07 14:34:27.52","2026-01-06 16:50:47.033","Mailiniz 5 dakika içerisinde karşıya iletilecektir. Tekrar göndermenize gerek yoktur.","10","3","Mailiniz 5 dakika içerisinde karşıya iletilecektir. Tekrar göndermenize gerek yoktur.","hatasoy",NULL,NULL
1300366,"14",NULL,5768,"mail gönderimi","müşterinin teyit alınarak leasing işlemine devam edilebilmesi için ; 
ilgili mail adresinin istisna olarak tanımlanmasını rica ederiz.

info@ankaraprofesyonel.com.tr 
sezgin@imer.com","2","4",18271,"hatasoy","2026-01-07 14:32:55.907","2026-01-07 14:33:09.557","2026-01-06 15:49:56.95","Mailiniz 5 dakika içerisinde karşıya iletilecektir. Tekrar göndermenize gerek yoktur.","10","3","Mailiniz 5 dakika içerisinde karşıya iletilecektir. Tekrar göndermenize gerek yoktur.","hatasoy",NULL,NULL
1300346,"14",NULL,5768,"vergi çalışmaları","merhaba,

PwC ye yıl sonu kapsamında gönderilecek veriyi iletebilir misiniz?","2","4",18271,"hatasoy","2026-01-07 14:27:17.72","2026-01-07 14:28:51.453","2026-01-06 15:26:27.953","Mailiniz 5 dakika içerisinde karşıya iletilecektir. Tekrar göndermenize gerek yoktur.","10","3","Mailiniz 5 dakika içerisinde karşıya iletilecektir. Tekrar göndermenize gerek yoktur.","hatasoy",NULL,NULL
1300357,"14",NULL,5768,"pwc veri gönderi mi","merhaba pwc ye yıl sonu kapsamında gönderilmesi gerekiyor.","2","4",18271,"hatasoy","2026-01-07 14:27:12.043","2026-01-07 14:29:11.09","2026-01-06 15:39:59.207","Mailiniz 5 dakika içerisinde karşıya iletilecektir. Tekrar göndermenize gerek yoktur.","10","3","Mailiniz 5 dakika içerisinde karşıya iletilecektir. Tekrar göndermenize gerek yoktur.","hatasoy",NULL,NULL
1300311,"14",NULL,5768,"Pos seri bilgisi iletilmesi hk","Merhaba, Pos stok mutabakatı için ekteki mailin teknik firmamıza iletilmesini talep ederiz.","2","4",18271,"hatasoy","2026-01-07 14:25:05.897","2026-01-07 14:26:28.3","2026-01-06 14:47:50.307","Mailiniz 5 dakika içerisinde karşıya iletilecektir. Tekrar göndermenize gerek yoktur.","10","3","Mailiniz 5 dakika içerisinde karşıya iletilecektir. Tekrar göndermenize gerek yoktur.","hatasoy",NULL,NULL
1300295,"14",NULL,5768,"Apaydın Grup FYY // FYY Sözleşmesi (Mailine İstisna Tanımlanması Hk)","Merhaba, 

İlgili başılıklı ve too olarak Irmak Oğuzhan BAYRAM <Irmak.OGUZHAN@aschukuk.com> iletilen mail ,iş akışlarımız dahilinde olup istisna tanımlanması için desteklerinizi beklerim.

Teşekkürler.","2","4",18271,"hatasoy","2026-01-07 14:22:27.677","2026-01-07 15:12:25.497","2026-01-06 14:28:35.523","Mailiniz 5 dakika içerisinde karşıya iletilecektir. Tekrar göndermenize gerek yoktur.","10","3","Mailiniz 5 dakika içerisinde karşıya iletilecektir. Tekrar göndermenize gerek yoktur.","hatasoy",NULL,NULL
1299719,"14",NULL,5768,"A1/A2 Segment Müşteri Bilgileri Hk.","Merhaba, ekte yer alan A1/A2 müşteri listemizi pazarlama çalışması için yazdıramız gerekmekte olup konu hakkında yardımlarınızı rica ederiz. İyi çalışmalar.","2","4",18271,"hatasoy","2026-01-05 16:56:03.343","2026-01-05 17:06:14.043","2026-01-05 15:51:30.597","Merhaba,
Aşağıdaki linkte yer alan ""DLP Ajanı Nasıl Güncellenir?"" başlığındaki adımları uyguladıktan sonra işlemi yeniden yapmayı dener misiniz?
https://bilge.kuveytturk.com.tr/genel/24374-dlp-forcepoint-one-endpoint","10","3","Merhaba,
Aşağıdaki linkte yer alan ""DLP Ajanı Nasıl Güncellenir?"" başlığındaki adımları uyguladıktan sonra işlemi yeniden yapmayı dener misiniz?
https://bilge.kuveytturk.com.tr/genel/24374-dlp-forcepoint-one-endpoint","hatasoy",NULL,NULL
1300259,"14",NULL,5768,"mail gönderimi hakkında","Sayın Ahmet Kuru / Kuveyt Türk - Tavukçuyolu Ticari Şubesi,

TCKN, IBAN veya Kart verisi maskeleme yöntemi kullanılmadan 2026-01-06 13:54:41 tarihinde erkan.aydin@oksid.com.tr adresine göndermek istediniz. Bilgi güvenliği politikaları gereğince bu işlem engellenmiştir. Bu müşteri verileri akıştan çıkartılarak veya IBAN verisi için ilk ve son 4 rakamı hariç (TR11XXXXXXXXXXXXXXXXXX1111) diğer rakamlarda maskeleme yöntemini, TCKN verisi için ilk ve son 2 rakamı hariç (11XXXXXXX11) diğer rakamlarda maskeleme yöntemini, kart verisi için ise ilk 6 ve son 4 rakamı hariç (1111 11XX XXXX 1111) diğer rakamlarda maskeleme yöntemi kullanılarak gönderim işlemini gerçekleştirebilirsiniz.

Müşteriye ait bu verileri maskelemeden iş kapsamı ihtiyacından dolayı gönderilmesi gerekliyse BT Mercek Talep – Çağrı Oluştur ekranından “Yetki ve Erişim Talepleri > Veri Koruma Sistemi İstisna Tanımlama” kategorisinden çağrı oluşturabilirsiniz.

Kuveyt Türk Veri Güvenliği Ekibi

konu hakkında desteklerinizi rica ederiz.","2","4",18271,"hatasoy","2026-01-07 14:20:21.53","2026-01-07 15:11:19.743","2026-01-06 13:55:19.973","Mailniz karşıya iletilmiştir, tekrar iletmenize gerek yoktur","10","3","Mailniz karşıya iletilmiştir, tekrar iletmenize gerek yoktur","hatasoy",NULL,NULL
1300258,"14",NULL,5768,"Mail","Merhaba,

İnternet bankacılığı kullanmak isteyen müşterimize mail gitmemekte.

İban vs yer almamasına rağmen sorun yaşamaktayız

Müşterinin acil internet bankacılığına giriş sağlaması gerekli

destek rica ederiz.","2","4",18271,"hatasoy","2026-01-07 14:16:58.467","2026-01-07 14:18:48.183","2026-01-06 13:55:25.36","Mailiniz 5 dakika içerisinde karşıya iletilecektir. Tekrar göndermenize gerek yoktur.","10","3","Mailiniz 5 dakika içerisinde karşıya iletilecektir. Tekrar göndermenize gerek yoktur.","hatasoy",NULL,NULL
1300235,"14",NULL,5768,"Müşteri Bilgileri - Güvenlik Bilgilendirmesi","merhabalar,
ekte yer alan doküman KT Portföy tarafından talep edilmiştir. mailin karşı tarafa gönderimi için yardımlarınızı rica ederiz.","2","4",18271,"hatasoy","2026-01-07 14:16:31.267","2026-01-07 14:16:42.893","2026-01-06 13:32:51.967","Mailiniz 5 dakika içerisinde karşıya iletilecektir. Tekrar göndermenize gerek yoktur.","10","3","Mailiniz 5 dakika içerisinde karşıya iletilecektir. Tekrar göndermenize gerek yoktur.","hatasoy",NULL,NULL
1299911,"14",NULL,5768,"swift.cbprplus-camt.053.001.08-to-mt","Swift MX mesaj yapısını MT ye çeviren Swift ' in sitesinde bulunan portalı kullanırken Endpoint DLP hatası alıyorum. Bu karşılaştırmayı yapmak zorundayım . Swift ' in kendi sitesinde bulunan uygulamayı uzun zamandır kullanmaktayız sadece bunu değil swift mx dönüşümü kapsamında yararlandığımız bir swift ' in uygulaması bulunmakta bu nedenle  https://www2.swift.com/mapping/#/   
https://www2.swift.com/mapping/#/sandbox/_HTmu4KV9EfCSJpTGFOr5Yw/swift.cbprplus-camt.053.001.08-to-mt    ilgili sitelere istisna tanımlanmasını rica ediyoruz .  www2.swift.com  bu sitelere herhangi bir kullanıcı giremiyor , ilgili mail adresi ilgili kurumlar tarafından yapılıp swift ' in onay verdiği kullanıcılar tarafından erişim sağlanabiliyor.","2","4",18271,"scakici","2026-01-07 14:10:13.203","2026-01-07 14:57:54.44","2026-01-06 08:55:54.927","Aşağıdaki linkte yer alan ""DLP Ajanı Nasıl Güncellenir?"" başlığındaki adımları uyguladıktan sonra işlemi yeniden yapmayı dener misiniz?
https://bilge.kuveytturk.com.tr/genel/24374-dlp-forcepoint-one-endpoint#dlp-ajani-nasil-guncellenir","10","3","Aşağıdaki linkte yer alan ""DLP Ajanı Nasıl Güncellenir?"" başlığındaki adımları uyguladıktan sonra işlemi yeniden yapmayı dener misiniz?
https://bilge.kuveytturk.com.tr/genel/24374-dlp-forcepoint-one-endpoint#dlp-ajani-nasil-guncellenir","scakici",NULL,NULL
1300564,"14",NULL,5768,"merhaba teminatları saymamız için gks araç rehin listsi vb excel yazdırmak istediğimizde veri ihlali demektedir konu hakkında yardımlarınızı talep deriz.","merhaba teminatları saymamız için gks araç rehin listsi vb excel yazdırmak istediğimizde veri ihlali demektedir konu hakkında yardımlarınızı talep deriz.","2","4",18271,"scakici","2026-01-07 11:14:50.35","2026-01-07 11:14:49.273","2026-01-07 09:20:04.383","Aşağıdaki linkte yer alan ""DLP Ajanı Nasıl Güncellenir?"" başlığındaki adımları uyguladıktan sonra işlemi yeniden yapmayı dener misiniz?
https://bilge.kuveytturk.com.tr/genel/24374-dlp-forcepoint-one-endpoint#dlp-ajani-nasil-guncellenir","10","3","Aşağıdaki linkte yer alan ""DLP Ajanı Nasıl Güncellenir?"" başlığındaki adımları uyguladıktan sonra işlemi yeniden yapmayı dener misiniz?
https://bilge.kuveytturk.com.tr/genel/24374-dlp-forcepoint-one-endpoint#dlp-ajani-nasil-guncellenir","scakici",NULL,NULL
1299993,"14",NULL,5768,"mail hassas veri gönderimi hk","Müşterimiz hesap hareketlerini ekstrede tam okuyamadığından hesabına gelen trasfer listesi paylaşmak istiyorum. açıklamalarda TCN ve VKN yazdığı için mail engelleniyor. 
SEÇPEKSAN GIDA <secpeksan@gmail.com> mail adresinin mail gönderebilmek için desteğinizi istiyorum.","3","4",21474,"hatasoy","2026-01-07 10:42:54.55","2026-01-09 11:22:49.703","2026-01-06 09:53:19.513","Müşteriden alınan geri dönüş sonrasında mail iletildiği bilgisi verilmiştir.","10","3","Müşteriden alınan geri dönüş sonrasında mail iletildiği bilgisi verilmiştir.","hatasoy",NULL,NULL
1300640,"14",NULL,5768,"Palmi DB DML İzni","Merhabalar,

suaidbdev kullanıcısı için Opal/Test ve Prep ortamlarda Palmi veritabanı için DML yetkisine ihtiyacımız bulunmaktadır. Konu hakkında yardımcı olabilir misiniz ?

Saygılarımla","2","4",18271,"scakici","2026-01-07 10:31:20.14","2026-01-07 15:17:28.437","2026-01-07 10:16:27.543","Veri erişim talepleri, veri erişim talep ekranı üzerinden sağlanmaktadır. Mercek üzerinden veri erişim talep onayı verilmemektedir.","10","3","Veri erişim talepleri, veri erişim talep ekranı üzerinden sağlanmaktadır. Mercek üzerinden veri erişim talep onayı verilmemektedir.","scakici",NULL,NULL
1300595,"14",NULL,5768,"eposta yetki talebi hk.","Merhaba,

Finansman ödemsesi sebebiyle satıcı tarafa ödeme taahhüdü iletmek, iban ve şube imza sirkülerimizi mail atabilmek için veri paylaşımı yapabilmek adına istisna tanımlanmasını talep etmekteyiz.

Değerli yardımlarınızı talep ederiz.","2","4",18271,"scakici","2026-01-07 09:48:14.103","2026-01-07 09:49:57.77","2026-01-07 09:33:06.487","Mailiniz serbest bırakılmıştır. Tekrar göndermenize gerek yoktur.","10","3","Mailiniz serbest bırakılmıştır. Tekrar göndermenize gerek yoktur.","scakici",NULL,NULL
1300224,"14",NULL,5768,"mail istisna","Merhaba,

Neova sigortaya sigorta tazminatı için iban belirtilerek mail atılacaktır istisna tanımlayabilirmiyiz  arz ederim.

İyi Çalışmalar.","2","4",18271,"hatasoy","2026-01-06 13:56:53.33","2026-01-06 13:57:11.297","2026-01-06 13:20:04.707","Mailiniz 5 dakika içerisinde karşıya iletilecektir. Tekrar göndermenize gerek yoktur.","10","3","Mailiniz 5 dakika içerisinde karşıya iletilecektir. Tekrar göndermenize gerek yoktur.","hatasoy",NULL,NULL
1300034,"14",NULL,5768,"Ekstre maili gönderimi hk.","Merhaba, müşterimize kaşe imzalı ekstre maili iletmek istedik fakat veri güvenliği uyarısı aldık. Tanımlama hususunda değerli yardımlarınızı rica ederiz.","2","4",18271,"hatasoy","2026-01-06 11:32:08.827","2026-01-06 11:32:43.613","2026-01-06 10:18:44.31","Mailiniz 5 dakika içerisinde karşıya iletilecektir. Tekrar göndermenize gerek yoktur.","10","3","Mailiniz 5 dakika içerisinde karşıya iletilecektir. Tekrar göndermenize gerek yoktur.","hatasoy",NULL,NULL
1300013,"14",NULL,5768,"Leasing Finansman Teklifleri Hakkında","Merhabalar;
6053196-ULUBAŞ İZOLASYON MALZEMELERİ KİMYA SANAYİ VE TİC. A.Ş. leasing finansmanı için teklifler iletilmiş olup; . Bilgi güvenliği politikaları gereği engellenmiştir. 
İstisna tanımlanmasını talep ederiz.","2","4",18271,"hatasoy","2026-01-06 11:29:11.653","2026-01-06 11:29:38.657","2026-01-06 10:05:06.787","Mailiniz 5 dakika içerisinde karşıya iletilecektir. Tekrar göndermenize gerek yoktur.","10","3","Mailiniz 5 dakika içerisinde karşıya iletilecektir. Tekrar göndermenize gerek yoktur.","hatasoy",NULL,NULL
1299978,"14",NULL,5768,"RE: SAĞLAM KREDİ DELİL TESPİT+TEDBİR ve SAĞLAM markalı başkaca başvuruları vs","Sayın Melike Münevver Özbek / Kuveyt Türk - Hukuk ve Takip İşleri Müdürlüğü,

TCKN, IBAN veya Kart verisi maskeleme yöntemi kullanılmadan 2026-01-06 09:40:29 tarihinde demet@usluhukuk.com, icratakip@mutlu.av.tr, davatakip@mutlu.av.tr, uslu@usluhukuk.com adresine göndermek istediniz. Bilgi güvenliği politikaları gereğince bu işlem engellenmiştir. Bu müşteri verileri akıştan çıkartılarak veya IBAN verisi için ilk ve son 4 rakamı hariç (TR11XXXXXXXXXXXXXXXXXX1111) diğer rakamlarda maskeleme yöntemini, TCKN verisi için ilk ve son 2 rakamı hariç (11XXXXXXX11) diğer rakamlarda maskeleme yöntemini, kart verisi için ise ilk 6 ve son 4 rakamı hariç (1111 11XX XXXX 1111) diğer rakamlarda maskeleme yöntemi kullanılarak gönderim işlemini gerçekleştirebilirsiniz.

Müşteriye ait bu verileri maskelemeden iş kapsamı ihtiyacından dolayı gönderilmesi gerekliyse BT Mercek Talep – Çağrı Oluştur ekranından “Yetki ve Erişim Talepleri > Veri Koruma Sistemi İstisna Tanımlama” kategorisinden çağrı oluşturabilirsiniz.

Kuveyt Türk Veri Güvenliği Ekibi
Sayın Melike Münevver Özbek / Kuveyt Türk - Hukuk ve Takip İşleri Müdürlüğü,

Çok sayıda TCKN verisini maskeleme işlemi yapmadan 2026-01-06 09:40:29 tarihinde demet@usluhukuk.com, icratakip@mutlu.av.tr, davatakip@mutlu.av.tr, uslu@usluhukuk.com adresine göndermek istediniz. Bilgi güvenliği politikaları gereğince bu işlem engellenmiştir. TCKN verisi akıştan çıkartılarak veya ilk ve son 2 rakamı hariç(11XXXXXXX11) diğer rakamlarda maskeleme yönt","2","4",18271,"hatasoy","2026-01-06 11:23:27.763","2026-01-06 11:30:02.57","2026-01-06 09:49:52.91","Mailiniz 5 dakika içerisinde karşıya iletilecektir. Tekrar göndermenize gerek yoktur.","10","3","Mailiniz 5 dakika içerisinde karşıya iletilecektir. Tekrar göndermenize gerek yoktur.","hatasoy",NULL,NULL
1299891,"14",NULL,5768,"BEYANNAME YAZDIRAMAMA SORUNU","MERHABA,

BEYANNAMEDE ŞUBE VKNLERİ OLMASINDAN ÖTÜRÜ YAZDIRAMAMAKTAYIZ. YAZDIRMA İŞLEMİNİN GÜVENLİĞİNİN KALDIRILMASINI TALEP EDERİZ.","2","4",18271,"hatasoy","2026-01-06 11:11:51.83","2026-01-06 11:19:47.413","2026-01-06 08:33:02.357","Merhaba,
Aşağıdaki linkte yer alan ""DLP Ajanı Nasıl Güncellenir?"" başlığındaki adımları uyguladıktan sonra işlemi yeniden yapmayı dener misiniz?
https://bilge.kuveytturk.com.tr/genel/24374-dlp-forcepoint-one-endpoint","10","3","Merhaba,
Aşağıdaki linkte yer alan ""DLP Ajanı Nasıl Güncellenir?"" başlığındaki adımları uyguladıktan sonra işlemi yeniden yapmayı dener misiniz?
https://bilge.kuveytturk.com.tr/genel/24374-dlp-forcepoint-one-endpoint","hatasoy",NULL,NULL
1299876,"14",NULL,5768,"İstisna konusunda","Bu içerikte bulunan özel nitelikli kişisel verileri 2026-01-06 07:58:08 tarihinde izleme@katilimkefalet.com.tr, zekeriyaaltun@katilimkefalet.com.tr, emelaskin@katilimkefalet.com.tr adresine göndermek istediniz. Bilgi güvenliği politikaları gereğince bu işlem engellenmiştir. Özel nitelikli kişisel verilerin hangi içerikleri barındırdığına dair bilgilere aşağıdaki linkte yer alan ""Özel Nitelikli Kişisel Veriler Nelerdir?"" başlığı altından erişim sağlayabilirsiniz. Linkteki bilgiler ile göndermek istediğiniz içerikteki bilgilere denk gelen kısımları akıştan çıkararak veri gönderimini gerçekleştirebilirsiniz.","2","4",18271,"hatasoy","2026-01-06 10:49:11.897","2026-01-06 10:49:31.76","2026-01-06 07:59:22.167","Mailiniz 5 dakika içerisinde karşıya iletilecektir. Tekrar göndermenize gerek yoktur.","10","3","Mailiniz 5 dakika içerisinde karşıya iletilecektir. Tekrar göndermenize gerek yoktur.","hatasoy",NULL,NULL
1299801,"14",NULL,5768,"hesap ekstresiveri koruma sorunu hk.","Merhaba,
758273-elte pano hesabından son 6 aylık TL hesap ekstresini yazdırmak istediğimde veri korumaya takiılyor. konu hakkında desteğinizi talep ederiz.","2","4",18271,"hatasoy","2026-01-06 10:43:32.733","2026-01-07 09:55:58.753","2026-01-05 17:03:56.903","Kullanıcı geri dönüşü sonrasında talep çözülmüştür.","10","3","Kullanıcı geri dönüşü sonrasında talep çözülmüştür.","hatasoy",NULL,NULL
1299787,"14",NULL,5768,"mail hk","merhaba 'abdurrahmaniraz@gmail.com' 1000609-ABDURRAHMAN İRAZ  müşterinin yazılan e postasına renkli kendi ekte bulunan hesap ekstersı verı guvenlıgıne takılmakta. İstisna tanımlayabılırmısınıuz","2","4",18271,"hatasoy","2026-01-06 10:41:56.777","2026-01-06 11:16:46.19","2026-01-05 16:56:08.22","Mailiniz 5 dakika içerisinde karşıya iletilecektir. Tekrar göndermenize gerek yoktur.","10","3","Mailiniz 5 dakika içerisinde karşıya iletilecektir. Tekrar göndermenize gerek yoktur.","hatasoy",NULL,NULL
1299786,"14",NULL,5768,"tayin geldiğim şubenin müşteri listesi çıktısı alarak ziyaret programı yapılması","müşteri  çıktısı alarak ziyaret programı yapılması","2","4",18271,"hatasoy","2026-01-06 10:39:21.16","2026-01-06 15:39:08.153","2026-01-05 16:55:38.953","Talep ettiğiniz dosya/rapor  hassas veri içermektedir. Bu verilerin çıktı alınması, paylaşılması veya fiziksel ortamda saklanması durumunda sorumluluk veri çıktısını alan kişiye aittir.
 
Çıktı alma işlemine devam etmek istiyorsanız, veri güvenliği konusundaki sorumluluğun tarafınıza ait olduğunu teyit etmiş sayılırsınız.
 
Lütfen işlemi gerçekleştirmeden önce çıktı alınmasının gerçekten elzem olup olmadığını değerlendirerek ihtiyaç hakkında daha detaylı bilgi iletebilir misiniz ?","10","3","Talep ettiğiniz dosya/rapor  hassas veri içermektedir. Bu verilerin çıktı alınması, paylaşılması veya fiziksel ortamda saklanması durumunda sorumluluk veri çıktısını alan kişiye aittir.
 
Çıktı alma işlemine devam etmek istiyorsanız, veri güvenliği konusundaki sorumluluğun tarafınıza ait olduğunu teyit etmiş sayılırsınız.
 
Lütfen işlemi gerçekleştirmeden önce çıktı alınmasının gerçekten elzem olup olmadığını değerlendirerek ihtiyaç hakkında daha detaylı bilgi iletebilir misiniz ?","hatasoy",NULL,NULL
1299743,"14",NULL,5768,"mail gönderimi hk.","Merhaba;
 05/01/2026 Pzt 16:06 tarihinde mehmet.gayran@igsas.com.tr adresine gönderilmek istenen ekteki mailin gönderimi için yardımlarınız rica olunur.","2","4",18271,"hatasoy","2026-01-06 10:37:11.423","2026-01-06 10:37:58.477","2026-01-05 16:14:42.823","Mailiniz 5 dakika içerisinde karşıya iletilecektir. Tekrar göndermenize gerek yoktur.","10","3","Mailiniz 5 dakika içerisinde karşıya iletilecektir. Tekrar göndermenize gerek yoktur.","hatasoy",NULL,NULL
1299763,"14",NULL,5768,"İmza sirküsü çıkarma izni","Merhabalar, Amerika vize evrakları için kurumumuzun imza sirkülerini çıkartacağım fakat sistemden aldığım hata maili ekte yer almaktadır. Konu ile alaklı istisna tanımlanmasını talep ediyorum. Desteklerinizi rica ederim.","2","4",18271,"scakici","2026-01-06 09:19:44.087","2026-01-06 09:22:59.913","2026-01-05 16:30:02.717","Aşağıdaki linkte yer alan ""DLP Ajanı Nasıl Güncellenir?"" başlığındaki adımları uyguladıktan sonra işlemi yeniden yapmayı dener misiniz?
https://bilge.kuveytturk.com.tr/genel/24374-dlp-forcepoint-one-endpoint#dlp-ajani-nasil-guncellenir","10","3","Aşağıdaki linkte yer alan ""DLP Ajanı Nasıl Güncellenir?"" başlığındaki adımları uyguladıktan sonra işlemi yeniden yapmayı dener misiniz?
https://bilge.kuveytturk.com.tr/genel/24374-dlp-forcepoint-one-endpoint#dlp-ajani-nasil-guncellenir","scakici",NULL,NULL
1299810,"14",NULL,5768,"ivanti yükleme hk.","Merhaba Kerem Bey,

Hafta sonu telefonu temizlerken ivanti de silindi. şimdi yükleyemiyorum. zaten kayıtlı bir cihaz var diye uyarı veriyor. bu sebeple ivantiyi tekrar yükleyemiyorum. boa mam kayıtlı cihazlardan cihaz kaydını silip tekrar yüklememiz gerekiyormuş.boadan var olan cihazı silebilirseniz ben tekrardan yükleyeceğim aynı cihaza ivantiyi. İşyeri dışında olduğum için mercek girişi yapıyorum.","3","4",19494,"keremt","2026-01-06 08:31:23.007","2026-01-06 08:34:38.297","2026-01-05 17:07:19.847","Cihaz retire edilmiştir. Yeniden kurulum yapabilirsiniz.","1","3","Cihaz retire edilmiştir. Yeniden kurulum yapabilirsiniz.","keremt",NULL,NULL
1299541,"14",NULL,5768,"sirküler paylaşımı","merhaba müşterimizle sirküler paylaşılacaktır. istisna rica ederiz.","2","4",18271,"scakici","2026-01-05 16:51:57.017","2026-01-05 16:52:57.85","2026-01-05 13:33:00.937","Merhaba, 

İş süreciniz, ihtiyacınız ve talebiniz ve mail saati ve gönderilen kişi hakkında detaylı bilgi vermeniz gerekmektedir.","10","3","Merhaba, 

İş süreciniz, ihtiyacınız ve talebiniz ve mail saati ve gönderilen kişi hakkında detaylı bilgi vermeniz gerekmektedir.","scakici",NULL,NULL
1299766,"14",NULL,5768,"Yurtiçi kargo","Merhaba ödenmesi gereken faturalar ile akalakı muhasebe birimimizin paylaştığı fatura detaylarını içerek exeli Yurtiçi kargoya revize etmesi için gönderirken veri güvenliğine takıldı aciliyeti vardır destek rica ederim.","2","4",18271,"hatasoy","2026-01-05 16:48:14.143","2026-01-05 16:48:29.5","2026-01-05 16:36:23.733","Mailiniz 5 dakika içerisinde karşıya iletilecektir. Tekrar göndermenize gerek yoktur.","10","3","Mailiniz 5 dakika içerisinde karşıya iletilecektir. Tekrar göndermenize gerek yoktur.","hatasoy",NULL,NULL
1299772,"14",NULL,5768,"MAİL İSTİSNA TALEBİ","2026-01-05 16:38:10 tarihinde şahsi mail adresime gönderdiğim evrak kişisel vize başvuru evrakıdır. acil olarak çıktı almam gerektiği için ilgili mail için istisna verilmesini rica ederim.","2","4",18271,"hatasoy","2026-01-05 16:46:42.85","2026-01-05 16:46:53.607","2026-01-05 16:40:53.133","Mailiniz 5 dakika içerisinde karşıya iletilecektir. Tekrar göndermenize gerek yoktur.","10","3","Mailiniz 5 dakika içerisinde karşıya iletilecektir. Tekrar göndermenize gerek yoktur.","hatasoy",NULL,NULL
1299718,"14",NULL,5768,"İstisna Hk","Merhaba, ekteki maili PWC ile paylaşmamız gerekmektedir. Yıl sonu işlemleri nedeniyle işlemin aciliyeti bulunmaktadır.","2","4",18271,"hatasoy","2026-01-05 16:40:52.007","2026-01-05 16:41:08.487","2026-01-05 15:52:31.153","Mailiniz 5 dakika içerisinde karşıya iletilecektir. Tekrar göndermenize gerek yoktur.","10","3","Mailiniz 5 dakika içerisinde karşıya iletilecektir. Tekrar göndermenize gerek yoktur.","hatasoy",NULL,NULL
1299671,"14",NULL,5768,"almazaya mutabakat","merhaba,

ekli mailin serbest bırakılmasını rica ederiz. almazaya mutabakat gönderimidir.","2","4",18271,"hatasoy","2026-01-05 16:38:31.64","2026-01-05 16:38:51.507","2026-01-05 15:15:33.39","Mailiniz 5 dakika içerisinde karşıya iletilecektir. Tekrar göndermenize gerek yoktur.","10","3","Mailiniz 5 dakika içerisinde karşıya iletilecektir. Tekrar göndermenize gerek yoktur.","hatasoy",NULL,NULL
1299636,"14",NULL,5768,"şahsi mailim hk.","merhaba, bir kurumdaki resmi bir iş için eşimin mailine ""kendi evraklarımı"" iletmem gerekiyor. istisna konusunda yardımlarınızı rica ederim.","2","4",18271,"hatasoy","2026-01-05 16:33:48.803","2026-01-05 16:34:00.553","2026-01-05 14:35:34.277","Mailiniz 5 dakika içerisinde karşıya iletilecektir. Tekrar göndermenize gerek yoktur.","10","3","Mailiniz 5 dakika içerisinde karşıya iletilecektir. Tekrar göndermenize gerek yoktur.","hatasoy",NULL,NULL
1299588,"14",NULL,5768,"mail istisna tanımlama hk","merhaba, 6058054 DEBATEKS TEKSTİL müşterimiz Deniz Bey in dkaratas@debateks.com mail adresine ödeme protokolü gönderdik, mail veri koruma sistemine takıldı, mailin iletilmesi için istisna tanımlanmasını rica ederiz.","2","4",18271,"hatasoy","2026-01-05 16:32:10.4","2026-01-05 16:32:22.02","2026-01-05 14:05:29.95","Mailiniz 5 dakika içerisinde karşıya iletilecektir. Tekrar göndermenize gerek yoktur.","10","3","Mailiniz 5 dakika içerisinde karşıya iletilecektir. Tekrar göndermenize gerek yoktur.","hatasoy",NULL,NULL
1299423,"14",NULL,5768,"Hesap Ekstresi Alımı","98103194 hesap numaralı müşterimiz vize başvurusu için hesap ektresi talebinde bulunmuştur. Bilgi güvenliği dolayısıyla hesap ekstresi alamamaktayım. 
Yazıcıdan yazdıramıyorum.
Konu hakkında çok acil yardımlarınızı dilerim","2","4",21474,"hatasoy","2026-01-05 15:58:51.783","2026-01-05 15:59:35.317","2026-01-05 11:32:56.567","Kullanıcı geri dönüşü sonrası müşteriye göndererek talep sonuçlanmıştır.","10","3","Kullanıcı geri dönüşü sonrası müşteriye göndererek talep sonuçlanmıştır.","hatasoy",NULL,NULL
1299279,"14",NULL,5768,"iş ortaklarımız","İlyas Kaya <ilyaskaya@ikahukuk.com>  ekli mail iş ortaklarımıza ait olup ,iletmemiz gereken bilgiler bulunmakta , mailin serbest bırakılmasını rica ederiz.","2","4",18271,"hatasoy","2026-01-05 15:24:29.123","2026-01-05 16:28:46.287","2026-01-05 10:19:59.57","Mailiniz 5 dakika içerisinde karşıya iletilecektir. Tekrar göndermenize gerek yoktur.","10","3","Merhaba,
 
İş süreciniz, ihtiyacınız ve talebiniz ve mail saati ve gönderilen kişi hakkında detaylı bilgi vermeniz gerekmektedir.","hatasoy",NULL,NULL
1299617,"14",NULL,5768,"İmaj kuurlu sonrası DLP takılma problemi","Merhaba,
Geçen hafta bilgisayarıma windows 11 imajı kuruldu. Her ay gönderdiğim review sununm raporunu gönderemiyorum. dosyanın içinde hangi sensitive bilgiye takılıyor? acil yardımcı olabilir misiniz?","2","4",21474,"scakici","2026-01-05 15:17:11.42","2026-01-05 16:55:37.963","2026-01-05 14:22:35.013","İşleme gerek kalmamıştır.","10","3","İşleme gerek kalmamıştır.","scakici",NULL,NULL
1299381,"14",NULL,5768,"Çıktı alamama sorunu;","Sayın Emre Pestel / Kuveyt Türk - İbrahimağa Caddesi Şubesi (41-359-W05.kuveytturk.local) ,

Vergi kimlik numarası verilerini maskeleme yöntemi kullanılmadan 2026-01-05 11:03:29 tarihinde \\srvsube-359\41-359-MFP01 adresine göndermek istediniz. Bilgi güvenliği politikaları gereğince bu işlem engellenmiştir. Bu verileri akıştan çıkararak veya aşağıda belirtilen maskeleme yöntemini akışta bulunan veriler için uygulayarak veri gönderimi yapabilirsiniz.
• Vergi kimlik numarasının ilk 6 rakamını XXXXXX1111 şeklinde maskeleyiniz.
Bu verilerin iş kapsamı ihtiyacından dolayı gönderilmesi gerekliyse BT Mercek Talep – Çağrı Oluştur ekranından “Yetki ve Erişim Talepleri > Veri Koruma Sistemi İstisna Tanımlama” kategorisinden çağrı oluşturabilirsiniz.

Kuveyt Türk Veri Güvenliği Ekibi","2","4",18271,"hatasoy","2026-01-05 15:11:58.113","2026-01-05 16:20:44.543","2026-01-05 11:12:45.463","Aşağıdaki linkte yer alan ""DLP Ajanı Nasıl Güncellenir?"" başlığındaki adımları uyguladıktan sonra işlemi yeniden yapmayı dener misiniz?
https://bilge.kuveytturk.com.tr/genel/24374-dlp-forcepoint-one-endpoint","10","3","Aşağıdaki linkte yer alan ""DLP Ajanı Nasıl Güncellenir?"" başlığındaki adımları uyguladıktan sonra işlemi yeniden yapmayı dener misiniz?
https://bilge.kuveytturk.com.tr/genel/24374-dlp-forcepoint-one-endpoint","hatasoy",NULL,NULL
1299376,"14",NULL,5768,"Ekstre hk","MErhabalar,

95956419 - YDM Petrol ve 6789735 celal yıldırım kredi kartı ekstre mail serbest bırakılması rica olunur.","2","4",18271,"hatasoy","2026-01-05 15:11:44.17","2026-01-05 16:37:12.907","2026-01-05 11:07:45.04","Teams üzerinden talep kapsamı müşteriye sorulmuştur","10","3","Teams üzerinden talep kapsamı müşteriye sorulmuştur","hatasoy",NULL,NULL
1299304,"14",NULL,5768,"Veri korumaya takılan mail hk.","Merhaba,

6767324 Numaralı müşterimiz için ekte iletmiş olduğum excelin ilgili maile gönderilmesini rica ederim.

İyi çalışmalar.","2","4",18271,"hatasoy","2026-01-05 15:07:34.337","2026-01-05 15:49:17.373","2026-01-05 10:30:17.97","Mailiniz 5 dakika içerisinde karşıya iletilecektir. Tekrar göndermenize gerek yoktur.","10","3","Mailiniz 5 dakika içerisinde karşıya iletilecektir. Tekrar göndermenize gerek yoktur.","hatasoy",NULL,NULL
1298256,"14",NULL,5768,"mail gönderimi","merhaba firmaya iletilen belglerin güvenlikten açılmasını arz ederim
'ismail terzi' <ismter0842@hotmail.com>; 'kadirkorkmaz@ozyapicilar.com'; 'info@ozyapicilar.com'; 'finans@ozyapicilar.com'","2","4",21474,"hatasoy","2026-01-05 15:03:58.757","2026-01-05 15:05:00.113","2025-12-31 12:26:10.55","Kullanıcıya teams üzerinden geri dönüş yapıldı talep detayı sorgulandı.","10","3","Kullanıcıya teams üzerinden geri dönüş yapıldı talep detayı sorgulandı.","hatasoy",NULL,NULL
1296988,"14",NULL,5768,"Tarama Exlude","Exclude edilmesi istenilen dizin: \\splktfs\BT Bilgi ve Veri Güvenliği\Guvenlik Yonetimi\02__SATINALMA VE SÖZLEŞMELER","1","4",22972,"keremt","2025-12-26 14:27:41.013","2025-12-26 14:28:33.49","2025-12-26 09:51:22.043","Mail üzerinden iletilen dosyalar eklenmiştir.","10","3","Mail üzerinden iletilen dosyalar eklenmiştir.","keremt",NULL,NULL
1299280,"14",NULL,5768,"Mail Gönderim Talebi","Merhaba,

Ekteki mail bankamızda kullanılan pos cihazlarına takılan sim hatları listesidir.
Teknik firmanın kullanabilmesi için ilgili mailin karşı tarafa gönderilmesini rica ederiz.

Teşekkür ederiz","2","4",18271,"hatasoy","2026-01-05 15:00:40.203","2026-01-05 15:00:56.637","2026-01-05 10:18:25.533","Mailiniz 5 dakika içerisinde karşıya iletilecektir. Tekrar göndermenize gerek yoktur.","10","3","Mailiniz 5 dakika içerisinde karşıya iletilecektir. Tekrar göndermenize gerek yoktur.","hatasoy",NULL,NULL
1299289,"14",NULL,5768,"Mail gönderim veri istisnası hk.","Merhaba,

'cbiricik@muhasebat.com.tr' mail adresine vergi ödemesi hakkında mail iletilmiştir. Mail ekinde şube VKN leri olmasından ötürü mail veri istisnası kapsamında güvenliğe takılmıştır. Mailin serbest bırakılmasını rica ederim.","2","4",18271,"hatasoy","2026-01-05 14:58:29.37","2026-01-05 14:58:48.163","2026-01-05 10:25:53.277","Mailiniz 5 dakika içerisinde karşıya iletilecektir. Tekrar göndermenize gerek yoktur.","10","3","Mailiniz 5 dakika içerisinde karşıya iletilecektir. Tekrar göndermenize gerek yoktur.","hatasoy",NULL,NULL
1299499,"14",NULL,5768,"EKSTRA YAZICIDA ÇIKARTAMAM","Merhaba;

Kişisel veri hatasında dolayı.Müşteri hesap ekstresi yazdıramamaktayız. yetki erişimin açılması için yardımlarınızı arz ederim.","2","4",21474,"hatasoy","2026-01-05 14:56:32.063","2026-01-05 14:57:01.917","2026-01-05 12:14:21.033","Kullanıcı mail gönderimine yönlendirilerek talep bu doğrultuda çözümlenmiştir.","10","3","Kullanıcı mail gönderimine yönlendirilerek talep bu doğrultuda çözümlenmiştir.","hatasoy",NULL,NULL
1299559,"14",NULL,5768,"İstisna Talebi Hk","Merhaba müşterilerimizden ve okul taksit anlaşmamızın bulunduğu istanbul ticaret üniversitesi firmasına ekte de bulunan öğrenci verilerinin paylaşılabilmesi adına mail istisna tanımlaması talep ediyoruz.","2","4",18271,"hatasoy","2026-01-05 14:55:12.95","2026-01-05 14:55:36.653","2026-01-05 13:45:52.03","Mailiniz 5 dakika içerisinde karşıya iletilecektir. Tekrar göndermenize gerek yoktur.","10","3","Mailiniz 5 dakika içerisinde karşıya iletilecektir. Tekrar göndermenize gerek yoktur.","hatasoy",NULL,NULL
1299316,"14",NULL,5768,"Notere gönderilen maillerin Müşteri verisi olarak sınıflandırılması ve gönderilememesi hk.","Merhaba, Servisimiz iş süreçleri gereği sürekli olarak noterle mailleşmeler yapmaktadır. Atılan maillerde vekaletnameler ve evraklar bulunmaktadır. Notere mail göndermek istediğimizde hata almaktayız veya politika ihlal edildi şeklinde mailler gelmektedir. İşlemlerimiz aksamaktadır, konuyla alakalı olarak ivedi yardımcı olabilir misiniz? Yapılacak olan işlemi birimimizin tamamı için yapabilir misiniz? Teşekkürler.","2","4",18271,"hatasoy","2026-01-05 14:50:35.697","2026-01-05 14:50:47.65","2026-01-05 10:36:29.397","Mailiniz 5 dakika içerisinde karşıya iletilecektir. Tekrar göndermenize gerek yoktur.","10","3","Mailiniz 5 dakika içerisinde karşıya iletilecektir. Tekrar göndermenize gerek yoktur.","hatasoy",NULL,NULL
1299361,"14",NULL,5768,"veri koruma istisna talebi","Merhaba ekte bilgileri bulunan mailim veri korumaya takılmış olup istisna tanımlanmasını rica ederim.","2","4",18271,"hatasoy","2026-01-05 14:47:02.983","2026-01-05 14:47:19.017","2026-01-05 11:00:34.767","Mailiniz 5 dakika içerisinde karşıya iletilecektir. Tekrar göndermenize gerek yoktur.","10","3","Mailiniz 5 dakika içerisinde karşıya iletilecektir. Tekrar göndermenize gerek yoktur.","hatasoy",NULL,NULL
1299479,"14",NULL,5768,"Mail hk.","S.a ipotek işlemi için Halk Bankasına atılan mail TCKN Verisi Paylaşımı- Güvenlik Bilgilendirmesi nedeniyle mail gönderilememetedir.Konu hakkında yardımlarınızı arz/rica ederiz. Saygılarımla,","2","4",18271,"hatasoy","2026-01-05 14:43:20.88","2026-01-05 14:43:35.38","2026-01-05 12:06:47.197","Mailiniz 5 dakika içerisinde karşıya iletilecektir. Tekrar göndermenize gerek yoktur.","10","3","Mailiniz 5 dakika içerisinde karşıya iletilecektir. Tekrar göndermenize gerek yoktur.","hatasoy",NULL,NULL
1299501,"14",NULL,5768,"İstisna Talebi Hk.","Merhaba,

Listede bulunan bilgiler iştirakimiz Kuveyt Türl Portföy rtarafından talep edilmiş olup sebebi mail geçmişinde yer almaktadır.

Konu ile ilgili yardımalrınızı rica ederiz.","2","4",18271,"hatasoy","2026-01-05 14:40:00.627","2026-01-05 14:40:15.637","2026-01-05 12:15:50.323","Mailiniz 5 dakika içerisinde karşıya iletilecektir. Tekrar göndermenize gerek yoktur.","10","3","Mailiniz 5 dakika içerisinde karşıya iletilecektir. Tekrar göndermenize gerek yoktur.","hatasoy",NULL,NULL
1299514,"14",NULL,5768,"YETKİ UZATIMI EVRAK PAYLAŞIMI HKK;","Merhaba,

Müşteriye internet yetkisi için delil sözleşmeleri , CRS-I , Kişisel verilerle ilgili onay faormları gönderielememktedir. 

İvedi Yardımlarınızı rica ederiz.","2","4",18271,"hatasoy","2026-01-05 14:37:25.62","2026-01-05 14:37:42.91","2026-01-05 12:27:00","Mailiniz 5 dakika içerisinde karşıya iletilecektir. Tekrar göndermenize gerek yoktur.","10","3","Mailiniz 5 dakika içerisinde karşıya iletilecektir. Tekrar göndermenize gerek yoktur.","hatasoy",NULL,NULL
1299550,"14",NULL,5768,"MAİL GÖNDEREMEME HK.","merhaba,

ekte bulunan müşterimize kvkk sözleşmesini mail atmak istediğimizde hassas veriye takılmaktadır. ilgili mailin serbest bırakılması konusunda onayınızı rica ederim.","2","4",21474,"hatasoy","2026-01-05 14:34:33.057","2026-01-05 14:34:49.08","2026-01-05 13:38:43.53","Mailiniz 5 dakika içerisinde karşıya iletilecektir. Tekrar göndermenize gerek yoktur.","10","3","Mailiniz 5 dakika içerisinde karşıya iletilecektir. Tekrar göndermenize gerek yoktur.","hatasoy",NULL,NULL
1299599,"14",NULL,5768,"almazaya firmasına gönderilen mail","merhaba,

ekli mailin serbest bırakılmasını rica ederiz. Almazaya firmasına ait mutabakat mektubudur.","2","4",18271,"hatasoy","2026-01-05 14:30:10.35","2026-01-05 14:30:23.37","2026-01-05 14:13:28.33","Mailiniz 5 dakika içerisinde karşıya iletilecektir. Tekrar göndermenize gerek yoktur.","10","3","Mailiniz 5 dakika içerisinde karşıya iletilecektir. Tekrar göndermenize gerek yoktur.","hatasoy",NULL,NULL
1299607,"14",NULL,5768,"Mutabakat taleplerine cevap","Deloitte Bağımsız denetim ekiplerinin taleplerine istinaden dekont ve ekran görüntüleri paylaşılmaktadır. Veri Hassasiyeti talep etmekteyiz.","2","4",21474,"hatasoy","2026-01-05 14:28:06.053","2026-01-05 14:28:47.813","2026-01-05 14:19:15.317","Kullanıcı geri dönüşü sonrası mail üzerinden iletim sağlanarak talep çözülmüştür.","10","3","Kullanıcı geri dönüşü sonrası mail üzerinden iletim sağlanarak talep çözülmüştür.","hatasoy",NULL,NULL
1299500,"14",NULL,5768,"E posta verki  koruma istisnası  hak.","Merhaba , müşterimizn  hesabında kayıtlı  bursadenetim@hotmail.com mail adresine hesap  eksteresini göndermek istediğimizde veri  korumaya takılmaktadır. Müşterimizşn  işlemi  acil  olup  ilgili mail adresine veri korum aistisnası  tanımlanması  hususunda değerli desteğinizi arz/rica ederiz.","2","4",18271,"hatasoy","2026-01-05 14:21:44.693","2026-01-05 14:21:58.85","2026-01-05 12:14:08.11","Mailiniz 5 dakika içerisinde karşıya iletilecektir. Tekrar göndermenize gerek yoktur.","10","3","Mailiniz 5 dakika içerisinde karşıya iletilecektir. Tekrar göndermenize gerek yoktur.","hatasoy",NULL,NULL
1299027,"14",NULL,5768,"yazıcıdan teminat listeisi cıktı alınamaması","Şubemizin yıl sonu mutakabatları için mevcut teminatlarının güncel çıktısı alınması için yazıcı veri güvenliği kısıtından dolayı cıktı alınamamaktadır. kısıtın kaldırılması hususunda değerli desteklerinize arz ederiz. veri güvenliği konusundaki sorumluluğun tarafınıza ait olduğunu teyit ederim.  cıktısı alınmasına mütakip tutanak altına alınarak şubede muhafaza edilecektir.","2","4",21474,"hatasoy","2026-01-05 12:29:40.49","2026-01-05 12:30:12.283","2026-01-05 08:41:29.1","Kullanıcı geri bildirimi doğrultusunda çıktı alabilmiştir.","10","3","Kullanıcı geri bildirimi doğrultusunda çıktı alabilmiştir.","hatasoy",NULL,NULL
1299318,"14",NULL,5768,"Veri Güvenliği Yönetimi","Merhaba, bes çıkış formumu şahsi mail adresime gönderirken veri koruma maili alıyorum. ilgili kısıtın kaldırılmasını talep ederim","2","4",18271,"scakici","2026-01-05 12:06:21.743","2026-01-08 09:17:02.993","2026-01-05 10:15:07.787","Mailiniz serbest bırakılmıştır. Tekrar göndermenize gerek yoktur.","10","3","Mailiniz serbest bırakılmıştır. Tekrar göndermenize gerek yoktur.","scakici",NULL,NULL
1299249,"14",NULL,5768,"Veri Güvenliği Mail Hatası Hk.","Merhaba,
Ekli mailde müşterimize güncelleme formu gönderilecek olup ilgili maile kısıtın kaldırılması için yardımınızı rica ederim.

muhasebe@gulsanaluminyum.com","2","4",18271,"hatasoy","2026-01-05 11:47:31.187","2026-01-05 11:47:49.753","2026-01-05 10:04:47.327","Mailiniz 5 dakika içerisinde karşıya iletilecektir. Tekrar göndermenize gerek yoktur.","10","3","Mailiniz 5 dakika içerisinde karşıya iletilecektir. Tekrar göndermenize gerek yoktur.","hatasoy",NULL,NULL
1298919,"14",NULL,5768,"müşteri bilgi hk","Merhaba; Müşterimize katılım emeklilikten talep etmiş olduğu bilgileri iletmek istemekteyim. Yardımlarınızı talep ederim. 

sema@ozbekcpa.com","2","4",18271,"hatasoy","2026-01-05 11:39:21.79","2026-01-05 11:39:49.51","2026-01-02 17:18:28.6","Mailiniz 5 dakika içerisinde karşıya iletilecektir. Tekrar göndermenize gerek yoktur.","10","3","Mailiniz 5 dakika içerisinde karşıya iletilecektir. Tekrar göndermenize gerek yoktur.","hatasoy",NULL,NULL
1298888,"14",NULL,5768,"E posta İstisna Talebi","Merhaba,
Uygunluğunuz olursa ekteki e-postaya istisna tanımlanmasını rica ederim,
İyi Çalışmalar","2","4",18271,"hatasoy","2026-01-05 11:37:34.49","2026-01-05 11:37:51.38","2026-01-02 16:24:08.313","Mailiniz 5 dakika içerisinde karşıya iletilecektir. Tekrar göndermenize gerek yoktur.","10","3","Mailiniz 5 dakika içerisinde karşıya iletilecektir. Tekrar göndermenize gerek yoktur.","hatasoy",NULL,NULL
1298831,"14",NULL,5768,"Hesap Ekstresi Hk","Müşterimiz Hüseyin Şaban Soykan 731026 vize için hesap ekstresini talep etmiştir. 

hssoykan14@gmail.com mailine hesap ekstreleri göndermek için muafiyet talep ederiz.","2","4",18271,"hatasoy","2026-01-05 11:29:51.983","2026-01-05 16:34:52.09","2026-01-02 14:56:57.677","İstisna durumları hariç hesap ektreleri bilgi güvenliği politikaları gereği sadece BOA üzerinden gönderilmesi gerekmektedir.","10","3","İstisna durumları hariç hesap ektreleri bilgi güvenliği politikaları gereği sadece BOA üzerinden gönderilmesi gerekmektedir.","hatasoy",NULL,NULL
1298756,"14",NULL,5768,"Ekstre paylaşımı","Müşterimize hesap ekstresi gönderilecektir. Hesapları pasif olduğundan hesap ekstre komisyonu çıktığından mail ile gönderilmektedir. İstisna rica ederiz.","2","4",21474,"hatasoy","2026-01-05 11:28:41.693","2026-01-05 12:10:51.31","2026-01-02 12:28:46.447","Kullanıcı bilgilendirmesiyle BOA üzerinden gönderime yönlendirilmiştir.","10","3","Kullanıcı bilgilendirmesiyle BOA üzerinden gönderime yönlendirilmiştir.","hatasoy",NULL,NULL
1298865,"14",NULL,5768,"dekont iletimi","serkan@kiliclaryapiinsaat.com firmasın 2026-01-02 15:41:45 de yapılmış olan mail adresine firmanın dekontlarını iletmek istemekteyiz. konu ile ilgili uygunluk ve desteklernizi talep ederiz.","2","4",18271,"hatasoy","2026-01-02 16:06:01.537","2026-01-02 16:06:43.007","2026-01-02 15:42:19.577","Mailiniz 5 dakika içerisinde karşıya iletilecektir. Tekrar göndermenize gerek yoktur.","10","3","Mailiniz 5 dakika içerisinde karşıya iletilecektir. Tekrar göndermenize gerek yoktur.","hatasoy",NULL,NULL
1297974,"14",NULL,5768,"erişim zulmu hakkında","Kolay gelsin,

bir müşterimizin farklı firmalarındaki 6 aylık ekstrelerini  yazırmam gerekiyor, müşteri acil konsolosluğua götürmem lazm diyor ve ben hangisine bassam erişim engeli uyarısı alıyorum, ay sonu çok yoğun ve karşımda müşteri muhtemelen bana içinden kötü sözler söylüyor, nolur şu erişim zulmune kalıcı bir çözüm bulalım , bizim şube gibi sısk sık konsolosluklara ekstere verenler için çok büyük bir zulüme dönüştü:( 
ayrıca yılsonu mutabakatı yapmamız gerekiyor teminat ve çeklerde yine yazdıramıyoruz erişim engeli olduğu için , yazdırmadan mutabakatta yapamayız ki . her seferinde sizden uygunluk gerekirse sizin içinde zorluk. Toplantılarda özellikle belirtilmesini rica ederiz.

94817965
98891178
6889519","3","4",18271,"hatasoy","2026-01-02 16:01:48.683","2026-01-02 16:29:14.5","2025-12-30 14:09:08.237","Kullanıcıdan alınan geri dönüş sonrası çözüm yapılmıştır.","10","3","Kullanıcıdan alınan geri dönüş sonrası çözüm yapılmıştır.","hatasoy",NULL,NULL
1298842,"14",NULL,5768,"MAİL HK","y.mutabakat@gmail.com  adresine gönderdiğimiz ve hizmet aldığımız mutabakatlarla ilgili mailin acilen serbest bırakılmasını rica ederiz.","2","4",18271,"hatasoy","2026-01-02 15:48:35.077","2026-01-02 15:49:01.507","2026-01-02 15:15:20.013","Mailiniz 5 dakika içerisinde karşıya iletilecektir. Tekrar göndermenize gerek yoktur.","10","3","Mailiniz 5 dakika içerisinde karşıya iletilecektir. Tekrar göndermenize gerek yoktur.","hatasoy",NULL,NULL
1298800,"14",NULL,5768,"Dosya Paylaşım İzni Hk.","Merhaba,
Ekteki excel dosyasını mail olarak paylaşmak istediğimde hassas veri engeline takılmaktayım. Dosyayı paylaşabilmek için desteğinizi rica ederim.
İyi çalışmalar.","2","4",18271,"hatasoy","2026-01-02 15:30:45.483","2026-01-02 15:31:07.64","2026-01-02 14:42:18.86","Mailiniz 5 dakika içerisinde karşıya iletilecektir. Tekrar göndermenize gerek yoktur.","10","3","Mailiniz 5 dakika içerisinde karşıya iletilecektir. Tekrar göndermenize gerek yoktur.","hatasoy",NULL,NULL
1298829,"14",NULL,5768,"Konsolosluk İstisna Talebi","Merhaba,

İş seyehati sebebi ile dokümanlarımı paylaşmak istediğim Avusturya konsololuğuna attığım mail veri korumasına takılmıştır. istisna tanımanızı rica ederim.","2","4",18271,"hatasoy","2026-01-02 15:22:47.96","2026-01-02 15:23:00.21","2026-01-02 15:05:57.247","Mailiniz 5 dakika içerisinde karşıya iletilecektir. Tekrar göndermenize gerek yoktur.","10","3","Mailiniz 5 dakika içerisinde karşıya iletilecektir. Tekrar göndermenize gerek yoktur.","hatasoy",NULL,NULL
1298824,"14",NULL,5768,"hesap ekstre yazımı","1 yıllık hesap ekstresini masa üstüne kaydettim , yazıcıya gönderdiğimde uyarı gelmektedir.düzletilmesi hususunda yardımlarınızı rica ederiz.","2","4",18271,"hatasoy","2026-01-02 15:11:42.567","2026-01-02 15:25:53.973","2026-01-02 14:58:40.98","Merhaba,
Aşağıdaki linkte yer alan ""DLP Ajanı Nasıl Güncellenir?"" başlığındaki adımları uyguladıktan sonra işlemi yeniden yapmayı dener misiniz?
https://bilge.kuveytturk.com.tr/genel/24374-dlp-forcepoint-one-endpoint","10","3","Merhaba,
Aşağıdaki linkte yer alan ""DLP Ajanı Nasıl Güncellenir?"" başlığındaki adımları uyguladıktan sonra işlemi yeniden yapmayı dener misiniz?
https://bilge.kuveytturk.com.tr/genel/24374-dlp-forcepoint-one-endpoint","hatasoy",NULL,NULL
1298753,"14",NULL,5768,"firmanın istediği mail hak","Merhabalar.Müşterimizin çalışma yapmakta olduğu samsung banka maili üzerinden firmanın iban bilgisi bakiye bilgisi vs. talepleri bulunmakta olup ilgili mail veri korumaya takılmaktadır.İstisna tanımlanması hususunda uygunluğunuzu talep ederiz.","2","4",18271,"hatasoy","2026-01-02 14:07:49.083","2026-01-02 14:08:24.083","2026-01-02 12:23:57.77","Mailiniz 5 dakika içerisinde karşıya iletilecektir. Tekrar göndermenize gerek yoktur.","10","3","Mailiniz 5 dakika içerisinde karşıya iletilecektir. Tekrar göndermenize gerek yoktur.","hatasoy",NULL,NULL
1298749,"14",NULL,5768,"Hesap Ekstresi Verme","98547193 hesap numaralı müşterimiz hesap ekstresini talep etmiştir. Çıkarmaya çalıştığımda erişim engeli yaşıyorum. Hesap ekstresi çıkarabilmek için izin istiyorum","2","4",18271,"hatasoy","2026-01-02 14:03:24.717","2026-01-02 14:12:16.287","2026-01-02 12:18:53.22","Merhaba,
Aşağıdaki linkte yer alan ""DLP Ajanı Nasıl Güncellenir?"" başlığındaki adımları uyguladıktan sonra işlemi yeniden yapmayı dener misiniz?
https://bilge.kuveytturk.com.tr/genel/24374-dlp-forcepoint-one-endpoint","10","3","Merhaba,
Aşağıdaki linkte yer alan ""DLP Ajanı Nasıl Güncellenir?"" başlığındaki adımları uyguladıktan sonra işlemi yeniden yapmayı dener misiniz?
https://bilge.kuveytturk.com.tr/genel/24374-dlp-forcepoint-one-endpoint","hatasoy",NULL,NULL
1298718,"14",NULL,5768,"Hilal Trans Kapama Yazısı Hakkında","Merhaba,
Hilal Trans Kapama Yazısı Hakkında başlıklı yazıda müşterimize kredi kapatma yazısı ve imza sirküleri yolladık. mailin serbest bırakılması hakkında yardımlarınızı rica ederiz.","2","4",18271,"ysezer","2026-01-02 12:06:23.657","2026-01-02 12:06:40.32","2026-01-02 11:55:09.72","Mailiniz karşıya iletilmiştir.","10","3","Mailiniz karşıya iletilmiştir.","ysezer",NULL,NULL
1298717,"14",NULL,5768,"Ekstre Basım","slm.a. kolay gelsin, müşterimiz kaşe ve imzalı ekstre talep etmektedir. Ancak veri korumadan dolayı çıktı alamıyorum. Yardımcı olabilir misiniz lütfen. Teşekkürler, iyi mesailer.","2","4",18271,"hatasoy","2026-01-02 11:56:09.163","2026-01-02 15:15:12.43","2026-01-02 11:53:52.43","Merhaba,
Aşağıdaki linkte yer alan ""DLP Ajanı Nasıl Güncellenir?"" başlığındaki adımları uyguladıktan sonra işlemi yeniden yapmayı dener misiniz?
https://bilge.kuveytturk.com.tr/genel/24374-dlp-forcepoint-one-endpoint","10","3","Merhaba,
Aşağıdaki linkte yer alan ""DLP Ajanı Nasıl Güncellenir?"" başlığındaki adımları uyguladıktan sonra işlemi yeniden yapmayı dener misiniz?
https://bilge.kuveytturk.com.tr/genel/24374-dlp-forcepoint-one-endpoint","hatasoy",NULL,NULL
1298699,"14",NULL,5768,"Al Kor Makina Maili Hk.","merhaba,

Ekteki mailim veri güvenliği nedeniyle müşteriye iletilememiştir. Müşterimizin leasing işlemi için onaylı proformaları içeren mailimin müşterimize iletilmesini rica ederiz.","2","4",18271,"ysezer","2026-01-02 11:43:20.057","2026-01-02 11:44:29.917","2026-01-02 11:34:34.073","Mailiniz karşıya iletilmiştir.","10","3","Mailiniz karşıya iletilmiştir.","ysezer",NULL,NULL
1298659,"14",NULL,5768,"Hassas Veri Gitmeyen Mail","Merhaba,
 
Müşterimizin talebi doğrultusunda istenen belgeler hassas veri sebebiyle iletilememiştir. Müşteriye ait bu verilerin iş kapsamı ihtiyacı dolayısıyla gönderilmesi gerekli olduğundan istisna tanımlanması hususunda desteklerinizi rica ederim.","2","4",18271,"ysezer","2026-01-02 11:35:19.557","2026-01-02 11:36:37.793","2026-01-02 11:04:56.753","Mailiniz karşıya iletilmiştir.","10","3","Mailiniz karşıya iletilmiştir.","ysezer",NULL,NULL
1298639,"14",NULL,5768,"Hassas Veri Gitmeyen Mail","Merhaba,
 
Müşterimizin talebi doğrultusunda istenen belgeler hassas veri sebebiyle iletilememiştir. Müşteriye ait bu verilerin iş kapsamı ihtiyacı dolayısıyla gönderilmesi gerekli olduğundan istisna tanımlanması hususunda desteklerinizi rica ederim.","2","4",18271,"ysezer","2026-01-02 11:31:54.763","2026-01-02 11:35:06.213","2026-01-02 10:41:43.673","Mailiniz karşıya iletilmiştir.","10","3","Mailiniz karşıya iletilmiştir.","ysezer",NULL,NULL
1298583,"14",NULL,5768,"ekstre yazdırma sorunu","566876 nolu müşterimize ekstre yazdırırken sistem engellemektedir. konu hakkında yardımlarınızı rica ederiz.","2","4",18271,"ysezer","2026-01-02 10:15:38.56","2026-01-02 10:34:14.273","2026-01-02 10:03:59.457","Aşağıdaki linkte yer alan ""DLP Ajanı Nasıl Güncellenir?"" başlığındaki adımları uyguladıktan sonra işlemi yeniden yapmayı dener misiniz?
https://bilge.kuveytturk.com.tr/genel/24374-dlp-forcepoint-one-endpoint","10","3","Aşağıdaki linkte yer alan ""DLP Ajanı Nasıl Güncellenir?"" başlığındaki adımları uyguladıktan sonra işlemi yeniden yapmayı dener misiniz?
https://bilge.kuveytturk.com.tr/genel/24374-dlp-forcepoint-one-endpoint","ysezer",NULL,NULL
1298556,"14",NULL,5768,"leasing faturası hk","Merhabalar,

Müşterimize leasing evraklarını mail atmamız gerekmektedir ancak veri koruma uyarısı almaktayız
aşağıdaki mail adreslerine izin verilmesi hususunda desteklerinizi rica ederim

aryildizyapi@gmail.com","2","4",18271,"ysezer","2026-01-02 09:59:12.03","2026-01-02 10:04:36.227","2026-01-02 09:50:32.783","Mailiniz karşıya iletilmiştir.","10","3","Mailiniz karşıya iletilmiştir.","ysezer",NULL,NULL
1298527,"14",NULL,5768,"Sene Sonu Banka Mutabakatları","Merhaba Deloitte Bağımsız denetim ekibinin istediği bilgilere istinaden banka mutabakatlaır mektupları için hassas veri paylaşımı yapılacaktır. Veri İstisnası talep ediyoruz.","2","4",18271,"ysezer","2026-01-02 09:56:51.753","2026-01-02 09:58:59.713","2026-01-02 09:33:43.44","Mailiniz karşıya iletilmiştir.","10","3","Mailiniz karşıya iletilmiştir.","ysezer",NULL,NULL
1298241,"14",NULL,5768,"emniyet yazısı","MUĞLA DALAMAN İLÇE EMNİYET MÜDÜRLÜĞÜ SUÇ ÖNLEME VE SORUŞTURMA BÜRO AMIRLIĞI,
Merhabalar,
Ekte belirtiiğim yazının veri güv takılmıştır. İlgili hesabın iletilmesi hususunda desteğinizi rica eideiz.","2","4",18271,"ysezer","2026-01-02 09:33:16.6","2026-01-02 10:37:37.42","2025-12-31 11:55:16.18","Kullanıcı hedef adres olarak yanlış girdiği için engele takıldığı görülmüştür. Kullanıcı mailindeki hatayı düzelttikten sonra mail gönderebilmiştir.","10","3","Kullanıcı hedef adres olarak yanlış girdiği için engele takıldığı görülmüştür. Kullanıcı mailindeki hatayı düzelttikten sonra mail gönderebilmiştir.","ysezer",NULL,NULL
1298354,"14",NULL,5768,"veri koruma sistemi istisna tanımı hk.","Merhaba,
SPK ya iletilmek üzere sözleşme güncellemesi yapan/yapmayan müşterilerin bilgilerini KT Portföy ile paylaşmamaız gerekmektedir. Ekteki mailimize acil istisna tanımlanması noktasında desteklerinizi rica ederiz.

""Sayın Muhammet Bilal Gürsoy / Kuveyt Türk - Hazine İş Geliştirme,
Veri Sızıntısı Önleme (DLP) sistemimiz tarafından gerçekleştirilen incelemeler sonucu, 2025-12-31 16:14:48 tarihinde emre.bilgin@ktportfoy.com.tr, bayram.salur@ktportfoy.com.tr, ramazan.bayram@ktportfoy.com.tr, lutfu.caglayan@ktportfoy.com.tr adresine KVKK (Kişisel Verilerin Korunması Kanunu) kapsamında hassas veri gönderildiği tespit edilmiştir. Gönderilmek istenen içerikte müşteri numarası ve ad-soyad hassas verilerin olduğu görülmektedir. Bu tür işlemler, kurumumuzun bilgi güvenliği politikalarına aykırı olarak değerlendirilmekte ve potansiyel olarak güvenli olmayan veri transferleri içerebilmektedir. Bu çerçevede, ilgili gönderim DLP sistemimiz tarafından otomatik olarak engellenmiştir. 
Müşteriye ait müşteri numarası ve ad-soyad bilgileri iş kapsamı ihtiyacından dolayı gönderilmesi gerekliyse BT Mercek Talep – Çağrı Oluştur ekranından “Yetki ve Erişim Talepleri > Veri Koruma Sistemi İstisna Tanımlama” kategorisinden çağrı oluşturabilirsiniz.
Kuveyt Türk Veri Güvenliği Ekibi""","2","4",18271,"hatasoy","2025-12-31 16:20:17.657","2025-12-31 16:20:35.28","2025-12-31 16:15:41.443","Mailiniz 5 dakika içerisinde karşıya iletilecektir. Tekrar göndermenize gerek yoktur.","10","3","Mailiniz 5 dakika içerisinde karşıya iletilecektir. Tekrar göndermenize gerek yoktur.","hatasoy",NULL,NULL
1298332,"14",NULL,5768,"Kredi onay yazısı Gitmemesi Hakkında","Merhaba,
Kredisi onaylanan müşterimize kredi onay yazısı ve imza sirküleri atmaya çalışıyorum.
Gönderimin yapılabilmesi için yardımlarınızı rica ederiz.","2","4",18271,"hatasoy","2025-12-31 16:11:35.013","2025-12-31 16:14:03.097","2025-12-31 15:34:58.057","Mailiniz 5 dakika içerisinde karşıya iletilecektir. Tekrar göndermenize gerek yoktur.","10","3","Mailiniz 5 dakika içerisinde karşıya iletilecektir. Tekrar göndermenize gerek yoktur.","hatasoy",NULL,NULL
1298324,"14",NULL,5768,"İtirazlar İçin Mail Atılamaması HK:","Merhaba, Firmalara müşterilerimizden gelen itiraz talepleri iletilmekte olup bugün atmak istediğimiz maillerde kişisel veri yer almasından dolayı iletilemediği veri korumasına takıldığı görülmektedir. Mail. Gizli/kişisel veri içerir etiketi ile etiketlenmesine rağmen ilerlememektedir. Günlük olarak ilgili veri koruma istisnasının tanımlanması noktasında yardımlarınızı rica ederiz.","2","4",18271,"absaglam","2025-12-31 15:38:54.313","2025-12-31 15:57:57.603","2025-12-31 15:20:34.447","Mailiniz 5 dakika içerisinde karşıya iletilecektir. Tekrar göndermenize gerek yoktur.","10","3","Mailiniz 5 dakika içerisinde karşıya iletilecektir. Tekrar göndermenize gerek yoktur.","absaglam",NULL,NULL
1298309,"14",NULL,5768,"Hassas Veri Gitmeyen Mail","Merhaba,
 
Müşterimizin talebi doğrultusunda istenen belgeler hassas veri sebebiyle iletilememiştir. Müşteriye ait bu verilerin iş kapsamı ihtiyacından dolayı gönderilmesi gerekli olduğundan istisna tanımlanması hususunda desteklerinizi rica ederim.","2","4",18271,"absaglam","2025-12-31 15:30:54.607","2025-12-31 15:38:37.57","2025-12-31 14:53:08.497","Mailiniz 5 dakika içerisinde karşıya iletilecektir. Tekrar göndermenize gerek yoktur.","10","3","Mailiniz 5 dakika içerisinde karşıya iletilecektir. Tekrar göndermenize gerek yoktur.","absaglam",NULL,NULL
1298283,"14",NULL,5768,"yetki erişim hk","merhabalar ticari müşterimize yılsonu çek-senet mutabakatları için mevcuttaki çek listesini göndermek istiyoruz. vergi numarası vs  excelden çıkardık ama yine de izin vermiyor.yetki hususunda desteklerinizi rica ederiz.","2","4",21474,"absaglam","2025-12-31 14:35:17.73","2025-12-31 16:05:44.707","2025-12-31 14:16:27.763","Merhaba , kullanıcıdan alınan geri dönüş doğrultusunda mercek çözülmüştür.","10","3","Merhaba , kullanıcıdan alınan geri dönüş doğrultusunda mercek çözülmüştür.","absaglam",NULL,NULL
1298289,"14",NULL,5768,"Müşteri dekontunun gönderilmesi hak","Müşterimizin acil dekont talebi vardır.","2","4",18271,"hatasoy","2025-12-31 14:29:53.373","2025-12-31 14:30:13.447","2025-12-31 14:23:43.027","Mailiniz 5 dakika içerisinde karşıya iletilecektir. Tekrar göndermenize gerek yoktur.","10","3","Mailiniz 5 dakika içerisinde karşıya iletilecektir. Tekrar göndermenize gerek yoktur.","hatasoy",NULL,NULL
1298248,"14",NULL,5768,"Belge İletememe","Merhaba, 
Müşterimize API Entegrasyon kapsamında ilettiğim sentetik veri içeren belgeler güvenliğe takıldı, destek olabilir misiniz?","2","4",18271,"hatasoy","2025-12-31 14:05:42.817","2025-12-31 14:07:51.453","2025-12-31 11:35:28.913","Mailiniz 5 dakika içerisinde karşıya iletilecektir. Tekrar göndermenize gerek yoktur.","10","3","Mailiniz 5 dakika içerisinde karşıya iletilecektir. Tekrar göndermenize gerek yoktur.","hatasoy",NULL,NULL
1298237,"14",NULL,5768,"Veri Koruma","Merhabalar, Aracı ödeme kuruluşu TURKPARA tarafına divitte yer alan maili iletmeye çalıştığımızda veri korumaya takılmaktadır. Karşı tarafa iletilmesi konusunda desteklerinizi rica ederiz. İyi çalışmalar.","2","4",18271,"hatasoy","2025-12-31 14:04:58.483","2025-12-31 14:05:16.347","2025-12-31 11:50:59.34","Mailiniz 5 dakika içerisinde karşıya iletilecektir. Tekrar göndermenize gerek yoktur.","10","3","Mailiniz 5 dakika içerisinde karşıya iletilecektir. Tekrar göndermenize gerek yoktur.","hatasoy",NULL,NULL
1297910,"14",NULL,5768,"SAğlık Sigortasına Gönderilen Mailler","Merhaba, 

Sağlık ekibi olarak sdestek@katilimemeklilik.com.tr, SaglikTemsilcisi@kuveytturk.localmail adresine  mail atmak zorundayız. Sigorta ile tek iletişim kanalımız burası, isitisna tanımlanmasını rica ederim.","2","4",21474,"absaglam","2025-12-31 14:00:05.007","2025-12-31 14:30:01.697","2025-12-30 11:31:17.377","Merhaba , kullanıcı hedef adres olarak kuveytturk.localmail yazmıştır. Böyle bir mail adresi bulunmamaktadır. Kullanıcıya bunun bilgisi verilmiştir. İyi çalışmalar","10","3","Merhaba , kullanıcı hedef adres olarak kuveytturk.localmail yazmıştır. Böyle bir mail adresi bulunmamaktadır. Kullanıcıya bunun bilgisi verilmiştir. İyi çalışmalar","absaglam",NULL,NULL
1298216,"14",NULL,5768,"E-Posta Gönderememe","Ekteki durum için istisna tanımlaması rica ederim","2","4",18271,"hatasoy","2025-12-31 13:58:31.997","2025-12-31 14:00:13.793","2025-12-31 11:11:27.913","Mailiniz 5 dakika içerisinde karşıya iletilecektir. Tekrar göndermenize gerek yoktur.","10","3","Mailiniz 5 dakika içerisinde karşıya iletilecektir. Tekrar göndermenize gerek yoktur.","hatasoy",NULL,NULL
1298209,"14",NULL,5768,"elit-home@hotmail.com","elit-home@hotmail.com adresine projenin geri ödeme planı ve kesilen poliçe gönderilecektir.
Yardımlarınızı talep edriz","2","4",18271,"hatasoy","2025-12-31 13:57:53.967","2025-12-31 13:58:14.297","2025-12-31 11:00:15.113","Mailiniz 5 dakika içerisinde karşıya iletilecektir. Tekrar göndermenize gerek yoktur.","10","3","Mailiniz 5 dakika içerisinde karşıya iletilecektir. Tekrar göndermenize gerek yoktur.","hatasoy",NULL,NULL
1298180,"14",NULL,5768,"iletilemeyen e posta hk","Merhaba 

Divitte yer alan e postanın iletilmesi için yardımcı olaiblir misiniz?","2","4",18271,"hatasoy","2025-12-31 13:51:39.45","2025-12-31 13:53:58.193","2025-12-31 10:06:24.757","Mailiniz 5 dakika içerisinde karşıya iletilecektir. Tekrar göndermenize gerek yoktur.","10","3","Mailiniz 5 dakika içerisinde karşıya iletilecektir. Tekrar göndermenize gerek yoktur.","hatasoy",NULL,NULL
1298223,"14",NULL,5768,"Üst yönetim imza sirküsü dökümü hk.ç","Merhaba, üst yönetim imza sirküsünün çıktısı gerekli döküm alamıyoruz. ivedi olarak yardımclarını rica ederim.","2","4",21474,"hatasoy","2025-12-31 11:48:22.953","2025-12-31 11:50:19.24","2025-12-31 11:22:17.317","İş kapsamında çözülmüştür","10","3","İş kapsamında çözülmüştür","hatasoy",NULL,NULL
1298204,"14",NULL,5768,"95592273 ekstre yazdırma","merhaba. 95592273 no lu müşterimize ekstre yazdırmak istediğimizde izin vermemektedri . yardımlarınızı arz/rica ederiz.","2","4",18271,"hatasoy","2025-12-31 10:59:57.91","2025-12-31 11:08:51.99","2025-12-31 10:49:09.153","Merhaba,
Aşağıdaki linkte yer alan ""DLP Ajanı Nasıl Güncellenir?"" başlığındaki adımları uyguladıktan sonra işlemi yeniden yapmayı dener misiniz?
https://bilge.kuveytturk.com.tr/genel/24374-dlp-forcepoint-one-endpoint","10","3","Merhaba,
Aşağıdaki linkte yer alan ""DLP Ajanı Nasıl Güncellenir?"" başlığındaki adımları uyguladıktan sonra işlemi yeniden yapmayı dener misiniz?
https://bilge.kuveytturk.com.tr/genel/24374-dlp-forcepoint-one-endpoint","hatasoy",NULL,NULL
1298198,"14",NULL,5768,"leasing evrakları maili hk","Merhabalar,

Müşterimize leasing evraklarını mail atmamız gerekmektedir ancak veri koruma uyarısı almaktayız
aşağıdaki mail adreslerine izin verilmesi hususunda desteklerinizi rica ederim

harun.ozan@inoled.com.tr
bankalar@inoled.com.tr

Not 2 adet leasing işlemi olduğundan dün mail atıldı bugün diğer proje atılacaktır.","2","4",18271,"hatasoy","2025-12-31 10:45:23.573","2025-12-31 10:45:45.47","2025-12-31 10:34:47.43","Mailiniz 5 dakika içerisinde karşıya iletilecektir. Tekrar göndermenize gerek yoktur.","10","3","Mailiniz 5 dakika içerisinde karşıya iletilecektir. Tekrar göndermenize gerek yoktur.","hatasoy",NULL,NULL
1298190,"14",NULL,5768,"iş güvenliği sağlıgı verileri gönderme","merhaba 

şubemize iş sağlıgı ve güvenliği uzmanı gelip gerekli işlemleri yaptıktan sonra oluşan evrakları atmamı istemişti fakat veri güvenliğine takılıyor mailim iletilmiyor . 
mailimin karşı tarafa gitmesi için yardımcı olabilirmisiniz 
mail gidecek adres tubaurundu@icloud.com","2","4",18271,"hatasoy","2025-12-31 10:42:57.913","2025-12-31 10:43:16.193","2025-12-31 10:25:02.3","Mailiniz 5 dakika içerisinde karşıya iletilecektir. Tekrar göndermenize gerek yoktur.","10","3","Mailiniz 5 dakika içerisinde karşıya iletilecektir. Tekrar göndermenize gerek yoktur.","hatasoy",NULL,NULL
1298166,"14",NULL,5768,"yıllık mutabakat hak.","Yıllık mutabakat için istisna tanımlaması yapabilir misiniz. Excele çıktı yapılabilmesi için veri koruma izni verilmebilmesi hususunda değerli de3steklerinizi arz/rica ederiz.","2","4",18271,"hatasoy","2025-12-31 10:39:28.47","2025-12-31 11:47:50.833","2025-12-31 09:43:19.24","Merhaba,
Aşağıdaki linkte yer alan ""DLP Ajanı Nasıl Güncellenir?"" başlığındaki adımları uyguladıktan sonra işlemi yeniden yapmayı dener misiniz?
https://bilge.kuveytturk.com.tr/genel/24374-dlp-forcepoint-one-endpoint","10","3","Merhaba,
Aşağıdaki linkte yer alan ""DLP Ajanı Nasıl Güncellenir?"" başlığındaki adımları uyguladıktan sonra işlemi yeniden yapmayı dener misiniz?
https://bilge.kuveytturk.com.tr/genel/24374-dlp-forcepoint-one-endpoint","hatasoy",NULL,NULL
1297991,"14",NULL,5768,"hesap ekstresi hk","müştermiz 97838978-ramazan palay yurtıdışına çıkmak için vize başvurusu için hesap ekstresi istemektedir.
çıktı almak istediğimiz güvenlik hatası almaktayız.
desteklerinizi talep ederiz.","2","4",18271,"hatasoy","2025-12-31 10:38:45.067","2025-12-31 10:39:00.02","2025-12-30 15:04:57.637","Merhaba,
Aşağıdaki linkte yer alan ""DLP Ajanı Nasıl Güncellenir?"" başlığındaki adımları uyguladıktan sonra işlemi yeniden yapmayı dener misiniz?
https://bilge.kuveytturk.com.tr/genel/24374-dlp-forcepoint-one-endpoint","10","3","Merhaba,
Aşağıdaki linkte yer alan ""DLP Ajanı Nasıl Güncellenir?"" başlığındaki adımları uyguladıktan sonra işlemi yeniden yapmayı dener misiniz?
https://bilge.kuveytturk.com.tr/genel/24374-dlp-forcepoint-one-endpoint","hatasoy",NULL,NULL
1298135,"14",NULL,5768,"çıktı alımı hk","merhaba, ürün yönetimi kalemiyle alakalı müşteri bazlı yaptığımız çalışmayı yazdırmak istiyoruz fakat hassas veriye takılıyoruz. istisna tanımı rica ederiz.","2","4",18271,"hatasoy","2025-12-31 09:47:47.153","2025-12-31 09:55:35.343","2025-12-31 08:59:14.127","Merhaba,
Aşağıdaki linkte yer alan ""DLP Ajanı Nasıl Güncellenir?"" başlığındaki adımları uyguladıktan sonra işlemi yeniden yapmayı dener misiniz?
https://bilge.kuveytturk.com.tr/genel/24374-dlp-forcepoint-one-endpoint","10","3","Merhaba,
Aşağıdaki linkte yer alan ""DLP Ajanı Nasıl Güncellenir?"" başlığındaki adımları uyguladıktan sonra işlemi yeniden yapmayı dener misiniz?
https://bilge.kuveytturk.com.tr/genel/24374-dlp-forcepoint-one-endpoint","hatasoy",NULL,NULL
1298132,"14",NULL,5768,"ADK Formları Hakkında","nurhanhavuz@viadmc.com adresine gönderilen formlar adk formları olup yetkilendirilen şirket çalışanlarıdır. Malin serbest bırakılmasını talepe derim.","2","4",18271,"hatasoy","2025-12-31 09:30:04.733","2025-12-31 09:30:20.837","2025-12-31 08:53:55.053","Mailiniz 5 dakika içerisinde karşıya iletilecektir. Tekrar göndermenize gerek yoktur.","10","3","Mailiniz 5 dakika içerisinde karşıya iletilecektir. Tekrar göndermenize gerek yoktur.","hatasoy",NULL,NULL
1298082,"14",NULL,5768,"acil","Yarınki YK'da imzalanması için kurum yazıcısından çıktı almam gerekiyor. Teşekkür ederim.","2","4",18271,"hatasoy","2025-12-31 09:26:36.177","2025-12-31 09:27:20.073","2025-12-30 18:40:02.48","İş kapsamında geçici istisna verilerek çözülmüştür.","10","3","İş kapsamında geçici istisna verilerek çözülmüştür.","hatasoy",NULL,NULL
1297969,"14",NULL,5768,"RE: 7015210 ARAPOĞULLARI ULUSLAR ARASI NAKLİYAT İTHALAT HK.","Sayın Melike Münevver Özbek / Kuveyt Türk - Hukuk ve Takip İşleri Müdürlüğü,

Kuveyt Türk müşterilerine ait hesap ekstresi dosyasının 2025-12-30 14:12:28 tarihinde kelebekhukuk.01@hotmail.com adresine göndermek istediniz. Bu mailiniz Bilgi Güvenliği Politikaları gereğince engellenmiştir. Hesap ekstresini akıştan çıkartarak gönderim işlemini yeniden deneyebilirsiniz.

Hesap ektresi paylaşımı müşterinin BOA'da kayıtlı olan mail adresine sadece BOA üzerinden gönderilebilmektedir. BOA üzerinden iletilen mailin müşteriye ulaşmadığı durumda ilgili mail adresinin müşteri tarafından aktif olarak kullanıp kullanılmadığını teyit ediniz. 

Müşteriye ait hesap ekstresinin iş bilgisayarındaki mail uygulaması üzerinden gönderilmesi gerekliyse BT Mercek Talep – Çağrı Oluştur ekranından “Yetki ve Erişim Talepleri > Veri Koruma Sistemi İstisna Tanımlama” kategorisinden çağrı oluşturabilirsiniz.

Kuveyt Türk Veri Güvenliği Ekibi","2","4",18271,"hatasoy","2025-12-31 09:13:57.963","2025-12-31 09:26:16.597","2025-12-30 14:20:17.087","Mailiniz 5 dakika içerisinde karşıya iletilecektir. Tekrar göndermenize gerek yoktur.","10","3","Mailiniz 5 dakika içerisinde karşıya iletilecektir. Tekrar göndermenize gerek yoktur.","hatasoy",NULL,NULL
1298073,"14",NULL,5768,"Mail gönderimi hk","Merhaba, Bankamız pos cihazlarının fiziki, mutabakatı yapılmaktadır. Mailin karşı tarafa iletilmesini talep ederiz.","2","4",18271,"hatasoy","2025-12-31 09:12:18.087","2025-12-31 09:12:38.197","2025-12-30 17:24:19.613","Mailiniz 5 dakika içerisinde karşıya iletilecektir. Tekrar göndermenize gerek yoktur.","10","3","Mailiniz 5 dakika içerisinde karşıya iletilecektir. Tekrar göndermenize gerek yoktur.","hatasoy",NULL,NULL
1298071,"14",NULL,5768,"istisna talebi","info@liftmanmakina.com  adresine yollamak sitediğimiz fatura ve leasing sözleşmesinde veri koruma uyarısı aldık müşterimize şimdi veya 31 12 2025 tarihinde sabah 9.30 da yollayabilimek için uygunluğunuzu ve desteklerinizi talep ederiz.","2","4",18271,"hatasoy","2025-12-31 08:46:23.01","2025-12-31 08:46:51.017","2025-12-30 17:19:00.897","Mailiniz 5 dakika içerisinde karşıya iletilecektir. Tekrar göndermenize gerek yoktur.","10","3","Mailiniz 5 dakika içerisinde karşıya iletilecektir. Tekrar göndermenize gerek yoktur.","hatasoy",NULL,NULL
1298077,"14",NULL,5768,"Hassas Veri Gitmeyen Mail","Merhaba,
 
Müşterimizin talebi doğrultusunda istenen belgeler hassas veri sebebiyle iletilememiştir. Müşteriye ait bu verilerin iş kapsamı ihtiyacından dolayı gönderilmesi gerekli olduğundan istisna tanımlanması hususunda desteklerinizi rica ederim.","2","4",18271,"hatasoy","2025-12-31 08:37:18.957","2025-12-31 08:37:37.047","2025-12-30 17:52:12.423","Mailiniz 5 dakika içerisinde karşıya iletilecektir. Tekrar göndermenize gerek yoktur.","10","3","Mailiniz 5 dakika içerisinde karşıya iletilecektir. Tekrar göndermenize gerek yoktur.","hatasoy",NULL,NULL
1298078,"14",NULL,5768,"Hassas Veri Gitmeyen Mail","Merhaba,
 
Müşterimizin talebi doğrultusunda istenen belgeler hassas veri sebebiyle iletilememiştir. Müşteriye ait bu verilerin iş kapsamı ihtiyacından dolayı gönderilmesi gerekli olduğundan istisna tanımlanması hususunda desteklerinizi rica ederim.","2","4",18271,"hatasoy","2025-12-31 08:35:37.13","2025-12-31 08:36:54.807","2025-12-30 17:57:33.073","Mailiniz 5 dakika içerisinde karşıya iletilecektir. Tekrar göndermenize gerek yoktur.","10","3","Mailiniz 5 dakika içerisinde karşıya iletilecektir. Tekrar göndermenize gerek yoktur.","hatasoy",NULL,NULL
1298047,"14",NULL,5768,"Teminat mutabakatı için teminatların dökümü alınacaktır","teminat mutabakatı için ekteki belgenin çıktısı alınacaktır istisna verilmesini rica ederiz.","2","4",18271,"hatasoy","2025-12-30 16:40:37.03","2025-12-30 16:50:59.393","2025-12-30 16:33:55.393","Merhaba,
Aşağıdaki linkte yer alan ""DLP Ajanı Nasıl Güncellenir?"" başlığındaki adımları uyguladıktan sonra işlemi yeniden yapmayı dener misiniz?
https://bilge.kuveytturk.com.tr/genel/24374-dlp-forcepoint-one-endpoint","10","3","Merhaba,
Aşağıdaki linkte yer alan ""DLP Ajanı Nasıl Güncellenir?"" başlığındaki adımları uyguladıktan sonra işlemi yeniden yapmayı dener misiniz?
https://bilge.kuveytturk.com.tr/genel/24374-dlp-forcepoint-one-endpoint","hatasoy",NULL,NULL
1298007,"14",NULL,5768,"HESPA EKSTRE GÖNDERİMİ","95477522 NOLU MÜŞTERİMİZİN HESAP EKSTRESİ KENDİ MAİL ADRESLERİNE GİTMEMEKTEDİR. ŞİRKETİN DİĞER MAİLİNE GÖNDERİLMEK İSTENMEKTE ANCAK VERİ GÜVENLİĞİ UYARISI ALINMAKTADIR.","2","4",18271,"hatasoy","2025-12-30 16:38:12.013","2025-12-30 16:38:41.543","2025-12-30 15:26:23.81","Mailiniz 5 dakika içerisinde karşıya iletilecektir. Tekrar göndermenize gerek yoktur.","10","3","Mailiniz 5 dakika içerisinde karşıya iletilecektir. Tekrar göndermenize gerek yoktur.","hatasoy",NULL,NULL
1298013,"14",NULL,5768,"yetki erişim engeli hakkında","Kolay gelsin, bir müşterimizin farklı firmalarındaki 6 aylık ekstrelerini yazırmam gerekiyor, müşteri acil konsolosluğua götürmem lazm diyor ve ben hangisine bassam erişim engeli uyarısı alıyorum, ay sonu çok yoğun ve karşımda müşteri muhtemelen bana içinden kötü sözler söylüyor, nolur şu erişim zulmune kalıcı bir çözüm bulalım , bizim şube gibi sısk sık konsolosluklara ekstere verenler için çok büyük bir zulüme dönüştü:( ayrıca yılsonu mutabakatı yapmamız gerekiyor teminat ve çeklerde yine yazdıramıyoruz erişim engeli olduğu için , yazdırmadan mutabakatta yapamayız ki . her seferinde sizden uygunluk gerekirse sizin içinde zorluk. Toplantılarda özellikle belirtilmesini rica ederiz. 94817965 98891178 6889519","2","4",18271,"hatasoy","2025-12-30 15:58:39.727","2025-12-30 16:43:56.463","2025-12-30 15:32:45.353","Merhaba,
Aşağıdaki linkte yer alan ""DLP Ajanı Nasıl Güncellenir?"" başlığındaki adımları uyguladıktan sonra işlemi yeniden yapmayı dener misiniz?
https://bilge.kuveytturk.com.tr/genel/24374-dlp-forcepoint-one-endpoint","10","3","Merhaba,
Aşağıdaki linkte yer alan ""DLP Ajanı Nasıl Güncellenir?"" başlığındaki adımları uyguladıktan sonra işlemi yeniden yapmayı dener misiniz?
https://bilge.kuveytturk.com.tr/genel/24374-dlp-forcepoint-one-endpoint","hatasoy",NULL,NULL
1298003,"14",NULL,5768,"kişisel veri koruma","Müşteri 
91358399-ACERLER YETKİLİ MÜESSESE firmasına 
acerler@mynet.com

firmaya ait resmi mailin tanımlanması hususunda değerli yardımlarınızı arz ederim.","2","4",18271,"hatasoy","2025-12-30 15:57:59.63","2025-12-30 15:58:19.847","2025-12-30 15:17:45.13","Mailiniz 5 dakika içerisinde karşıya iletilecektir. Tekrar göndermenize gerek yoktur.","10","3","Mailiniz 5 dakika içerisinde karşıya iletilecektir. Tekrar göndermenize gerek yoktur.","hatasoy",NULL,NULL
1297963,"14",NULL,5768,"Ufuk Uyan ses dosyası geçiciye yükleme","Merhaba, bir ses dosyasını Ufuk beye ulaştırmak üzere geçiciye yüklemeye çalışıyorum ama hata alıyorum. Acil desteklerinizi rica edebilir miyim?","2","4",18271,"hatasoy","2025-12-30 15:00:34.037","2025-12-30 15:01:25.61","2025-12-30 14:13:19.22","Merhabalar,

Aşağıdaki linkte yer alan ""DLP Ajanı Nasıl Güncellenir?"" başlığındaki adımları uyguladıktan sonra işlemi yeniden yapmayı dener misiniz?
https://bilge.kuveytturk.com.tr/genel/24374-dlp-forcepoint-one-endpoint","10","3","Merhabalar,

Aşağıdaki linkte yer alan ""DLP Ajanı Nasıl Güncellenir?"" başlığındaki adımları uyguladıktan sonra işlemi yeniden yapmayı dener misiniz?
https://bilge.kuveytturk.com.tr/genel/24374-dlp-forcepoint-one-endpoint","hatasoy",NULL,NULL
1297970,"14",NULL,5768,"Veri Koruma","Merhabalar, Divitte yer alan mail veri korumaya takılmaktadır. Aracı ödeme kuruluşuna iletilmesi konusunda desteklerinizi rica ederiz. İyi çalışmalar.","2","4",18271,"hatasoy","2025-12-30 14:53:50.607","2025-12-30 14:54:11.187","2025-12-30 14:20:59.55","Mailiniz 5 dakika içerisinde karşıya iletilecektir. Tekrar göndermenize gerek yoktur.","10","3","Mailiniz 5 dakika içerisinde karşıya iletilecektir. Tekrar göndermenize gerek yoktur.","hatasoy",NULL,NULL
1297968,"14",NULL,5768,"OTS Anlaşmalı okul ile rapor paylaşımı","Merhaba,

65927 - Biltek Eğitim Kurumları ile OTS anlaşmamız bulunmaktadır ve okul ile bloke çözüm raporunu paylaşmam gerekmektedir. Okul ile paylaşmış olduğum mailde rapor excel eklemiştim. Ancak içindeki tckn verilerini maskelediğim halde rapor iletilememiştir. Okul bu rapor ile bloke çözüm durumlarını takip edecektir. Konu hakkında desteğinizi rica ederim, 

İyi çalışmalar.","2","4",18271,"hatasoy","2025-12-30 14:44:49.7","2025-12-30 14:45:22.363","2025-12-30 14:09:02.387","Mailiniz 5 dakika içerisinde karşıya iletilecektir. Tekrar göndermenize gerek yoktur.","10","3","Mailiniz 5 dakika içerisinde karşıya iletilecektir. Tekrar göndermenize gerek yoktur.","hatasoy",NULL,NULL
1297939,"14",NULL,5768,"mail serbest bırakma hk","merhaba,ilgili mailin serbest bırakılmasını talep ederiz.","2","4",18271,"hatasoy","2025-12-30 14:38:22.853","2025-12-30 14:38:42.663","2025-12-30 13:09:19.23","Mailiniz 5 dakika içerisinde karşıya iletilecektir. Tekrar göndermenize gerek yoktur.","10","3","Mailiniz 5 dakika içerisinde karşıya iletilecektir. Tekrar göndermenize gerek yoktur.","hatasoy",NULL,NULL
1297929,"14",NULL,5768,"iban paylaşımı","merhaba iştirakimiz KT Bank AG adına Türkiye de yapılan ekspertiz işlemleri için KT Bank AG den ücret iadesi almamız gerekiyor. Bunun için kurum iban bilgisi paylaşmalıyız. Mailim veri güvenliğine takılmıştır. konu hakkında yardımlarınızı rica ederim. iyi çalışmalar","2","4",18271,"hatasoy","2025-12-30 14:08:39.273","2025-12-30 14:08:54.19","2025-12-30 12:15:38.34","Mailiniz 5 dakika içerisinde karşıya iletilecektir. Tekrar göndermenize gerek yoktur.","10","3","Mailiniz 5 dakika içerisinde karşıya iletilecektir. Tekrar göndermenize gerek yoktur.","hatasoy",NULL,NULL
1297941,"14",NULL,5768,"kredi hazır yazısını gönderemiyorum","Kredi hazır yazısında imza silküsü olduğundann sanırım hasas veriye düşmektedir. Araç satıcı firması mail beklemekte olup konu hakkında yardımlarınızı arz / talep ederim.","2","4",18271,"hatasoy","2025-12-30 13:55:14.83","2025-12-30 13:55:53.57","2025-12-30 13:36:32.723","Mailiniz 5 dakika içerisinde karşıya iletilecektir. Tekrar göndermenize gerek yoktur.","10","3","Mailiniz 5 dakika içerisinde karşıya iletilecektir. Tekrar göndermenize gerek yoktur.","hatasoy",NULL,NULL
1297925,"14",NULL,5768,"mail gönderilmesi hk.","merhaba,
2025-12-30 12:07:38 tarihinde selmadurmus@enka.com.tr, maliisler@enka.com.tr adresine göndermek istediğim maili gönderebilir misniz?
iyi günler.","2","4",18271,"hatasoy","2025-12-30 12:18:21.213","2025-12-30 12:18:44.157","2025-12-30 12:08:15.777","Mailiniz 5 dakika içerisinde karşıya iletilecektir. Tekrar göndermenize gerek yoktur.","10","3","Mailiniz 5 dakika içerisinde karşıya iletilecektir. Tekrar göndermenize gerek yoktur.","hatasoy",NULL,NULL
1297843,"14",NULL,5768,"Müşteri ekstre gönderimi hk","Merhaba yatırım projesi kapmsamında müşterinin finansman ödemeleri müşteri adına 400492 nolu şube hesabımzda müşteri adına açılan eknolardan yapılmaktadır. Müşterimize ilgili hesabın ekstesi gönderilmesini için istisna tanımı rica ederiz. 
mail adresi : account@seashellhotels.com.tr","2","4",18271,"hatasoy","2025-12-30 12:10:55.407","2025-12-30 12:14:23.333","2025-12-30 10:04:41.677","Mailiniz 5 dakika içerisinde karşıya iletilecektir. Tekrar göndermenize gerek yoktur.","10","3","Mailiniz 5 dakika içerisinde karşıya iletilecektir. Tekrar göndermenize gerek yoktur.","hatasoy",NULL,NULL
1297799,"14",NULL,5768,"FİNANSMAN ONAY YAZISI Hk.","Merhabalar,

99027533 - KARADAĞ KERESTE firmamızın onaylanan araç finansmanı limitine istinaden proje girişleri yapılmıştır. İlgili yeni araç finansmanı kesin proje şeklinde ilerletilecek olup, kredi onay yazısının satıcı firmaya (KOSİFLER OTO) gönderimi hususunda desteklerinizi rica ederiz.","2","4",18271,"hatasoy","2025-12-30 12:07:27.597","2025-12-30 12:07:45.457","2025-12-30 09:09:22.887","Mailiniz 5 dakika içerisinde karşıya iletilecektir. Tekrar göndermenize gerek yoktur.","10","3","Mailiniz 5 dakika içerisinde karşıya iletilecektir. Tekrar göndermenize gerek yoktur.","hatasoy",NULL,NULL
1297895,"14",NULL,5768,"Mail istisna - konut finansmanı başvurusu hk","Merhaba ,
albarakatürk katılım bankasından eşim ve ben konut finansmanına başvuracağız, ilgili evrakları temsilci arkadaşa mail olarak göndermek istiyorum. Bununla ilgili istisna tanımlanmasını rica eder iyi çalışmalar dilerim.","2","4",18271,"hatasoy","2025-12-30 11:22:31.463","2025-12-30 11:22:46.077","2025-12-30 11:09:46.683","Mailiniz 5 dakika içerisinde karşıya iletilecektir. Tekrar göndermenize gerek yoktur.","10","3","Mailiniz 5 dakika içerisinde karşıya iletilecektir. Tekrar göndermenize gerek yoktur.","hatasoy",NULL,NULL
1297897,"14",NULL,5768,"Third Party Üzerinden API Kullanan Müşterilerin Listesi","Merhaba Aşağıdaki sorgu sunucunda elde edilen verinin tarafımıza iletilmesi konusunda destek olabilir misiniz?

SELECT 
    ""ClientId"",
    COUNT(DISTINCT ""User"") AS ""Farkli_Kullanici_Adedi""
FROM public.""BankLoginSessions""
WHERE 
    ""ClientId"" LIKE '%015ca162-4eba-41a2-98fc-71cb33898160%'
    OR ""ClientId"" LIKE '%0f8c7ff9-6840-40e4-ba1d-56d38a8c7f8d%'
    OR ""ClientId"" LIKE '%f85c1395-50ed-4ad5-8715-6991057f9bf9%'
    OR ""ClientId"" LIKE '%f86e32ac-d328-4f41-8354-e63fa750ecce%'
    OR ""ClientId"" LIKE '%ed8cf78f-3a05-4c79-bf33-d1c8de28e342%'
    OR ""ClientId"" LIKE '%23585fa2-62ee-4678-997d-9865393c2e0d%'
    OR ""ClientId"" LIKE '%ecdc50c2-354c-44f5-ad02-73c6677651a7%'
GROUP BY ""ClientId""
ORDER BY ""ClientId"";","3","4",21474,"ysezer","2025-12-30 11:19:24.787","2025-12-30 17:00:19.057","2025-12-30 11:13:46.193","Veriye erişmek isteyen kullanıcının BOA'daki Veri Erişim Talebi ekranından talep geçebilir.","10","3","Veriye erişmek isteyen kullanıcının BOA'daki Veri Erişim Talebi ekranından talep geçebilir.","ysezer",NULL,NULL
1297850,"14",NULL,5768,"Ekteki Maili Acil Serbest Bırakabilir Misiniz.","Merhaba, araç ödeme taahh ve şube imza sirküleri iletilmiştir. Acil serbst bırakabilir misiniz.","2","4",18271,"hatasoy","2025-12-30 11:05:56.77","2025-12-30 11:06:43.39","2025-12-30 10:17:17.343","Mailiniz 5 dakika içerisinde karşıya iletilecektir. Tekrar göndermenize gerek yoktur.","10","3","Mailiniz 5 dakika içerisinde karşıya iletilecektir. Tekrar göndermenize gerek yoktur.","hatasoy",NULL,NULL
1297874,"14",NULL,5768,"EKSTRE ÇIKTI HATASI","merhabalar
müşterimize konsolosluk için 3 aylık ekstre verilecektir. ancak çıktı alırken güvenlik hatası alınmaktadır. yardımlarınızı rica ederim.","2","4",18271,"hatasoy","2025-12-30 11:02:34.69","2025-12-30 11:10:27.963","2025-12-30 10:52:22.42","Aşağıdaki linkte yer alan ""DLP Ajanı Nasıl Güncellenir?"" başlığındaki adımları uyguladıktan sonra işlemi yeniden yapmayı dener misiniz?
https://bilge.kuveytturk.com.tr/genel/24374-dlp-forcepoint-one-endpoint","10","3","Kaşe ve ıslak imza ihtiyacı nedeniyle istisna tanımlanmıştır. 

Aşağıdaki linkte yer alan ""DLP Ajanı Nasıl Güncellenir?"" başlığındaki adımları uyguladıktan sonra işlemi yeniden yapmayı dener misiniz?
https://bilge.kuveytturk.com.tr/genel/24374-dlp-forcepoint-one-endpoint","hatasoy",NULL,NULL
1297836,"14",NULL,5768,"Leasing evrakları hk","Merhabalar,

Müşterimize leasing evraklarını mail atmamız gerekmektedir ancak veri koruma uyarısı almaktayız
aşağıdaki mail adreslerine izin verilmesi hususunda desteklerinizi rica ederim

harun.ozan@inoled.com.tr
bankalar@inoled.com.tr","2","4",18271,"hatasoy","2025-12-30 10:36:21.127","2025-12-30 11:13:10.94","2025-12-30 10:00:55.223","Mailiniz 5 dakika içerisinde karşıya iletilecektir. Tekrar göndermenize gerek yoktur.","10","3","Mailiniz 5 dakika içerisinde karşıya iletilecektir. Tekrar göndermenize gerek yoktur.","hatasoy",NULL,NULL
1297774,"14",NULL,5768,"Mail Serbest Bırakılması Hk.","Merhaba,

Müşterimiz yıllık mutabakat mektubu belgesini bankamızdan talep etmektedir. Ancak yıl içerisinde müşterimize verilen teminat mektubu içerisinde muhatap tckn bilgisi yazmasından dolayı hassas paylaşıma takılmaktadır. Mailin serbest bırakılması hususunda değerli desteklerinizi arz/rica eder, iyi çalışmalar dilerim.","2","4",18271,"hatasoy","2025-12-30 10:07:33.71","2025-12-30 10:08:04.673","2025-12-30 08:48:34.113","Mailiniz 5 dakika içerisinde karşıya iletilecektir. Tekrar göndermenize gerek yoktur.","10","3","Mailiniz 5 dakika içerisinde karşıya iletilecektir. Tekrar göndermenize gerek yoktur.","hatasoy",NULL,NULL
1297821,"14",NULL,5768,"Hangisi İnternet için beyanname gönderimi","Hangisi İnternetin bize önceden göndermiş oldukları belgelerin örnek olması için iletilmesi gerekmektedir. istisna tanımlanması için yardımcı olabilir misiniz?","2","4",18271,"hatasoy","2025-12-30 09:59:03.663","2025-12-30 09:59:29.863","2025-12-30 09:32:57.66","Mailiniz 5 dakika içerisinde karşıya iletilecektir. Tekrar göndermenize gerek yoktur.","10","3","Mailiniz 5 dakika içerisinde karşıya iletilecektir. Tekrar göndermenize gerek yoktur.","hatasoy",NULL,NULL
1297724,"14",NULL,5768,"Talya hazır beton firması proje evraklarını mail atarken müşteri verisi güvenlik hatası almaktayım","sefaaras@hotmail.com adresine firma proje evraklarını mail atacağım istisna tanımlaması yapılması noktasında yardımcı olabilir misiniz?","2","4",18271,"hatasoy","2025-12-30 08:38:05.92","2025-12-30 08:38:35.58","2025-12-29 17:20:30.2","Mailiniz 5 dakika içerisinde karşıya iletilecektir. Tekrar göndermenize gerek yoktur.","10","3","Mailiniz 5 dakika içerisinde karşıya iletilecektir. Tekrar göndermenize gerek yoktur.","hatasoy",NULL,NULL
1297725,"14",NULL,5768,"saat 17,25 te korumaya takılan mail","saat 17,25 te korumaya takılan mailimin müşteriye iletilmesi hususunda desteklerinizi rica ederiz.","2","4",18271,"hatasoy","2025-12-30 08:23:15.533","2025-12-30 08:24:25.26","2025-12-29 17:29:16.59","Mailiniz 5 dakika içerisinde karşıya iletilecektir. Tekrar göndermenize gerek yoktur.","10","3","Mailiniz 5 dakika içerisinde karşıya iletilecektir. Tekrar göndermenize gerek yoktur.","hatasoy",NULL,NULL
1297680,"14",NULL,5768,"istisna tanımlama","96716253 yapı24 firması findeks raporu istiyor. işlem için ekteki belgeler mail atılıyor ancak veri korumaya takılıyor tanımlama yapabilir misiniz.
muhasebe@yapi24.com.tr","2","4",18271,"hatasoy","2025-12-29 16:15:43.69","2025-12-29 16:17:37.96","2025-12-29 16:01:28.54","Mailiniz 5 dakika içerisinde karşıya iletilecektir. Tekrar göndermenize gerek yoktur.","10","3","Mailiniz 5 dakika içerisinde karşıya iletilecektir. Tekrar göndermenize gerek yoktur.","hatasoy",NULL,NULL
1297651,"14",NULL,5768,"Firma Grup firmalarının iban talebi","Merhaba,

Erçal Fındık firması tüm grup firmalarının İban bilgilerini excel olarak talep etmiştir. Firmanın ilgili talebi için ekteki excel dostası gönderilirken hata alınmaktadır. 
mervekaplan@ercal.com.tr, hayriyeturkkal@ercal.com.tr adeslerine ekteki exceli gönderebilmek için istisna tanımı yapılması rica olunur. ilgiil mailler firmaların müşteri iletişim araçları sözleşmesinde yer alan mail aderesleridir.","2","4",18271,"hatasoy","2025-12-29 16:13:12.013","2025-12-29 16:15:14.733","2025-12-29 15:11:43.747","Mailiniz 5 dakika içerisinde karşıya iletilecektir. Tekrar göndermenize gerek yoktur.","10","3","Mailiniz 5 dakika içerisinde karşıya iletilecektir. Tekrar göndermenize gerek yoktur.","hatasoy",NULL,NULL
1297648,"14",NULL,5768,"834056","merhaba;
834056 nolu müşterimiz  hesap ekstrelerini ingilteredeki damadına mail attırmak istemektedir fakat veri korumadan kaynaklı mail gitmemiştir. müşterimizden yazılı rıza beyanı alınmış olup divite eklenmiştir .  mail atılmak istenen hazır mail dökümanıda divittedir . mailin karşı tarafa iletilmesini rica ederiz . mail taılmak istenen adres : ssarisoy@gmail.com","2","4",18271,"hatasoy","2025-12-29 16:09:13.063","2025-12-29 16:12:53.923","2025-12-29 14:59:34.183","Mailiniz 5 dakika içerisinde karşıya iletilecektir. Tekrar göndermenize gerek yoktur.","10","3","Mailiniz 5 dakika içerisinde karşıya iletilecektir. Tekrar göndermenize gerek yoktur.","hatasoy",NULL,NULL
1297560,"14",NULL,5768,"mail gönderimi","Merhaba ekte bulunan mail istisna tanımlanması müşterimize ulaştırılması konusunda değeleri yardımlarınızı arz ederim,

iyi çalışmalar","1","4",18271,"hatasoy","2025-12-29 14:38:42.837","2025-12-29 15:23:16.01","2025-12-29 12:16:28.61","Mailiniz 5 dakika içerisinde karşıya iletilecektir. Tekrar göndermenize gerek yoktur.","10","3","Mailiniz 5 dakika içerisinde karşıya iletilecektir. Tekrar göndermenize gerek yoktur.","hatasoy",NULL,NULL
1297605,"14",NULL,5768,"veri istisnası yetki paylaşımı tanımı","MErhaba noterlige gönderecegim vekaletin word örneginin gönderimi için istisna tanımını rica ederim 
b.cekmece21@gmail.com","2","4",18271,"hatasoy","2025-12-29 14:27:44.603","2025-12-29 15:25:09.203","2025-12-29 13:58:26.513","Mailiniz 5 dakika içerisinde karşıya iletilecektir. Tekrar göndermenize gerek yoktur.","10","3","Mailiniz 5 dakika içerisinde karşıya iletilecektir. Tekrar göndermenize gerek yoktur.","hatasoy",NULL,NULL
1297577,"14",NULL,5768,"TEMİNAT ÇIKTISI","merhaba,

ekte yer alan excel dosyalarının çıktı alınması hususunda yetki verilmesi,ni talep etmekteyim. teminat sayımı yapılacaktır.","2","4",18271,"hatasoy","2025-12-29 14:17:51.763","2025-12-29 15:33:38.907","2025-12-29 12:27:19.51","Merhabalar,

Aşağıdaki linkte yer alan ""DLP Ajanı Nasıl Güncellenir?"" başlığındaki adımları uyguladıktan sonra işlemi yeniden yapmayı dener misiniz?
https://bilge.kuveytturk.com.tr/genel/24374-dlp-forcepoint-one-endpoint","10","3","Merhabalar,

Aşağıdaki linkte yer alan ""DLP Ajanı Nasıl Güncellenir?"" başlığındaki adımları uyguladıktan sonra işlemi yeniden yapmayı dener misiniz?
https://bilge.kuveytturk.com.tr/genel/24374-dlp-forcepoint-one-endpoint","hatasoy",NULL,NULL
1297614,"14",NULL,5768,"Veri Güvenliği'nden Halil Atasoy'un Dikkatine","Merhabalar,
Kurum mailimden şahsi mailime göndermeye çalıştığım sepetim telefon faturasının gönderimine izin verilmesi için yardımlarınızı rica ederiz.","3","4",18271,"hatasoy","2025-12-29 14:12:55.787","2025-12-29 14:48:33.69","2025-12-29 14:08:32.33","Mailiniz 5 dakika içerisinde karşıya iletilecektir. Tekrar göndermenize gerek yoktur.","10","3","Mailiniz 5 dakika içerisinde karşıya iletilecektir. Tekrar göndermenize gerek yoktur.","hatasoy",NULL,NULL
1297531,"14",NULL,5768,"istisna tanımlama rica ederiz","merhaba firma muhasebecisine  bakiye  tablosu göndermek istiyoruz fakat hassas veriye takılıyor 

ayse@tupteks.com  mail adresine istisna tanımlamanızı rica ederiz.","2","4",21474,"hatasoy","2025-12-29 14:09:13.18","2025-12-29 14:26:42.837","2025-12-29 11:36:30.603","Kullanıcıya konunun hassasiyeti aktarılmıştır. İşleme ihtiyaç görülmediği noktasında geri dönüş alınmıştır. Bu doğrultuda talep kapatılmıştır.","10","3","Kullanıcıya konunun hassasiyeti aktarılmıştır. İşleme ihtiyaç görülmediği noktasında geri dönüş alınmıştır. Bu doğrultuda talep kapatılmıştır.","hatasoy",NULL,NULL
1297527,"14",NULL,5768,"Sahsi arac vekaletname cıktısı","sahsi arac alımım için cıktı almak istiyroum. sistem engelliyor. yardımlarnıxı talep ediyorum","2","4",21474,"hatasoy","2025-12-29 14:03:56.513","2025-12-29 15:17:27.607","2025-12-29 11:34:55.217","Kişisel süreçleriniz için kişisel bilgisayarınız üzerinden süreçlerinizi ilerletebilirsiniz. Bu sebeple talebiniz bilgi güvenliği politikaları gereğince uygun görülmemektedir.","10","3","Kişisel süreçleriniz için kişisel bilgisayarınız üzerinden süreçlerinizi ilerletebilirsiniz. Bu sebeple talebiniz bilgi güvenliği politikaları gereğince uygun görülmemektedir.","hatasoy",NULL,NULL
1297523,"14",NULL,5768,"fehim peker hesap ektresi hk","tüpteks tekstil finansçısı patronun yani fehim pekerin hesap bakiyelerini ve fon dökümlerini istemektedir. desteklerinizi rica ederiz.

204918 fehim peker","2","4",18271,"hatasoy","2025-12-29 13:47:33.397","2025-12-29 14:02:38.363","2025-12-29 11:32:52.64","Mailiniz 5 dakika içerisinde karşıya iletilecektir. Tekrar göndermenize gerek yoktur.","10","3","Mailiniz 5 dakika içerisinde karşıya iletilecektir. Tekrar göndermenize gerek yoktur.","hatasoy",NULL,NULL
1297510,"14",NULL,5768,"Hassas veri sebebiyle engellenen mail","11.24 saatinde sena karadağ kişisine atmış olduğum mail hassas veri sebebi ile engellendi.

İlgili mail proje evrakları olup, serbest bırakılmasını rica ederim.","2","4",18271,"hatasoy","2025-12-29 13:41:04.5","2025-12-29 13:43:05.727","2025-12-29 11:25:08.64","Mailiniz 5 dakika içerisinde karşıya iletilecektir. Tekrar göndermenize gerek yoktur.","10","3","Mailiniz 5 dakika içerisinde karşıya iletilecektir. Tekrar göndermenize gerek yoktur.","hatasoy",NULL,NULL
1297507,"14",NULL,5768,"E MAIL İSTİSNA","Merhaba ,

Müşterimize findeks üyeliği için sözleşmeleri iletmekteyiz. E mail hususunda tarafınızdan yardım rica ediyoruz.","2","4",18271,"hatasoy","2025-12-29 13:39:45.113","2025-12-29 13:40:48.533","2025-12-29 11:21:12.45","Mailiniz 5 dakika içerisinde karşıya iletilecektir. Tekrar göndermenize gerek yoktur.","10","3","Mailiniz 5 dakika içerisinde karşıya iletilecektir. Tekrar göndermenize gerek yoktur.","hatasoy",NULL,NULL
1296941,"14",NULL,5768,"6064896 - konmetsan","Merhaba ;

6064896 - Konmetsan A.Ş müşterimiz kullanmış olduğu finansmanların geri ödeme planları pdf olarak talep etmektedir. ödeme planları bilgi@konmetsan.com mail adresine göndermek istendiğinde hassas veri uyarısı almaktayız. istisna tanımlanması  hususunda yardımlarınızı talep eder, hayırlı mesailer dilerim.","2","4",18271,"hatasoy","2025-12-29 12:12:36.9","2025-12-29 12:13:21.033","2025-12-26 08:50:01.573","Mailiniz 5 dakika içerisinde karşıya iletilecektir. Tekrar göndermenize gerek yoktur.","10","3","Mailiniz 5 dakika içerisinde karşıya iletilecektir. Tekrar göndermenize gerek yoktur.","hatasoy",NULL,NULL
1297455,"14",NULL,5768,"YETKİ HK","Ayse Kesir <ayse.kesir@taksitlio.com> talimat mailim için yetki verebilir misiniz","2","4",18271,"hatasoy","2025-12-29 12:09:29.803","2025-12-29 13:46:47.15","2025-12-29 10:18:52.973","Mailiniz 5 dakika içerisinde karşıya iletilecektir. Tekrar göndermenize gerek yoktur.","10","3","Mailiniz 5 dakika içerisinde karşıya iletilecektir. Tekrar göndermenize gerek yoktur.","hatasoy",NULL,NULL
1297476,"14",NULL,5768,"Kendi araç alımım için kurum müşterimiz 121039 - ASF OTO A.Ş. yetkilileri mail gönderim izniş hk","Kendi araç alımım için kurum müşterimiz 121039 - ASF OTO A.Ş. yetkilileri mail gönderim izni talep ediyorum.
muhatap mail adresleri songul.ercan@asf.com.tr  
tarik.yalmanoglu@asf.com.tr

not: ekteki maili gödnermeye calısıyorum","2","4",18271,"hatasoy","2025-12-29 11:09:20.733","2025-12-29 11:12:10.603","2025-12-29 10:33:18.08","Mailiniz karşıya iletilmiştir.","10","3","Mailiniz karşıya iletilmiştir.","hatasoy",NULL,NULL
1297454,"14",NULL,5768,"Müşteri Verisi - Güvenlik Bilgilendirmesi Hk","Merhaba,

Müşterimize ait ekstre talebini kayıtlı olmayan mail adresine atmak istediğimde ekte yer alan mail gelmiştir. Müşteriye ait bu verileri maskelemeden iş kapsamı ihtiyacından dolayı gönderilmesi için yardımlarınızı rica ederiz.","2","4",21474,"hatasoy","2025-12-29 10:51:23.83","2025-12-29 11:57:40.153","2025-12-29 10:15:59.36","İstisna durumları hariç hesap ektreleri bilgi güvenliği politikaları gereği sadece BOA üzerinden gönderilmesi gerekmektedir.","10","3","İstisna durumları hariç hesap ektreleri bilgi güvenliği politikaları gereği sadece BOA üzerinden gönderilmesi gerekmektedir.","hatasoy",NULL,NULL
1297424,"14",NULL,5768,"Portföy 360 müşteri","Müşteri aktifleştirme  çalışması yapabilmek için müşterilerimin çıktısı almak istediğimde ''Veri Sızıntısı Önleme (DLP) sistemimiz tarafından gerçekleştirilen incelemeler sonucu, 2025-12-29 09:46:01 tarihinde \\srvsube-081\06-081-MFP01 adresine KVKK (Kişisel Verilerin Korunması Kanunu) kapsamında hassas veri gönderildiği tespit edilmiştir. Gönderilmek istenen içerikte müşteri numarası ve ad-soyad hassas verilerin olduğu görülmektedir ''
ilgili çıktıları yazdırabilmem için yardımlarınızı rica ediyorum.","2","4",21474,"hatasoy","2025-12-29 10:44:01.82","2025-12-29 11:41:31.513","2025-12-29 09:47:05.623","Kullanıcıya konunun hassasiyeti aktarılmıştır. Çıktı alma işlemine ihtiyaç görülmediği noktasında geri dönüş alınmıştır. Bu doğrultuda talep kapatılmıştır.","10","3","Kullanıcıya konunun hassasiyeti aktarılmıştır. Çıktı alma işlemine ihtiyaç görülmediği noktasında geri dönüş alınmıştır. Bu doğrultuda talep kapatılmıştır.","hatasoy",NULL,NULL
1297415,"14",NULL,5768,"istisna talebi","Merhaba,

daha önceden istisna tanımlana firma destek sayfasına log yüklemek istediğimde hata alıyorum. istisna tanımlanması konusunda yardımcı olabilir misiniz?","2","4",18271,"hatasoy","2025-12-29 10:42:13.887","2025-12-29 11:58:34.347","2025-12-29 09:41:06.703","Merhaba,
Aşağıdaki linkte yer alan ""DLP Ajanı Nasıl Güncellenir?"" başlığındaki adımları uyguladıktan sonra işlemi yeniden yapmayı dener misiniz?
https://bilge.kuveytturk.com.tr/genel/24374-dlp-forcepoint-one-endpoint","10","3","Merhaba,
Aşağıdaki linkte yer alan ""DLP Ajanı Nasıl Güncellenir?"" başlığındaki adımları uyguladıktan sonra işlemi yeniden yapmayı dener misiniz?
https://bilge.kuveytturk.com.tr/genel/24374-dlp-forcepoint-one-endpoint","hatasoy",NULL,NULL
1297399,"14",NULL,5768,"mail gönderimi","Merhaba;
müşterimize kendi sigorta poliçesini gönderirken mail kısıtına takılıyoruz. Müşteriye poliçesini ulaştırabilmek için görüntüdeki maile gönderimin yapılması için yardımlarınızı arz ederim.","2","4",18271,"hatasoy","2025-12-29 10:41:06.937","2025-12-29 10:41:39.31","2025-12-29 09:31:08.64","Merhaba,
Aşağıdaki linkte yer alan ""DLP Ajanı Nasıl Güncellenir?"" başlığındaki adımları uyguladıktan sonra işlemi yeniden yapmayı dener misiniz?
https://bilge.kuveytturk.com.tr/genel/24374-dlp-forcepoint-one-endpoint","10","3","Merhaba,
Aşağıdaki linkte yer alan ""DLP Ajanı Nasıl Güncellenir?"" başlığındaki adımları uyguladıktan sonra işlemi yeniden yapmayı dener misiniz?
https://bilge.kuveytturk.com.tr/genel/24374-dlp-forcepoint-one-endpoint","hatasoy",NULL,NULL
1297235,"14",NULL,5768,"Mail istisna hk.","Merhaba, 

İlgili mail iş gerekliliğine istinaden atılmış olup, şirket içi bilgi içermemektedir.","2","4",18271,"hatasoy","2025-12-29 10:37:11.927","2025-12-29 11:15:19.683","2025-12-27 13:44:18.04","Mailiniz 5 dk içerisinde karşıya iletilecektir.","10","3","Mailiniz 5 dk içerisinde karşıya iletilecektir.","hatasoy",NULL,NULL
1297457,"14","3",5768,"Mobil E-Posta Erişim Problemi Hk.","Merhaba kolay gelsin,
Telefona email kurulumunu tamamlamış olmama rağmen, ""Hesap Aktivasyonu bağlantı sorunu nedeniyle başarısız oldu. Daha sonra tekrar deneyin."" hatası almaktayım. MAM cihaz listeleme görüntüsü ihtiyaç olması durumunda divite eklemekteyim. Konu ile ilgili kontrol ve dönüşlerinizi rica eder, hayırlı haftalar dilerim. İyi çalışmalar.","3","4",5170,"keremt","2025-12-29 10:32:17.907","2025-12-31 09:02:41.613","2025-12-29 10:15:47.53","Merhaba, Huawei cihazlar MAM sisteminde stabil çalışmamaktadır. Bu nedenle hata almaktasınız. Kurulum yapılmış gibi görünsede sistemlere erişim sağlayamıyorlar. MAM kullanmak istiyorsanız farklı bir cihaza (ios-android) kurulum yapmayı deneyebilirsiniz.","3","3","Merhaba, Huawei cihazlar MAM sisteminde stabil çalışmamaktadır. Bu nedenle hata almaktasınız. Kurulum yapılmış gibi görünsede sistemlere erişim sağlayamıyorlar. MAM kullanmak istiyorsanız farklı bir cihaza (ios-android) kurulum yapmayı deneyebilirsiniz.","keremt",NULL,NULL
1297183,"14",NULL,5768,"çıktı alımı hk","Merhaba;

Arşiv çalışması için ekte buluann listelerin çıktısı alınacaktır. Veri kontrolunden çıkarılmasını rica ederim.","2","4",18271,"hatasoy","2025-12-29 10:17:32.707","2025-12-29 11:05:56.87","2025-12-26 16:53:50.077","Merhaba,
Aşağıdaki linkte yer alan ""DLP Ajanı Nasıl Güncellenir?"" başlığındaki adımları uyguladıktan sonra işlemi yeniden yapmayı dener misiniz?
https://bilge.kuveytturk.com.tr/genel/24374-dlp-forcepoint-one-endpoint","10","3","Merhaba,
Aşağıdaki linkte yer alan ""DLP Ajanı Nasıl Güncellenir?"" başlığındaki adımları uyguladıktan sonra işlemi yeniden yapmayı dener misiniz?
https://bilge.kuveytturk.com.tr/genel/24374-dlp-forcepoint-one-endpoint","hatasoy",NULL,NULL
1297168,"14",NULL,5768,"istisna tanımlama","Merhaaba , 16:23 saatinde emreatabay@caganpackaging.com a iletmek istediğim şahsının vize başvurusu için kaşe imzalı evrağını göndermem için istisna tanımlanması konusunda desteklerinizi rica ederim","2","4",18271,"hatasoy","2025-12-29 10:10:02.577","2025-12-29 10:13:41.057","2025-12-26 16:26:04.983","Mailiniz karşıya iletilmiştir.","10","3","Mailiniz karşıya iletilmiştir.","hatasoy",NULL,NULL
1297185,"14",NULL,5768,"YILSONU MUTABAKAT SAYIMI HAK .","Merhaba yıl sonu olması sebebiyle teminat mutabakatı yapılacaktır Sayımın sağlıklı olması adına  yüzden çıktı alınması gerekmektedir yardımlarınızı rica ederiz .","2","4",18271,"hatasoy","2025-12-29 08:22:14.177","2025-12-29 10:08:42.933","2025-12-26 17:00:50.4","Merhaba,
Aşağıdaki linkte yer alan ""DLP Ajanı Nasıl Güncellenir?"" başlığındaki adımları uyguladıktan sonra işlemi yeniden yapmayı dener misiniz?
https://bilge.kuveytturk.com.tr/genel/24374-dlp-forcepoint-one-endpoint","10","3","Merhaba,
Aşağıdaki linkte yer alan ""DLP Ajanı Nasıl Güncellenir?"" başlığındaki adımları uyguladıktan sonra işlemi yeniden yapmayı dener misiniz?
https://bilge.kuveytturk.com.tr/genel/24374-dlp-forcepoint-one-endpoint","hatasoy",NULL,NULL
1297169,"14",NULL,5768,"Avod gıda mailine gönderim konusunda istisna talep ederiz","Avod gıda mailine gönderim konusunda istisna talep ederiz. Paket poliçe evrakları hk.","2","4",18271,"keremt","2025-12-26 16:49:59.827","2025-12-26 16:50:58.527","2025-12-26 16:34:03.873","Merhaba, karantinaya takılan mailiniz serbest bırakılmıştır. 10 dk içerisinde mail karşı tarafa ulaşacaktır. Maili tekrar göndermenize gerek yoktur.","10","3","Merhaba, karantinaya takılan mailiniz serbest bırakılmıştır. 10 dk içerisinde mail karşı tarafa ulaşacaktır. Maili tekrar göndermenize gerek yoktur.","keremt",NULL,NULL
1297097,"14",NULL,5768,"veri güvenliği sebebiyle mail gönderememe","ayse.kesir@taksitlio.com mail adresine yapmış olduğum 14.08 26.12.2025 tarihli mailimi veri güvenliği sebebiyle gönderememekteyiz mailin iletilmesi hususunda desteklerinizi arz ederim.","2","4",18271,"keremt","2025-12-26 16:49:15.513","2025-12-26 16:49:52.747","2025-12-26 14:17:03.65","Merhaba, karantinaya takılan mailiniz serbest bırakılmıştır. 10 dk içerisinde mail karşı tarafa ulaşacaktır. Maili tekrar göndermenize gerek yoktur.","10","3","Merhaba, karantinaya takılan mailiniz serbest bırakılmıştır. 10 dk içerisinde mail karşı tarafa ulaşacaktır. Maili tekrar göndermenize gerek yoktur.","keremt",NULL,NULL
1297090,"14",NULL,5768,"destek-bank mail iletilememesi hk.","merhabalar;
standart maillerimiz Takas@destekbank.com ve egol@destekbank.com adreslerine ulaşmamaktadır. konu hususunda desteğinizi rica ederiz.","2","4",18271,"keremt","2025-12-26 16:48:15.737","2025-12-26 16:49:07.533","2025-12-26 14:06:49.033","Merhaba, karantinaya takılan mailiniz serbest bırakılmıştır. 10 dk içerisinde mail karşı tarafa ulaşacaktır. Maili tekrar göndermenize gerek yoktur.","10","3","Merhaba, karantinaya takılan mailiniz serbest bırakılmıştır. 10 dk içerisinde mail karşı tarafa ulaşacaktır. Maili tekrar göndermenize gerek yoktur.","keremt",NULL,NULL
1297083,"14",NULL,5768,"veri güvenliği hakkında","Aşağıdaki linkte yer alan ""DLP Ajanı Nasıl Güncellenir?"" başlığındaki adımları uyguladıktan sonra işlemi yeniden yapmayı dener misiniz?
https://bilge.kuveytturk.com.tr/genel/24374-dlp-forcepoint-one-endpoint#dlp-ajani-nasil-guncellenir

teminat listelerini yazdırırken yine aynı hatayı almaktayım. daha önceki mercek talebinde belirtilen çözümü sağlamaya çalışıyorum ancak mümkün olmamakta.","2","4",18271,"keremt","2025-12-26 16:45:32.717","2025-12-26 16:48:05.607","2025-12-26 13:37:42.783","Aşağıdaki linkte yer alan ""DLP Ajanı Nasıl Güncellenir?"" başlığındaki adımları uyguladıktan sonra işlemi yeniden yapmayı dener misiniz?
https://bilge.kuveytturk.com.tr/genel/24374-dlp-forcepoint-one-endpoint#dlp-ajani-nasil-guncellenir","10","3","Aşağıdaki linkte yer alan ""DLP Ajanı Nasıl Güncellenir?"" başlığındaki adımları uyguladıktan sonra işlemi yeniden yapmayı dener misiniz?
https://bilge.kuveytturk.com.tr/genel/24374-dlp-forcepoint-one-endpoint#dlp-ajani-nasil-guncellenir","keremt",NULL,NULL
1297071,"14",NULL,5768,"19113819","Merhaba. Müşteirmize kredi onay yazısı gönderilecektir. istisna tanımlanmasını rica ederim","2","4",18271,"keremt","2025-12-26 16:44:26.06","2025-12-26 16:45:07.38","2025-12-26 12:12:02.943","Merhaba, karantinaya takılan mailiniz serbest bırakılmıştır. 10 dk içerisinde mail karşı tarafa ulaşacaktır. Maili tekrar göndermenize gerek yoktur.","10","3","Merhaba, karantinaya takılan mailiniz serbest bırakılmıştır. 10 dk içerisinde mail karşı tarafa ulaşacaktır. Maili tekrar göndermenize gerek yoktur.","keremt",NULL,NULL
1297066,"14",NULL,5768,"RE: 7015210 ARAPOĞULLARI ULUSLAR ARASI NAKLİYAT İTHALAT HK.","Sayın Melike Münevver Özbek / Kuveyt Türk - Hukuk ve Takip İşleri Müdürlüğü,

Finans ve müşteri verilerini maskeleme yöntemi kullanılmadan 2025-12-26 12:06:44 tarihinde kelebekhukuk.01@hotmail.com adresine göndermek istediniz. Bilgi güvenliği politikaları gereğince bu işlem engellenmiştir. Bu verileri akıştan çıkararak veya aşağıda belirtilen maskeleme yöntemini akışta bulunan veriler için uygulayarak veri gönderimi yapabilirsiniz.
• IBAN verisi için ilk ve son 4 rakam hariç olmak üzere TR11XXXXXXXXXXXXXXXXXX1111) diğer rakamları maskeleyiniz.
• TCKN verisi için ilk ve son 2 rakam hariç olmak üzere (11XXXXXXX11) diğer rakamları maskeleyiniz.
• Kart verisi için ise ilk 6 ve son 4 rakam hariç olmak üzere (1111 11XX XXXX 1111) diğer rakamları maskeleyiniz.
Bu verileri maskelemeden iş kapsamı ihtiyacından dolayı gönderilmesi gerekliyse BT Mercek Talep – Çağrı Oluştur ekranından “Yetki ve Erişim Talepleri > Veri Koruma Sistemi İstisna Tanımlama” kategorisinden çağrı oluşturabilirsiniz.

Kuveyt Türk Veri Güvenliği EkibiSayın Melike Münevver Özbek / Kuveyt Türk - Hukuk ve Takip İşleri Müdürlüğü,

Kuveyt Türk müşterilerine ait hesap ekstresi dosyasının 2025-12-26 12:06:44 tarihinde kelebekhukuk.01@hotmail.com adresine göndermek istediniz. Bu mailiniz Bilgi Güvenliği Politikaları gereğince engellenmiştir. Hesap ekstresini akıştan çıkartarak gönderim işlemini yeniden deneyebilirsiniz.

Hesap ektresi paylaşımı müşterinin BOA'da kayıtlı olan mail adresine sadece BOA üzeri","2","4",18271,"keremt","2025-12-26 16:43:22.28","2025-12-26 16:44:19.3","2025-12-26 12:07:30.597","Merhaba, karantinaya takılan mailiniz serbest bırakılmıştır. 10 dk içerisinde mail karşı tarafa ulaşacaktır. Maili tekrar göndermenize gerek yoktur.","10","3","Merhaba, karantinaya takılan mailiniz serbest bırakılmıştır. 10 dk içerisinde mail karşı tarafa ulaşacaktır. Maili tekrar göndermenize gerek yoktur.","keremt",NULL,NULL
1297063,"14",NULL,5768,"istisna talebi acil","merhaba müşterimizle vefa protokolu paylaşmak zorundayız, istisna tanımlamasını rica ederiz.","2","4",18271,"keremt","2025-12-26 16:40:57.66","2025-12-26 16:43:14.203","2025-12-26 12:05:56.52","Merhaba, karantinaya takılan mailiniz serbest bırakılmıştır. 10 dk içerisinde mail karşı tarafa ulaşacaktır. Maili tekrar göndermenize gerek yoktur.","10","3","Merhaba, karantinaya takılan mailiniz serbest bırakılmıştır. 10 dk içerisinde mail karşı tarafa ulaşacaktır. Maili tekrar göndermenize gerek yoktur.","keremt",NULL,NULL
1297003,"14",NULL,5768,"Mail gönderimi H.k","Merhabalar ;
ekte görüntüsünü göndermiş olduğum mail sisteme takılmaktadır. ilgili evrak hazine mutabakat evrakı olup hazine birimimiz imzalı bir şekilde talep etmiştir. 
ilgili mailin gönderilmesi hususunda desteklerinizi arz ederim.","2","4",18271,"keremt","2025-12-26 16:39:58.577","2025-12-26 16:40:50.8","2025-12-26 10:21:50.75","Merhaba, karantinaya takılan mailiniz serbest bırakılmıştır. 10 dk içerisinde mail karşı tarafa ulaşacaktır. Maili tekrar göndermenize gerek yoktur.","10","3","Merhaba, karantinaya takılan mailiniz serbest bırakılmıştır. 10 dk içerisinde mail karşı tarafa ulaşacaktır. Maili tekrar göndermenize gerek yoktur.","keremt",NULL,NULL
1296971,"14",NULL,5768,"Teminat Listesi Hkk","merhaba,
şubemizde yılsonu teminat mutabakatı yapılacaktır. teminat listesinin yer aldığı dosyayı yazdırmak istediğimde Müşteri Bilgileri - Güvenlik Bilgilendirmesi adı altında mail gelmekte, yazdırma işlemi engellenmetedir. engelin kaldırılmasını talep ederiz. iyi çalışmalar.","2","4",18271,"keremt","2025-12-26 16:37:34.64","2025-12-26 16:38:59.747","2025-12-26 09:24:25.397","Aşağıdaki linkte yer alan ""DLP Ajanı Nasıl Güncellenir?"" başlığındaki adımları uyguladıktan sonra işlemi yeniden yapmayı dener misiniz?
https://bilge.kuveytturk.com.tr/genel/24374-dlp-forcepoint-one-endpoint#dlp-ajani-nasil-guncellenir","10","3","Aşağıdaki linkte yer alan ""DLP Ajanı Nasıl Güncellenir?"" başlığındaki adımları uyguladıktan sonra işlemi yeniden yapmayı dener misiniz?
https://bilge.kuveytturk.com.tr/genel/24374-dlp-forcepoint-one-endpoint#dlp-ajani-nasil-guncellenir","keremt",NULL,NULL
1296579,"14",NULL,5768,"arşiv ve mutabakat çalışması","Merhaba 

Temimat sayımı ve arşiv içib bhs dosyalarını excele çıktı verip çıktı almamız gerekmekte fakat çıktı yazıcıya verilemiyor güvenlik önlemlerine takılıyor yıl sonu geldiği için mutabakat ve dosyalama işlemleri yapmamzı gerekmektedir ilgili ekranların açılmasını rica ederim","2","4",18271,"keremt","2025-12-26 16:37:18.703","2025-12-26 16:39:10.953","2025-12-25 09:00:41.473","Aşağıdaki linkte yer alan ""DLP Ajanı Nasıl Güncellenir?"" başlığındaki adımları uyguladıktan sonra işlemi yeniden yapmayı dener misiniz?
https://bilge.kuveytturk.com.tr/genel/24374-dlp-forcepoint-one-endpoint#dlp-ajani-nasil-guncellenir","10","3","Aşağıdaki linkte yer alan ""DLP Ajanı Nasıl Güncellenir?"" başlığındaki adımları uyguladıktan sonra işlemi yeniden yapmayı dener misiniz?
https://bilge.kuveytturk.com.tr/genel/24374-dlp-forcepoint-one-endpoint#dlp-ajani-nasil-guncellenir","keremt",NULL,NULL
1297128,"14",NULL,5768,"Mail hk.","Merhaba,

Ekte bulunan maili avukat müşteriye göndermemi istedi fakat erişim engeli oldu. Mailin gönderilmesini rica ederim.

Saygılarımla.","2","4",18271,"keremt","2025-12-26 16:30:27.02","2025-12-26 16:37:05.343","2025-12-26 15:11:58.08","Merhaba, karantinaya takılan mailiniz serbest bırakılmıştır. 10 dk içerisinde mail karşı tarafa ulaşacaktır. Maili tekrar göndermenize gerek yoktur.","10","3","Merhaba, karantinaya takılan mailiniz serbest bırakılmıştır. 10 dk içerisinde mail karşı tarafa ulaşacaktır. Maili tekrar göndermenize gerek yoktur.","keremt",NULL,NULL
1297147,"14",NULL,5768,"Mail İzni","Merhaba,
Körfez GYO iştirakimizden kurulum süreçleri kapsamında ilettikleri firewall listesine ait IP veya Subnet bilgisi talep ettiğimize dair bir mail iletmeye çalışıyorum fakat mail iletilemiyor. Son ilettiğim mailin iletilmesi adına desteklerinizi rica ederim.","2","4",18271,"keremt","2025-12-26 16:29:00.23","2025-12-26 16:30:10.813","2025-12-26 15:38:22.627","Merhaba, karantinaya takılan mailiniz serbest bırakılmıştır. 10 dk içerisinde mail karşı tarafa ulaşacaktır. Maili tekrar göndermenize gerek yoktur.","10","3","Merhaba, karantinaya takılan mailiniz serbest bırakılmıştır. 10 dk içerisinde mail karşı tarafa ulaşacaktır. Maili tekrar göndermenize gerek yoktur.","keremt",NULL,NULL
1297151,"14",NULL,5768,"YETKİ HK","Ayse Kesir <ayse.kesir@taksitlio.com> talimat mailim için yetki verebilir misiniz","2","4",18271,"keremt","2025-12-26 16:28:12.1","2025-12-26 16:28:51.14","2025-12-26 15:43:04.62","Merhaba, karantinaya takılan mailiniz serbest bırakılmıştır. 10 dk içerisinde mail karşı tarafa ulaşacaktır. Maili tekrar göndermenize gerek yoktur.","10","3","Merhaba, karantinaya takılan mailiniz serbest bırakılmıştır. 10 dk içerisinde mail karşı tarafa ulaşacaktır. Maili tekrar göndermenize gerek yoktur.","keremt",NULL,NULL
1297158,"14",NULL,5768,"mail gönderim istisna","Merhaba , ekli maile iş kapsamı ihtiyacından istisna tanımlanarak gönderim sağlanabilmesi için yardım talep ederim.","2","4",18271,"keremt","2025-12-26 16:26:50.537","2025-12-26 16:28:02.81","2025-12-26 16:01:26.477","Merhaba, karantinaya takılan mailiniz serbest bırakılmıştır. 10 dk içerisinde mail karşı tarafa ulaşacaktır. Maili tekrar göndermenize gerek yoktur.","10","3","Merhaba, karantinaya takılan mailiniz serbest bırakılmıştır. 10 dk içerisinde mail karşı tarafa ulaşacaktır. Maili tekrar göndermenize gerek yoktur.","keremt",NULL,NULL
1297160,"14",NULL,5768,"mail engeli","kullanıcımdan Dogus Oto Kartal Satis Destek <KartalSatisDestek@dogusoto.com> 
nolu mail adreesine ödeme taahaütnamaesi atılamamakta olup doğuşoto tarafına imza sirküsü atılabilmesi konusunda uygunluğunuzu arz ederiz.","2","4",18271,"keremt","2025-12-26 16:12:40.373","2025-12-26 16:13:29.44","2025-12-26 16:03:38.127","Merhaba, karantinaya takılan mailiniz serbest bırakılmıştır. 10 dk içerisinde mail karşı tarafa ulaşacaktır. Maili tekrar göndermenize gerek yoktur.","10","3","Merhaba, karantinaya takılan mailiniz serbest bırakılmıştır. 10 dk içerisinde mail karşı tarafa ulaşacaktır. Maili tekrar göndermenize gerek yoktur.","keremt",NULL,NULL
1296879,"14",NULL,5768,"mutabakat mektupları listeleme mail","merhaba;
mutabakat mektupları listeleme ekranından aldığımız döküm herhangi bir IBAN bilgisi içermemesine rağmen veri güvenliğine takılmaktadır.
dönüşleriniz rica olunur.
iyi çalışmalar.","2","4",18271,"keremt","2025-12-26 15:51:39.19","2025-12-29 12:21:17.733","2025-12-25 17:02:34.493","Merhaba, karantinaya takılan mailiniz serbest bırakılmıştır. 10 dk içerisinde mail karşı tarafa ulaşacaktır. Maili tekrar göndermenize gerek yoktur.","10","3","Merhaba, yapmak istediğiniz işlem nedir tam anlayamadım? Mail mi göndermek istiyorsunuz, hangi adrese göndermek istiyorsunuz ve mailin iş kapsamı nedir? Detaylı bilgi verebilir misiniz?","keremt",NULL,NULL
1296870,"14",NULL,5768,"mail hakkında","divite ekli mailin serbest bırakılmasını rica ederiz.","2","4",18271,"keremt","2025-12-26 15:49:40.627","2025-12-26 15:51:32.117","2025-12-25 16:53:54.81","Müşteri hesap ekstrelerini BOA > Hesap Ekstresi ekranı üzerinden müşterinin kayıtlı e-mail hesabına gönderilmesi gerekmektedir. Outlook uygulaması üzerinden göndermenizin nedeni nedir?","10","3","Müşteri hesap ekstrelerini BOA > Hesap Ekstresi ekranı üzerinden müşterinin kayıtlı e-mail hesabına gönderilmesi gerekmektedir. Outlook uygulaması üzerinden göndermenizin nedeni nedir?","keremt",NULL,NULL
1296848,"14","6",5768,"ACİL MAİL İZNİ HK!!!","Merhaba,
Ekte yer alan mail yıl sonu çalışmaları için PWC'ye iletilmelidir. İsitisna tanımlaması rica ederiz.
Konunun aciliyeti mevcuttur.","2","4",5170,"keremt","2025-12-26 15:49:04.03","2025-12-26 15:49:33.38","2025-12-25 16:12:02.783","Mükerrer talep","3","3","Mükerrer talep","keremt",NULL,NULL
1296832,"14",NULL,5768,"ACİL MAİL İZNİ HK!!!","Merhaba,
Ekte yer alan mail yıl sonu çalışmaları için PWC'ye iletilmelidir. İsitisna tanımlaması rica ederiz.
Konunun aciliyeti mevcuttur.","2","4",18272,"keremt","2025-12-25 17:10:44.81","2025-12-26 08:44:01.417","2025-12-25 15:30:21.807","Karantinaya takılan mail serbest bırakılmıştır. Kalıcı istisna için mail üzerinden bilgi verilmiştir.","10","3","Karantinaya takılan mail serbest bırakılmıştır. Kalıcı istisna için mail üzerinden bilgi verilmiştir.","keremt",NULL,NULL
1296849,"14","6",5768,"mail gönderilmesi hlk ;","Merhaba ,
INC 1296686  nolu mercek içn tarafınıza tekrar mercek ilettim mailin iletilmeisni rica ederiz .
NOT : Müşteri hesabını sildiği için şuan da ek no vs olmadığından dediğiniz gibi gönderemiyorum . Eski ekstreler de masraf yansıyor mail atarken bilginize .","2","4",5170,"keremt","2025-12-25 17:10:14.467","2025-12-25 17:10:35.41","2025-12-25 16:12:38.893","Mükerrer talep","3","3","Mükerrer talep","keremt",NULL,NULL
1296828,"14",NULL,5768,"müşteriden alınması gereken talimat gereği","merhebe ekte bulunan mailin müşterimizin den eksik belgenin tamamlanması talebinde olduğu için mail kıstını kaldırılarak serbest bırakılması hakkında yardımlarınızı rica ederiz.","2","4",18271,"keremt","2025-12-25 16:05:58.757","2025-12-25 16:06:42.413","2025-12-25 15:25:46.293","Merhaba, karantinaya takılan mailiniz serbest bırakılmıştır. 10 dk içerisinde mail karşı tarafa ulaşacaktır. Maili tekrar göndermenize gerek yoktur.","10","3","Merhaba, karantinaya takılan mailiniz serbest bırakılmıştır. 10 dk içerisinde mail karşı tarafa ulaşacaktır. Maili tekrar göndermenize gerek yoktur.","keremt",NULL,NULL
1296279,"14",NULL,5768,"SPLKTFS-Danışma Kurulu Veri Keşfi Tarama Sonuçları (2025)","Aşağıdaki dizinlerde bulunan dosyalar için dizin istisnasının tanımlanmasını rica ederiz. Bu dizinlerde bulunan/bulunacak dosyalar kuruma ait sözleşmelerdir. Bu sözleşmelerin incelenmesi ve Danışma Komitesine onaylatılması,FAİZSİZ BANKACILIK İLKE VE STANDARTLARINA UYUMA İLİŞKİN TEBLİĞİ gereğince zorunludur. İnceleme sürecini ve yorumlarını, onaylatılan belgelerin son halini ilgili birimlerle ve mercilerle paylaşabilmek için kayıt altına almamız gerekir.
\\splktfs\Danisma Kurulu\Birim Ortak\DK Sekretaryası
\\splktfs\Danisma Kurulu\Birim Ortak\Sözleşmeler (Kurum-Tedarikçi-TİP)","1","4",22972,"keremt","2025-12-25 16:05:13.31","2025-12-25 16:05:48.34","2025-12-24 10:00:41.89","Tanım yapılmıştır.","10","3","Tanım yapılmıştır.","keremt",NULL,NULL
1296806,"14",NULL,5768,"Acil mailin veri güvenliğine takılması hk.","Merhaba 
Ekte yer alan mail bankamız yeral avukatına gönderilecek olup; gönderilememiştir konu hususunda ivedi yardımlarınızı rica ederiz.","2","4",18271,"keremt","2025-12-25 15:32:04.7","2025-12-25 16:01:17.763","2025-12-25 14:54:37.477","Merhaba, karantinaya takılan mailiniz serbest bırakılmıştır. 10 dk içerisinde mail karşı tarafa ulaşacaktır. Maili tekrar göndermenize gerek yoktur.","10","3","Merhaba, karantinaya takılan mailiniz serbest bırakılmıştır. 10 dk içerisinde mail karşı tarafa ulaşacaktır. Maili tekrar göndermenize gerek yoktur.","keremt",NULL,NULL
1296802,"14",NULL,5768,"İmza sirküsü gönderilememesi hk","nurih@otokoc.com.tr, melek.kurt@setmedikal.com.tr mail adresine Set medikal araç kredi onay yazısı eki için imza sirküsü gönderilecktir. Mailin gönderilmesi için desteğinizi talep ederiz","2","4",18271,"keremt","2025-12-25 15:31:09.127","2025-12-25 15:31:32.1","2025-12-25 14:48:34.487","Merhaba, karantinaya takılan mailiniz serbest bırakılmıştır. 10 dk içerisinde mail karşı tarafa ulaşacaktır. Maili tekrar göndermenize gerek yoktur.","10","3","Merhaba, karantinaya takılan mailiniz serbest bırakılmıştır. 10 dk içerisinde mail karşı tarafa ulaşacaktır. Maili tekrar göndermenize gerek yoktur.","keremt",NULL,NULL
1296783,"14",NULL,5768,"imza sirküsünün gönderilememesi hk","yunus.ciklakarsli@toyotagurses.com.tr, muhasebe@toyotagurses.com.tr mail adresine , kredi onay yazısının eki için imza sirküsü talep edilmiştir. 

Mailin gönderilmesi için desteğinizi talep ederiz","2","4",18271,"keremt","2025-12-25 15:30:14.677","2025-12-25 15:31:50.1","2025-12-25 14:27:41.67","Merhaba, karantinaya takılan mailiniz serbest bırakılmıştır. 10 dk içerisinde mail karşı tarafa ulaşacaktır. Maili tekrar göndermenize gerek yoktur.","10","3","Merhaba, karantinaya takılan mailiniz serbest bırakılmıştır. 10 dk içerisinde mail karşı tarafa ulaşacaktır. Maili tekrar göndermenize gerek yoktur.","keremt",NULL,NULL
1296768,"14",NULL,5768,"veri koruma istisna tanımlama hk.","merhaba,

firma mali müşavirine geçmiş dönem proje proformaları iletilecektir,

destekleriniz istirham olunur.","2","4",18271,"keremt","2025-12-25 15:28:35.18","2025-12-25 15:29:58.413","2025-12-25 14:10:45.847","Merhaba, karantinaya takılan mailiniz serbest bırakılmıştır. 10 dk içerisinde mail karşı tarafa ulaşacaktır. Maili tekrar göndermenize gerek yoktur.","10","3","Merhaba, karantinaya takılan mailiniz serbest bırakılmıştır. 10 dk içerisinde mail karşı tarafa ulaşacaktır. Maili tekrar göndermenize gerek yoktur.","keremt",NULL,NULL
1296750,"14",NULL,5768,"leasing devir vekaletnamesi","merhabalar.2 adet müşterimize istanbulhukuk bürosu'ndan gelen avukatımızın vekaletnamesini göndermek istediğimizde veri korumaya takılmaktayız.İşlem özelinde uygunluk talebimiz bulunmaktadır","2","4",18271,"keremt","2025-12-25 15:25:42.777","2025-12-25 15:28:27.25","2025-12-25 13:50:14.127","Merhaba, karantinaya takılan mailiniz serbest bırakılmıştır. 10 dk içerisinde mail karşı tarafa ulaşacaktır. Maili tekrar göndermenize gerek yoktur.","10","3","Merhaba, karantinaya takılan mailiniz serbest bırakılmıştır. 10 dk içerisinde mail karşı tarafa ulaşacaktır. Maili tekrar göndermenize gerek yoktur.","keremt",NULL,NULL
1296686,"14",NULL,5768,"istisna hk ;","Merhaba ,
Kolay gelsin ,
96146769 nolu müşterimize ekstre atıldı fakat hat verdi istisna tanımlanması ve mailin iletilmesi hususundsa yardımlarınızı arz/rica ederiz","2","4",18271,"keremt","2025-12-25 15:24:08.513","2025-12-25 17:09:19.267","2025-12-25 11:20:10.81","Müşteri hesap ekstrelerini BOA > Hesap Ekstresi ekranı üzerinden müşterinin kayıtlı e-mail hesabına gönderilmesi gerekmektedir. Outlook uygulaması üzerinden göndermenizin nedeni nedir?","10","3","Müşteri hesap ekstrelerini BOA > Hesap Ekstresi ekranı üzerinden müşterinin kayıtlı e-mail hesabına gönderilmesi gerekmektedir. Outlook uygulaması üzerinden göndermenizin nedeni nedir?","keremt",NULL,NULL
1296685,"14",NULL,5768,"Maaş Ödeme Listesi İletimi Hk","Merhabalar,

Müşterimiz maaş ödemelerini kurumumuza taşımıştır. 
Maaş ödeme listesi talep etmektedir ancak TCKN Hesap No gibi hassas verilerden dolayı müşterimizin maaş ödeme listesi iletilememektedir. İlgili mail özelinde istisna tanımlanması hususunda yardımlarınızı talep ederiz.","2","4",18271,"keremt","2025-12-25 15:21:31.023","2025-12-25 15:22:23.493","2025-12-25 11:20:05.183","Merhaba, karantinaya takılan mailiniz serbest bırakılmıştır. 10 dk içerisinde mail karşı tarafa ulaşacaktır. Maili tekrar göndermenize gerek yoktur.","10","3","Merhaba, karantinaya takılan mailiniz serbest bırakılmıştır. 10 dk içerisinde mail karşı tarafa ulaşacaktır. Maili tekrar göndermenize gerek yoktur.","keremt",NULL,NULL
1296675,"14",NULL,5768,"Mail Gönderim Talebi","Müşteriye gönderilmesi gereken teminat mektubu değişiklik swift mesajı güvenlik duvarına takılmıştır. Serbest bırakılması için yardımcı olabilir misiniz? Gönderilen e-posta ve güvenlik maili ektedir.","2","4",18271,"keremt","2025-12-25 15:18:36.74","2025-12-25 15:21:02.463","2025-12-25 11:12:26.477","Merhaba, karantinaya takılan mailiniz serbest bırakılmıştır. 10 dk içerisinde mail karşı tarafa ulaşacaktır. Maili tekrar göndermenize gerek yoktur.","10","3","Merhaba, karantinaya takılan mailiniz serbest bırakılmıştır. 10 dk içerisinde mail karşı tarafa ulaşacaktır. Maili tekrar göndermenize gerek yoktur.","keremt",NULL,NULL
1296651,"14",NULL,5768,"mail GÖnderimi HK.","Müşteriye leasing dekontları mail olarak gönderlecek olup istisna tanımı talep ederim.","2","4",18271,"keremt","2025-12-25 15:17:38.707","2025-12-25 15:18:23.1","2025-12-25 10:49:07.63","Merhaba, karantinaya takılan mailiniz serbest bırakılmıştır. 10 dk içerisinde mail karşı tarafa ulaşacaktır. Maili tekrar göndermenize gerek yoktur.","10","3","Merhaba, karantinaya takılan mailiniz serbest bırakılmıştır. 10 dk içerisinde mail karşı tarafa ulaşacaktır. Maili tekrar göndermenize gerek yoktur.","keremt",NULL,NULL
1296706,"14",NULL,5768,"Vize Başvuru Evrakları Mail Gönderim İzni Hk;","Merhaba,

Kızımın yurt dışı gezisi için tur şirketine vize evraklarını mail atmam istendi.

Güvenlik nedeni ile mail atmam engellendi.

Konu hakkında yardımlarınız rica ederim.

'trendturvisa@gmail.com' (mail atılacak aderes)","2","4",18271,"keremt","2025-12-25 14:35:31.287","2025-12-25 14:35:48.297","2025-12-25 11:42:57.24","Merhaba, karantinaya takılan mailiniz serbest bırakılmıştır. 10 dk içerisinde mail karşı tarafa ulaşacaktır. Maili tekrar göndermenize gerek yoktur.","10","3","Merhaba, karantinaya takılan mailiniz serbest bırakılmıştır. 10 dk içerisinde mail karşı tarafa ulaşacaktır. Maili tekrar göndermenize gerek yoktur.","keremt",NULL,NULL
1296599,"14",NULL,5768,"mail gönderimi hk.","merhaba,
toplu hesap açılış olan firmamıza kart teslimi için giden arkadaşların tclerini iletmemiz gerekiyor, istisna tanımlanmasını talep ederim","2","4",18271,"keremt","2025-12-25 12:24:48.393","2025-12-25 12:26:01.953","2025-12-25 09:28:50.833","Merhaba, karantinaya takılan mailiniz serbest bırakılmıştır. 10 dk içerisinde mail karşı tarafa ulaşacaktır. Maili tekrar göndermenize gerek yoktur.","10","3","Merhaba, karantinaya takılan mailiniz serbest bırakılmıştır. 10 dk içerisinde mail karşı tarafa ulaşacaktır. Maili tekrar göndermenize gerek yoktur.","keremt",NULL,NULL
1296576,"14","6",5768,"degerkaybi@quicksigorta.com","aracımın değer kaybı için degerkaybi@quicksigorta.com  adresine maili iletmem lazım.","2","4",5170,"keremt","2025-12-25 12:24:11.687","2025-12-25 12:24:42.577","2025-12-25 09:07:11.563","Şahsi işlemlerin kurum bilgisayarı/mailinden gönderilmesi BG politikaları gereği uygun değildir.","3","3","Şahsi işlemlerin kurum bilgisayarı/mailinden gönderilmesi BG politikaları gereği uygun değildir.","keremt",NULL,NULL
1296545,"14",NULL,5768,"tkgm ye iletiilecek veriler","bankanın protokolü gereği tapu tarafına, ekrana yetkili kullanıcıların listesini iletmemiz gerekmektedir. destek rica olunur.","2","4",18271,"keremt","2025-12-25 12:22:17.987","2025-12-25 17:09:44.163","2025-12-25 08:05:57.38","Aşağıdaki linkte yer alan ""DLP Ajanı Nasıl Güncellenir?"" başlığındaki adımları uyguladıktan sonra işlemi yeniden yapmayı dener misiniz?
https://bilge.kuveytturk.com.tr/genel/24374-dlp-forcepoint-one-endpoint#dlp-ajani-nasil-guncellenir","10","3","TCKN verilerinin maskelenerek gönderilmesi işleminizi sağlıyor mu? Bu şekilde gönderebilirseniz BG politikaları gereği uygun olmuş olur.","keremt",NULL,NULL
1296507,"14",NULL,5768,"mail istisna talebi","firmanın kendisine ait veri paylaşımını içermektedir. hesap hareketi eski olduğu için paylaşılamamıştır. maile istisna tanımlanmasını talep ederiz.","2","4",18271,"keremt","2025-12-25 12:20:40.243","2025-12-25 12:22:10.263","2025-12-24 17:10:20.557","Merhaba, karantinaya takılan mailiniz serbest bırakılmıştır. 10 dk içerisinde mail karşı tarafa ulaşacaktır. Maili tekrar göndermenize gerek yoktur.","10","3","Merhaba, karantinaya takılan mailiniz serbest bırakılmıştır. 10 dk içerisinde mail karşı tarafa ulaşacaktır. Maili tekrar göndermenize gerek yoktur.","keremt",NULL,NULL
1296497,"14",NULL,5768,"Yetki Evrakları Paylaşım Mail'ime İstisna Tanımlanması Hk.","Merhabalar, Divit'te görüntüsünü paylaştığım mailime istisna tanımlanmasını arz ederim. İlgili mail'in alıcıları müşterimiz Saruhan Grubu'nun finans yetkilileri olup sürecin takibini kendileri yapmaktadırlar. Yine de uygun görülmezse mail alıcılarından yalnızca Vedat Aktaş'a iletilmesini rica ederim, kendisi Holding Finans Direktörü olup ilgili konuda yetkilidir. Kolaylıklar Dilerim.","2","4",18271,"keremt","2025-12-25 12:19:15.947","2025-12-25 12:20:32.087","2025-12-24 16:45:09.967","Merhaba, karantinaya takılan mailiniz serbest bırakılmıştır. 10 dk içerisinde mail karşı tarafa ulaşacaktır. Maili tekrar göndermenize gerek yoktur.","10","3","Merhaba, karantinaya takılan mailiniz serbest bırakılmıştır. 10 dk içerisinde mail karşı tarafa ulaşacaktır. Maili tekrar göndermenize gerek yoktur.","keremt",NULL,NULL
1296460,"14",NULL,5768,"mail serbest bırakılması","Müşterimiz konsolosluğu PDF formatında şube yetkilileri tarafından imzalanmış Hesap özeti talebi bulunmatadır. Yardımlarınızı rica ederiz","2","4",18271,"keremt","2025-12-25 12:18:14.463","2025-12-25 12:19:07.273","2025-12-24 15:39:53.217","Merhaba, karantinaya takılan mailiniz serbest bırakılmıştır. 10 dk içerisinde mail karşı tarafa ulaşacaktır. Maili tekrar göndermenize gerek yoktur.","10","3","Merhaba, karantinaya takılan mailiniz serbest bırakılmıştır. 10 dk içerisinde mail karşı tarafa ulaşacaktır. Maili tekrar göndermenize gerek yoktur.","keremt",NULL,NULL
1296453,"14",NULL,5768,"Choronos Mail Gönderimi Hk.","Merhaba

Müşteri iletişim merkezi olarak Choronos firması ile çalışmaktadıyız. İş başı evrakları göndermemiz gerekiyor ancak veri koruma sistemnine takılmaktaıdr. 'sbutun@chronosconsulting.com' email adresini tanımlanması noktasında yardımlarınızı rica ederiz. İyi Çalışmalra.","2","4",18271,"keremt","2025-12-25 12:17:11.933","2025-12-25 12:18:06.14","2025-12-24 15:28:18.393","Merhaba, karantinaya takılan mailiniz serbest bırakılmıştır. 10 dk içerisinde mail karşı tarafa ulaşacaktır. Maili tekrar göndermenize gerek yoktur.","10","3","Merhaba, karantinaya takılan mailiniz serbest bırakılmıştır. 10 dk içerisinde mail karşı tarafa ulaşacaktır. Maili tekrar göndermenize gerek yoktur.","keremt",NULL,NULL
1296434,"14",NULL,5768,"Müşteriyle Maaş Listesi Paylaşma Hk.","Merhaba,

Geçen ay müşteriden tarafımıza gönderilen burs iban listesini müşteriye gönderememe sorunu yaşıyoruz.
konu hakkında yardımlarınızı rica ederim","2","4",18271,"keremt","2025-12-25 12:15:09.387","2025-12-25 12:17:04.05","2025-12-24 15:03:46.82","Merhaba, IBAN bilgileri müşterinizde mevcutsa IBAN bilgilerini excelden çıkarıp gönderim yapmayı dener misiniz?","10","3","Merhaba, IBAN bilgileri müşterinizde mevcutsa IBAN bilgilerini excelden çıkarıp gönderim yapmayı dener misiniz?","keremt",NULL,NULL
1296419,"14",NULL,5768,"ektre alımı hakk","Merhabalar , Müşterilerimiz ektreleri yazılı talep etmektedir. Yazdır dediğimizde veri koruma sistemi engellemektedir. Konu hakkında yardımlarınızı rica ederiz.","2","4",18271,"keremt","2025-12-25 12:12:59.463","2025-12-25 12:15:00.66","2025-12-24 14:41:20.65","Merhaba, hesap ekstresinde fazla sayıda TCKN verisi olduğundan çıktı almanız engellenmiştir. BOA > Hesap Ekstresi ekranı üzerinden müşterinizin kayıtlı mail adresine ekstreyi gönderebilir misiniz?","10","3","Merhaba, hesap ekstresinde fazla sayıda TCKN verisi olduğundan çıktı almanız engellenmiştir. BOA > Hesap Ekstresi ekranı üzerinden müşterinizin kayıtlı mail adresine ekstreyi gönderebilir misiniz?","keremt",NULL,NULL
1296327,"14",NULL,5768,"şube imza sirküleri","Müşterimiz Antalya'da Otokoç'tan araç alacak olup, satıcı firma ödeme taahüdü yazısı ve şube imza sirkülerini mail olarak istemiştir. İlgili maili atabilmem için istisna tanımlanmasını arz ederim.","2","4",18271,"keremt","2025-12-25 12:11:42.667","2025-12-25 12:12:51.26","2025-12-24 10:53:50.28","Merhaba, karantinaya takılan mailiniz serbest bırakılmıştır. 10 dk içerisinde mail karşı tarafa ulaşacaktır. Maili tekrar göndermenize gerek yoktur.","10","3","Merhaba, karantinaya takılan mailiniz serbest bırakılmıştır. 10 dk içerisinde mail karşı tarafa ulaşacaktır. Maili tekrar göndermenize gerek yoktur.","keremt",NULL,NULL
1296276,"14",NULL,5768,"Sigorta poliçesi gönderimi hk.","Merhaba;

Firmaya yapılan sigorta poliçesinin aşağıda ki mail aadresine göndermek istediğimiz de veri güvenlşiğine takılmaktadır. 

Yetki rica ederiz.","2","4",18271,"keremt","2025-12-25 12:09:22.523","2025-12-25 12:10:37.56","2025-12-24 09:58:27.013","Merhaba, karantinaya takılan mailiniz serbest bırakılmıştır. 10 dk içerisinde mail karşı tarafa ulaşacaktır. Maili tekrar göndermenize gerek yoktur.","10","3","Merhaba, karantinaya takılan mailiniz serbest bırakılmıştır. 10 dk içerisinde mail karşı tarafa ulaşacaktır. Maili tekrar göndermenize gerek yoktur.","keremt",NULL,NULL
1296275,"14","6",5768,"Sigorta evrakı için kimlik ve imza sirküleri yazdırma uygunluğu hk.","Merhaba;

Kredili hayat evraklarının arkasına firma yetkilisinin kimlik ve imza sirküleri eklenerek taranması için yazıcıdan çıktı alıunacaktır. 

Yetki rica ederiz.","2","4",5170,"keremt","2025-12-25 12:09:09.13","2025-12-25 12:11:36.927","2025-12-24 09:53:17.123","Merhaba, almak istediğiniz çıktıyı hata almadan çıkardığınızı görüntülüyorum. Herhangi bir engele takılmamışsınız.","3","3","Merhaba, almak istediğiniz çıktıyı hata almadan çıkardığınızı görüntülüyorum. Herhangi bir engele takılmamışsınız.","keremt",NULL,NULL
1296233,"14",NULL,5768,"mail hkk.","Merhaba.Müşterimize göndermemiz gereken genel müdürlükten gönderilmiş evrak olup sistem bloklamaktadır. Konu hakkında desteklerinizi talep ederiz.","2","4",18271,"keremt","2025-12-25 12:07:37.167","2025-12-25 12:09:01.15","2025-12-24 09:10:39.347","Merhaba, karantinaya takılan mailiniz serbest bırakılmıştır. 10 dk içerisinde mail karşı tarafa ulaşacaktır. Maili tekrar göndermenize gerek yoktur.","10","3","Merhaba, karantinaya takılan mailiniz serbest bırakılmıştır. 10 dk içerisinde mail karşı tarafa ulaşacaktır. Maili tekrar göndermenize gerek yoktur.","keremt",NULL,NULL
1296263,"14",NULL,5768,"GKS LİSTESİ HK","Merhaba. Yıl sonu teminat mutabakatı sağlanabilmesi için ekteki GKS teminat listesinin yazıcıdan çıkartılabilmesi için istisna tanımlaması talep ederiz.","2","4",18271,"keremt","2025-12-25 12:05:44.627","2025-12-25 12:06:44.517","2025-12-24 09:44:48.237","Aşağıdaki linkte yer alan ""DLP Ajanı Nasıl Güncellenir?"" başlığındaki adımları uyguladıktan sonra işlemi yeniden yapmayı dener misiniz?
https://bilge.kuveytturk.com.tr/genel/24374-dlp-forcepoint-one-endpoint#dlp-ajani-nasil-guncellenir","10","3","Aşağıdaki linkte yer alan ""DLP Ajanı Nasıl Güncellenir?"" başlığındaki adımları uyguladıktan sonra işlemi yeniden yapmayı dener misiniz?
https://bilge.kuveytturk.com.tr/genel/24374-dlp-forcepoint-one-endpoint#dlp-ajani-nasil-guncellenir","keremt",NULL,NULL
1296642,"14",NULL,5768,"teminat mutabakatları hk.","Merhabalar;
 Şubemizde yıl sonu teminat mutabakatları yapılması sebebi ile teminat listeme ekranından ilgili teminatlar excel akatrımı yapılıp yazdırılmak istenildiğinde veri güvenliği politikası gereği yazdırılma işlemi engellenmektedir. İlgili mutabakatlar bitimi yapılana kadar teminatların yazdrılması hususunda veri koruma sistemi istisna tanımlama yapılması hususunda gereğin yapılmasını arz ederiz.","2","4",18271,"keremt","2025-12-25 12:04:43.237","2025-12-25 12:06:57.447","2025-12-25 10:41:34.753","Aşağıdaki linkte yer alan ""DLP Ajanı Nasıl Güncellenir?"" başlığındaki adımları uyguladıktan sonra işlemi yeniden yapmayı dener misiniz?
https://bilge.kuveytturk.com.tr/genel/24374-dlp-forcepoint-one-endpoint#dlp-ajani-nasil-guncellenir","10","3","Aşağıdaki linkte yer alan ""DLP Ajanı Nasıl Güncellenir?"" başlığındaki adımları uyguladıktan sonra işlemi yeniden yapmayı dener misiniz?
https://bilge.kuveytturk.com.tr/genel/24374-dlp-forcepoint-one-endpoint#dlp-ajani-nasil-guncellenir","keremt",NULL,NULL
1296436,"14",NULL,5768,"Teminat listeleme ekranından çıktı alınabilme talebi hk.","Sn. ilgili,

Yıl sonu mutabakat işlemleri nedeniyle teminat mutabakatlarını yapmamız gerekmektedir. Ancak wın 11 den sonra Teminat listeleme ekranlarından çıktı alamamaktayız. bu sayımların yapılabilmesi için çıktı alıp saımlarını yapmamız gerekmektedir. 

Bu durumdan ötürü şahsıma yıl sonu mutabaktalarının kağanma süresine kadar çıktı yetki verilmesi hususunda olurlarınızı bekler, hayırlı çalışmalar dilerim.","2","4",18271,"keremt","2025-12-25 12:03:58.563","2025-12-25 12:07:12.29","2025-12-24 14:59:52.993","Aşağıdaki linkte yer alan ""DLP Ajanı Nasıl Güncellenir?"" başlığındaki adımları uyguladıktan sonra işlemi yeniden yapmayı dener misiniz?
https://bilge.kuveytturk.com.tr/genel/24374-dlp-forcepoint-one-endpoint#dlp-ajani-nasil-guncellenir","10","3","Aşağıdaki linkte yer alan ""DLP Ajanı Nasıl Güncellenir?"" başlığındaki adımları uyguladıktan sonra işlemi yeniden yapmayı dener misiniz?
https://bilge.kuveytturk.com.tr/genel/24374-dlp-forcepoint-one-endpoint#dlp-ajani-nasil-guncellenir","keremt",NULL,NULL
1296168,"14",NULL,5768,"teminat listeleme ekranı hk","Yıl sonu mutabakatı için teminat listeleme ekranını çıktı alamıyorum. İstisna için yardımcı olabilir misiniz
çıktı alacağım excel bilgileri eklendi","2","4",18271,"keremt","2025-12-25 12:02:36.093","2025-12-25 12:07:24.01","2025-12-23 16:49:51.93","Aşağıdaki linkte yer alan ""DLP Ajanı Nasıl Güncellenir?"" başlığındaki adımları uyguladıktan sonra işlemi yeniden yapmayı dener misiniz?
https://bilge.kuveytturk.com.tr/genel/24374-dlp-forcepoint-one-endpoint#dlp-ajani-nasil-guncellenir","10","3","Aşağıdaki linkte yer alan ""DLP Ajanı Nasıl Güncellenir?"" başlığındaki adımları uyguladıktan sonra işlemi yeniden yapmayı dener misiniz?
https://bilge.kuveytturk.com.tr/genel/24374-dlp-forcepoint-one-endpoint#dlp-ajani-nasil-guncellenir","keremt",NULL,NULL
1296474,"14",NULL,5768,"ACİL MAİL İZNİ HK!!!","Merhaba,
Ekte yer alan mail yıl sonu çalışmaları için PWC'ye iletilmelidir. İsitisna tanımlaması rica ederiz.
Konunun aciliyeti mevcuttur.","2","4",18271,"keremt","2025-12-25 11:58:52.503","2025-12-25 12:01:24.147","2025-12-24 16:14:49.707","Merhaba, karantinaya takılan mailiniz serbest bırakılmıştır. 10 dk içerisinde mail karşı tarafa ulaşacaktır. Maili tekrar göndermenize gerek yoktur.","10","3","Merhaba, karantinaya takılan mailiniz serbest bırakılmıştır. 10 dk içerisinde mail karşı tarafa ulaşacaktır. Maili tekrar göndermenize gerek yoktur.","keremt",NULL,NULL
1296660,"14",NULL,5768,"hesap ekstresi yazdırma veri koruma engeli hkk.","Merhaba,
Müşterilerimiz konsolosluğa verilmek üzere fiziken yazdırılmış kaşe imzalı hesap ekstresi talep etmekte ancak hesap ekstrelerini yazdırmak istediğimizde içerisindeki hassas verilerden dolayı yazıcıya gönderdiğimizde veri koruma engeline takılmaktadır.
Hesap ekstrelerinin yazdırılabilmesi için genel olarak istisna tanımlanabilmesi hususunda yardımlarınızı rica ederiz. 
Kişi bazlı tanımlama yapılacak ise şube müşteri ilişkileri yetkili olarak Serkan İsmail Zeybek ve Coşkun Demirhan adına bu istisnaların tanımlanabilir mi?","2","4",18271,"keremt","2025-12-25 11:54:45.913","2025-12-25 11:58:44.23","2025-12-25 10:50:11.3","Aşağıdaki linkte yer alan ""DLP Ajanı Nasıl Güncellenir?"" başlığındaki adımları uyguladıktan sonra işlemi yeniden yapmayı dener misiniz?
https://bilge.kuveytturk.com.tr/genel/24374-dlp-forcepoint-one-endpoint#dlp-ajani-nasil-guncellenir","10","3","Aşağıdaki linkte yer alan ""DLP Ajanı Nasıl Güncellenir?"" başlığındaki adımları uyguladıktan sonra işlemi yeniden yapmayı dener misiniz?
https://bilge.kuveytturk.com.tr/genel/24374-dlp-forcepoint-one-endpoint#dlp-ajani-nasil-guncellenir","keremt",NULL,NULL
1295995,"14",NULL,5768,"PWC ye veri gönderim","Kolay gelsin; onaylanması rica olunur.","2","4",18271,"keremt","2025-12-23 14:30:36.563","2025-12-23 14:31:27.81","2025-12-23 11:55:15.43","Merhaba, karantinaya takılan mailiniz serbest bırakılmıştır. 10 dk içerisinde mail karşı tarafa ulaşacaktır. Maili tekrar göndermenize gerek yoktur.","10","3","Merhaba, karantinaya takılan mailiniz serbest bırakılmıştır. 10 dk içerisinde mail karşı tarafa ulaşacaktır. Maili tekrar göndermenize gerek yoktur.","keremt",NULL,NULL
1296623,"14","6",5768,"VERİ GÜVENLİĞİ","Merhaba ,

veri güvenliği sebebi ile iletilmeyen mailimin iletilmesi için ivedilikle yardımınızı rica ederiz.","3","4",5170,"keremt","2025-12-25 10:17:23.45","2025-12-26 16:26:44.373","2025-12-25 10:07:56.76","Merhaba, mailin serbest bırakıp bırakılmamasının kararını Veri Güvenliği ekibi vermektedir. Sizden talep açarken engellenen mailin iş kapsamını belirtmenizi beklemekteyiz. Bu talebiniz özelinde farklı bir talebinize istinaden mail zaten serbest bırakılmıştır.","3","3","Merhaba, mailin serbest bırakıp bırakılmamasının kararını Veri Güvenliği ekibi vermektedir. Sizden talep açarken engellenen mailin iş kapsamını belirtmenizi beklemekteyiz. Bu talebiniz özelinde farklı bir talebinize istinaden mail zaten serbest bırakılmıştır.","keremt",NULL,NULL
1296414,"14",NULL,5768,"Dekont gönderim","firmaya dekont gönderim sırasında veri korumaya takılan mail karşı tarafa gönderim sağlanması konusunda değerli yardımlarınızı arz ederim 
iyi çalışmalar","1","4",18271,"keremt","2025-12-24 16:47:31.927","2025-12-24 16:48:24.777","2025-12-24 14:35:38.51","Merhaba, karantinaya takılan mailiniz serbest bırakılmıştır. 10 dk içerisinde mail karşı tarafa ulaşacaktır. Maili tekrar göndermenize gerek yoktur.","10","3","Merhaba, karantinaya takılan mailiniz serbest bırakılmıştır. 10 dk içerisinde mail karşı tarafa ulaşacaktır. Maili tekrar göndermenize gerek yoktur.","keremt",NULL,NULL
1296404,"14",NULL,5768,"TOPLU TRANSFER İBAN LİSTESİ MAİLİ","Merhabalar,
Bugün saat 13.58 de gönderdiğim mailde
 müşterimizin burs ödemesi yapabilmesi için iban listesinin exeli mevcuttur. 
Güvenlik açısından gönderilemeyen maile istisna talep ediyorum.","2","4",18271,"keremt","2025-12-24 16:45:39.467","2025-12-24 16:47:01.44","2025-12-24 13:58:29.643","Merhaba, karantinaya takılan mailiniz serbest bırakılmıştır. 10 dk içerisinde mail karşı tarafa ulaşacaktır. Maili tekrar göndermenize gerek yoktur.","10","3","Merhaba, karantinaya takılan mailiniz serbest bırakılmıştır. 10 dk içerisinde mail karşı tarafa ulaşacaktır. Maili tekrar göndermenize gerek yoktur.","keremt",NULL,NULL
1296149,"14",NULL,5768,"10115203 mail paylaşımı hk.","merhaba, 10115203 numaralı müşteriyue konsoloslık onay yazısı mail atılmak istenmektedir. Hassas veri sebebiyle mail iteilmemiştir. Müşterimizin sistemde kayıtlı mailine ( abdullahfeyzi@outlook.com) atılması hususunda mailin serbest bırakılmasını talep ederiz.","2","4",18271,"keremt","2025-12-24 16:16:06.197","2025-12-24 16:45:30.077","2025-12-23 16:28:31.577","Merhaba, imza sirküsü atma nedeniniz nedir?","10","3","Merhaba, imza sirküsü atma nedeniniz nedir?","keremt",NULL,NULL
1296147,"14",NULL,5768,"Veri koruma istisnası hak.","Merhaba  , 'murat@zadesigorta.com.tr mail adresine kredi  onay  yazısını  iletebilmemiz için ilgili  mail adresine veri  koruma istisnası  tanımlaması hususunda değerli  desteğinizi arz/rica ederim.","2","4",18271,"keremt","2025-12-24 16:12:47.047","2025-12-24 16:15:40.337","2025-12-23 16:26:19.057","Merhaba, karantinaya takılan mailiniz serbest bırakılmıştır. 10 dk içerisinde mail karşı tarafa ulaşacaktır. Maili tekrar göndermenize gerek yoktur.","10","3","Merhaba, karantinaya takılan mailiniz serbest bırakılmıştır. 10 dk içerisinde mail karşı tarafa ulaşacaktır. Maili tekrar göndermenize gerek yoktur.","keremt",NULL,NULL
1296356,"14",NULL,5768,"PwC talep hakkında","Kolay gelsin; Mailin iletilmesi rica olunur","2","4",18271,"keremt","2025-12-24 16:00:53.757","2025-12-24 16:01:32.37","2025-12-24 11:42:52.817","Merhaba, karantinaya takılan mailiniz serbest bırakılmıştır. 10 dk içerisinde mail karşı tarafa ulaşacaktır. Maili tekrar göndermenize gerek yoktur.","10","3","Merhaba, karantinaya takılan mailiniz serbest bırakılmıştır. 10 dk içerisinde mail karşı tarafa ulaşacaktır. Maili tekrar göndermenize gerek yoktur.","keremt",NULL,NULL
1296398,"14",NULL,5768,"Yeni Kurulan Yacızında Ekstre Alamıyoruz.","Merhaba,

Dün yeni yazıcı kurulumları yapıldı.

Bugün müşterimize konsolosluk için ekstre basım almak istediğimizde veri korumaya takıldık. Yazıcı yada bilgisayarlarımız ile ilgili yapılması gereken ayar varmı? 

Önceki yazıcıda böyle bir sorun yaşamıyorduk.","2","4",18271,"keremt","2025-12-24 15:57:49.763","2025-12-24 16:00:23.443","2025-12-24 13:59:43.607","Aşağıdaki linkte yer alan ""DLP Ajanı Nasıl Güncellenir?"" başlığındaki adımları uyguladıktan sonra işlemi yeniden yapmayı dener misiniz?
https://bilge.kuveytturk.com.tr/genel/24374-dlp-forcepoint-one-endpoint#dlp-ajani-nasil-guncellenir","10","3","Aşağıdaki linkte yer alan ""DLP Ajanı Nasıl Güncellenir?"" başlığındaki adımları uyguladıktan sonra işlemi yeniden yapmayı dener misiniz?
https://bilge.kuveytturk.com.tr/genel/24374-dlp-forcepoint-one-endpoint#dlp-ajani-nasil-guncellenir","keremt",NULL,NULL
1295949,"14",NULL,5768,"dmd","merhaba ,
ekteki mailin istisna tanımı için destek talep eder,z.","2","4",18271,"keremt","2025-12-24 15:48:28.95","2025-12-24 15:51:49.697","2025-12-23 11:15:27.493","Merhaba, firma hesap ekstrelerinin BOA > Hesap Ekstresi ekranı üzerinden firmanın kayıtlı mail adresine atılması gerekmektedir. Outlook üzerinden göndermenizin özel bir sebebi var mıdır?","10","3","Merhaba, firma hesap ekstrelerinin BOA > Hesap Ekstresi ekranı üzerinden firmanın kayıtlı mail adresine atılması gerekmektedir. Outlook üzerinden göndermenizin özel bir sebebi var mıdır?","keremt",NULL,NULL
1295990,"14",NULL,5768,"splgecici ye dosya aktarımı hakkında","Arkadadaşlar dış denetimin istemiş olduğu delillendirmeleri yaparak excel dosyasına ekliyorum . Bu excel dosyasının boyutu 20 mb yi  hazli hayli aşmaktadır. Benim  splegecici sunucusuna dosyayı koyup ordan bt kalite ekibinden  Ceydan hanım ın alması gerekiyor. Veri Koruma sistemi engeline takılmaktayım.  Konu ile ilgili olarak istisna tanımlanmasını saygılarımla arz/rica ederim.

Not: Sezer yıldız bey in konu hakkında bilgisi vardır.","2","4",18271,"keremt","2025-12-24 14:05:28.553","2025-12-24 14:09:02.82","2025-12-23 11:42:04.68","Aşağıdaki linkte yer alan ""DLP Ajanı Nasıl Güncellenir?"" başlığındaki adımları uyguladıktan sonra işlemi yeniden yapmayı dener misiniz?
https://bilge.kuveytturk.com.tr/genel/24374-dlp-forcepoint-one-endpoint#dlp-ajani-nasil-guncellenir","10","3","Aşağıdaki linkte yer alan ""DLP Ajanı Nasıl Güncellenir?"" başlığındaki adımları uyguladıktan sonra işlemi yeniden yapmayı dener misiniz?
https://bilge.kuveytturk.com.tr/genel/24374-dlp-forcepoint-one-endpoint#dlp-ajani-nasil-guncellenir","keremt",NULL,NULL
1296209,"14",NULL,5768,"mail iletimi","Merhabalar, 2025-12-23 16:57:44 tarihinde selman.dereli@taksitlio.com, ahmet.senturk@taksitlio.com, serap.olmez@taksitlio.com, cenk.acikgoz@taksitlio.com, orhan.kalkan@taksitlio.com, ceyda.tekin@taksitlio.com göndermek istediğim ""RE: Kuveyt Türk Entegrasyon Tanımı Hk "" konulu mailin serbest bırakılmasını rica ederim","2","4",18271,"keremt","2025-12-24 14:04:33.15","2025-12-24 14:05:13.78","2025-12-24 08:13:06.48","Merhaba, karantinaya takılan mailiniz serbest bırakılmıştır. 10 dk içerisinde mail karşı tarafa ulaşacaktır. Maili tekrar göndermenize gerek yoktur.","10","3","Merhaba, karantinaya takılan mailiniz serbest bırakılmıştır. 10 dk içerisinde mail karşı tarafa ulaşacaktır. Maili tekrar göndermenize gerek yoktur.","keremt",NULL,NULL
1296046,"14",NULL,5768,"Veri Keşfi Tarama -  İstisna Talebi","Merhaba,

Sözleşme süreçlerindeki evrakların tutulduğu paylaşım alanımızdır. Sadece ekibimizin erişim yetkisi vardır. TC bazında istisna sağlanmasını rica ediyoruz. Örnek doküman eklenmiştir.

\\splktfs\BT Bilgi ve Veri Güvenliği\Kimlik Erişimi Yönetimi\08_Satın Alma ve Sözleşme\","1","4",22972,"keremt","2025-12-23 14:26:28.637","2025-12-23 14:27:28.57","2025-12-23 13:47:28.13","Merhaba, gerekli tanımlamalar yapılmıştır","10","3","tanım yapılmıştır","keremt",NULL,NULL
1296274,"14",NULL,5768,"97328341 - HİS R MOTORS mail Gönderim yetkisi","Merhaba,
Kurumumuzun firmadan varlık alımına istinaden varlık çözümleme biriminin yönlendirmesi ile müşteriye vekalet ve harç muafiyet yazısı gönderilmesi gerekmektedir. 
Kurumun mail atılması gerektiğini belirtir mail ve gönderilecek mail divite eklenmiştir.
Müşteriye gönderilecek mail adresleri sistemde tanımlı olan mail adresleridir.
İşlem ivedidir. desteklerinizi rica ederiz.

'snnunl90@gmail.com'; 'zeryatirim@gmail.com'; 'info@hisrmotors.com.tr'","2","4",18271,"keremt","2025-12-24 14:00:14.287","2025-12-24 14:01:53.37","2025-12-24 09:51:18.673","Merhaba, karantinaya takılan mailiniz serbest bırakılmıştır. 10 dk içerisinde mail karşı tarafa ulaşacaktır. Maili tekrar göndermenize gerek yoktur.","10","3","Merhaba, karantinaya takılan mailiniz serbest bırakılmıştır. 10 dk içerisinde mail karşı tarafa ulaşacaktır. Maili tekrar göndermenize gerek yoktur.","keremt",NULL,NULL
1296266,"14",NULL,5768,"Hesap Ekstre Yazdırılamaması Hkk;","Sayın Mustafa Ahçıoğlu / Kuveyt Türk - Tuzla Ticari Şubesi (34-473-W05NB.kuveytturk.local) ,

Veri Sızıntısı Önleme (DLP) sistemimiz tarafından gerçekleştirilen incelemeler sonucu, 2025-12-24 09:45:47 tarihinde \\srvsube-473\34-473-MFP01 adresine KVKK (Kişisel Verilerin Korunması Kanunu) kapsamında hassas veri gönderildiği tespit edilmiştir. Gönderilmek istenen içerikte müşteri numarası ve ad-soyad hassas verilerin olduğu görülmektedir. Bu tür işlemler, kurumumuzun bilgi güvenliği politikalarına aykırı olarak değerlendirilmekte ve potansiyel olarak güvenli olmayan veri transferleri içerebilmektedir. Bu çerçevede, ilgili gönderim DLP sistemimiz tarafından otomatik olarak engellenmiştir. 

Müşteriye ait müşteri numarası ve ad-soyad bilgileri iş kapsamı ihtiyacından dolayı gönderilmesi gerekliyse BT Mercek Talep – Çağrı Oluştur ekranından “Yetki ve Erişim Talepleri > Veri Koruma Sistemi İstisna Tanımlama” kategorisinden çağrı oluşturabilirsiniz.

Kuveyt Türk Veri Güvenliği Ekibi

*** Merhaba,

Firma vize işlemleri için imzalı ekstre talep etmektedir. Fakat yazdıramamaktayız .

Konu ile alakalı ivedi yardımlarınızı rica ederiz.","3","4",18271,"keremt","2025-12-24 09:59:49.313","2025-12-24 16:00:39.463","2025-12-24 09:47:15.597","Aşağıdaki linkte yer alan ""DLP Ajanı Nasıl Güncellenir?"" başlığındaki adımları uyguladıktan sonra işlemi yeniden yapmayı dener misiniz?
https://bilge.kuveytturk.com.tr/genel/24374-dlp-forcepoint-one-endpoint#dlp-ajani-nasil-guncellenir","10","3","Aşağıdaki linkte yer alan ""DLP Ajanı Nasıl Güncellenir?"" başlığındaki adımları uyguladıktan sonra işlemi yeniden yapmayı dener misiniz?
https://bilge.kuveytturk.com.tr/genel/24374-dlp-forcepoint-one-endpoint#dlp-ajani-nasil-guncellenir","keremt",NULL,NULL
1296011,"14",NULL,5768,"veri güvenliği","merhaba 
veri güvenliği sebebi ile iletilmeyen mail için yardımınızı rica ederiz","3","4",18271,"keremt","2025-12-24 08:34:12.483","2025-12-25 12:28:03.703","2025-12-23 12:06:01.637","Merhaba, karantinaya takılan mailiniz serbest bırakılmıştır. 10 dk içerisinde mail karşı tarafa ulaşacaktır. Maili tekrar göndermenize gerek yoktur.","10","3","Merhaba, karantinaya takılan mailiniz serbest bırakılmıştır. 10 dk içerisinde mail karşı tarafa ulaşacaktır. Maili tekrar göndermenize gerek yoktur.","keremt",NULL,NULL
1296134,"14",NULL,5768,"leasing gümrük mail hk","95777389-700 PLASTİKSAN firmasının leasing işlemlerinde gümrüke iletilmesi gereken proforma, teyit formu gibi evraklar mailde eklenmiş fakat ulaşmamıştır. 
Mailin serbest bırakılmasını talep ederiz. 
Aynı mail tekrar gönderilecektir.","2","4",18271,"keremt","2025-12-23 16:51:08.357","2025-12-23 16:52:36.07","2025-12-23 16:13:33.89","Merhaba, karantinaya takılan mailiniz serbest bırakılmıştır. 10 dk içerisinde mail karşı tarafa ulaşacaktır. Maili tekrar göndermenize gerek yoktur.","10","3","Merhaba, karantinaya takılan mailiniz serbest bırakılmıştır. 10 dk içerisinde mail karşı tarafa ulaşacaktır. Maili tekrar göndermenize gerek yoktur.","keremt",NULL,NULL
1296133,"14",NULL,5768,"Mail gönderimi","Müşteriye teminat mektubu taslak metini atıyoruz. Güvenlik duvarına takılıyor. Acil yardımcı olabilir misiniz? Gönderilen mail ve güvenlik bilgilendirmesi maili ektedir.","2","4",18271,"keremt","2025-12-23 16:49:18.983","2025-12-23 16:50:59.943","2025-12-23 16:11:40.677","Merhaba, karantinaya takılan mailiniz serbest bırakılmıştır. 10 dk içerisinde mail karşı tarafa ulaşacaktır. Maili tekrar göndermenize gerek yoktur.","10","3","Merhaba, karantinaya takılan mailiniz serbest bırakılmıştır. 10 dk içerisinde mail karşı tarafa ulaşacaktır. Maili tekrar göndermenize gerek yoktur.","keremt",NULL,NULL
1295324,"14",NULL,5768,"Genel İstisna Talebi Hk.","Merhaba, 
Hisse senedi işlemlerinde aracı kurumumuz olan vakıf yatırım ve kuveyt türk yatırım'a mail paylaşımlarımızda son dönemde sorun yaşamaktayıız. Şu anda hisse senedi müşterilerinin yeni aracı kurumumuza aktarımı nedeniyle virman listeleri vakıf yatırıma iletilmekte ve bu işlemin hızlı yapılması gerekmektedir. Bu nedenle @kuveytturkyatirim.com.tr ve @vakifyatirim.com.tr uzantılı mail adresleri için genel istisna tanımlanması hususunda yardımlarınızı arz/talep ederiz.","2","4",18271,"keremt","2025-12-23 16:45:06.077","2025-12-23 16:48:56.927","2025-12-22 10:07:08.307","Merhaba, son 30 gün içerisinde attığınız maillerden 3 tanesi takılmış görünüyor, çoğu kuraldan bu adresler istisnalı görünmekte takılan kural spesifik bir kural olduğundan o maile özel fazlaca hassas veri olduğu için takılmış. Takılma durumu yoğunlaşırsa tekrar kalıcı istisna işlemini gündeme alabiliriz.","10","3","Merhaba, son 30 gün içerisinde attığınız maillerden 3 tanesi takılmış görünüyor, çoğu kuraldan bu adresler istisnalı görünmekte takılan kural spesifik bir kural olduğundan o maile özel fazlaca hassas veri olduğu için takılmış. Takılma durumu yoğunlaşırsa tekrar kalıcı istisna işlemini gündeme alabiliriz.","keremt",NULL,NULL
1296105,"14","6",5768,"PWC","Kolay gelsin iletilmesi rica olunur.","2","4",5170,"keremt","2025-12-23 16:01:22.657","2025-12-23 16:01:33.947","2025-12-23 15:17:57.007","Mükerrer talep","3","3","Mükerrer talep","keremt",NULL,NULL
1296099,"14",NULL,5768,"mail iletimi","Merhabalar, 2025-12-23 15:02:41 tarihinde edanur.bilgin@hepsiburada.com, didem.erguler@hepsiburada.com, esra.gordu@hepsiburada.com a göndermek istediğim ""ÖDEMESİ GELMEYEN İŞLEMLER HK."" konulu mailimin serbest bırakılmasını talep ederim","2","4",18271,"keremt","2025-12-23 16:00:22.647","2025-12-23 16:01:14.24","2025-12-23 15:02:42.513","Merhaba, karantinaya takılan mailiniz serbest bırakılmıştır. 10 dk içerisinde mail karşı tarafa ulaşacaktır. Maili tekrar göndermenize gerek yoktur.","10","3","Merhaba, karantinaya takılan mailiniz serbest bırakılmıştır. 10 dk içerisinde mail karşı tarafa ulaşacaktır. Maili tekrar göndermenize gerek yoktur.","keremt",NULL,NULL
1296097,"14",NULL,5768,"PWC","kolay gelsin; Mailin iletilmesini rica ederiz","2","4",18271,"keremt","2025-12-23 15:59:32.397","2025-12-23 16:00:12.287","2025-12-23 15:02:39.073","Merhaba, karantinaya takılan mailiniz serbest bırakılmıştır. 10 dk içerisinde mail karşı tarafa ulaşacaktır. Maili tekrar göndermenize gerek yoktur.","10","3","vMerhaba, karantinaya takılan mailiniz serbest bırakılmıştır. 10 dk içerisinde mail karşı tarafa ulaşacaktır. Maili tekrar göndermenize gerek yoktur.","keremt",NULL,NULL
1296092,"14",NULL,5768,"Mail Gönderim İstisnası hk.","togg ödeme kapsamında şube imza sirküleri gönderilmesi gerekmektedir.","2","4",18271,"keremt","2025-12-23 15:58:28.977","2025-12-23 15:59:21.577","2025-12-23 14:56:57.24","Merhaba, karantinaya takılan mailiniz serbest bırakılmıştır. 10 dk içerisinde mail karşı tarafa ulaşacaktır. Maili tekrar göndermenize gerek yoktur.","10","3","Merhaba, karantinaya takılan mailiniz serbest bırakılmıştır. 10 dk içerisinde mail karşı tarafa ulaşacaktır. Maili tekrar göndermenize gerek yoktur.","keremt",NULL,NULL
1296081,"14",NULL,5768,"LEASING EVRAKLARI MAIL GONDERİMİ HK","S.A 
Sayın Tuncay Yıldıran / Kuveyt Türk - Güneşli Şubesi,

TCKN, IBAN veya Kart verisi maskeleme yöntemi kullanılmadan 2025-12-23 14:38:54 tarihinde esra@nehir.com.tr adresine göndermek istediniz. Bilgi güvenliği politikaları gereğince bu işlem engellenmiştir. Bu müşteri verileri akıştan çıkartılarak veya IBAN verisi için ilk ve son 4 rakamı hariç (TR11XXXXXXXXXXXXXXXXXX1111) diğer rakamlarda maskeleme yöntemini, TCKN verisi için ilk ve son 2 rakamı hariç (11XXXXXXX11) diğer rakamlarda maskeleme yöntemini, kart verisi için ise ilk 6 ve son 4 rakamı hariç (1111 11XX XXXX 1111) diğer rakamlarda maskeleme yöntemi kullanılarak gönderim işlemini gerçekleştirebilirsiniz.

Müşteriye ait bu verileri maskelemeden iş kapsamı ihtiyacından dolayı gönderilmesi gerekliyse BT Mercek Talep – Çağrı Oluştur ekranından “Yetki ve Erişim Talepleri > Veri Koruma Sistemi İstisna Tanımlama” kategorisinden çağrı oluşturabilirsiniz.

Kuveyt Türk Veri Güvenliği Ekibi","2","4",18271,"keremt","2025-12-23 15:57:12.197","2025-12-23 16:12:40.367","2025-12-23 14:39:41.35","Talebin iş kapsamı anlaşılmamıştır. Detaylı açıklama beklenmektedir.","10","3","Talebin iş kapsamı anlaşılmamıştır. Detaylı açıklama beklenmektedir.","keremt",NULL,NULL
1296073,"14",NULL,5768,"mailin serbest bırakılması hk","merhaba,müşteriye leasing sözleşmesi gönderilmekte olup mailin serbest bırakılmasını talep ederiz.","2","4",18271,"keremt","2025-12-23 15:55:50.193","2025-12-23 15:57:00.56","2025-12-23 14:32:21.423","Merhaba, karantinaya takılan mailiniz serbest bırakılmıştır. 10 dk içerisinde mail karşı tarafa ulaşacaktır. Maili tekrar göndermenize gerek yoktur.","10","3","Merhaba, karantinaya takılan mailiniz serbest bırakılmıştır. 10 dk içerisinde mail karşı tarafa ulaşacaktır. Maili tekrar göndermenize gerek yoktur.","keremt",NULL,NULL
1296068,"14",NULL,5768,"İstisna hk","Merhaba, şubemiz teminat evraklarının düzenlenmesi/dosyalanması için etiket taslağı oluşturulmuştur. Dökümanda yazdırılacak bilgiler bulunmaktadır. Etiket basımı için veri koruma istisnası gerekmektedir. Desteklerinizi arz/rica ederiz.","2","4",18271,"keremt","2025-12-23 15:51:45.8","2025-12-23 15:55:41.41","2025-12-23 14:17:46.053","Aşağıdaki linkte yer alan ""DLP Ajanı Nasıl Güncellenir?"" başlığındaki adımları uyguladıktan sonra işlemi yeniden yapmayı dener misiniz?
https://bilge.kuveytturk.com.tr/genel/24374-dlp-forcepoint-one-endpoint#dlp-ajani-nasil-guncellenir","10","3","Aşağıdaki linkte yer alan ""DLP Ajanı Nasıl Güncellenir?"" başlığındaki adımları uyguladıktan sonra işlemi yeniden yapmayı dener misiniz?
https://bilge.kuveytturk.com.tr/genel/24374-dlp-forcepoint-one-endpoint#dlp-ajani-nasil-guncellenir","keremt",NULL,NULL
1296065,"14",NULL,5768,"VERİ KORUMA İZİN","Müşterimizin alacak olduğu için araç için porje evrakları gönderilecektir. sistemden otomatik olarak çıkan evraklarda ıban bilgileri yer almaktadır.","2","4",18271,"keremt","2025-12-23 15:50:45.533","2025-12-23 15:51:35.523","2025-12-23 14:12:54.777","Merhaba, karantinaya takılan mailiniz serbest bırakılmıştır. 10 dk içerisinde mail karşı tarafa ulaşacaktır. Maili tekrar göndermenize gerek yoktur.","10","3","Merhaba, karantinaya takılan mailiniz serbest bırakılmıştır. 10 dk içerisinde mail karşı tarafa ulaşacaktır. Maili tekrar göndermenize gerek yoktur.","keremt",NULL,NULL
1296060,"14",NULL,5768,"Veri Koruma İstisna","Merhabalar, Divitte yer alan mail veri korumaya takılmaktadır. Aracı ödeme kuruluşuna iletilmesi konusunda desteklerinizi rica ederiz. İyi çalışmalar.","2","4",18271,"keremt","2025-12-23 15:49:37.913","2025-12-23 15:50:35.227","2025-12-23 14:10:35.2","Merhaba, karantinaya takılan mailiniz serbest bırakılmıştır. 10 dk içerisinde mail karşı tarafa ulaşacaktır. Maili tekrar göndermenize gerek yoktur.","10","3","Merhaba, karantinaya takılan mailiniz serbest bırakılmıştır. 10 dk içerisinde mail karşı tarafa ulaşacaktır. Maili tekrar göndermenize gerek yoktur.","keremt",NULL,NULL
1296038,"14","6",5768,"evrak alma","Merhaba
500 milyon TL limit çalışma yaptığımız Amasya Şeker Fabrikası AŞ. evrakları aşağıdaki link üzerinden ilettiğini belirtmektedir. Ancak ilgili linki açamamaktayız. Link güvenlik açısından sorun teşkil etmiyor ise evrakları bu link üzerinden alabilmemiz adına değerli yardımlarınızı bekler bilgilerinize sunarım.

https://we.tl/t-hqrmKuHlvy","2","4",5170,"keremt","2025-12-23 15:48:09.817","2025-12-23 15:49:28.693","2025-12-23 13:38:35.02","Wetransfer gibi anonim paylaşım sitelerinden veri alış verişi yapmak BG politikaları gereği uygun değildir. Müşterileriniz ile SFTP sistemi üzerinden güvenli bir şekilde dosya alışverişi yapabilirsiniz. SFTP sistemi hakkında bilgi almak için Kimlik Erişim Yöntemi ekibi ile iletişime geçebilirsiniz.","3","3","Wetransfer gibi anonim paylaşım sitelerinden veri alış verişi yapmak BG politikaları gereği uygun değildir. Müşterileriniz ile SFTP sistemi üzerinden güvenli bir şekilde dosya alışverişi yapabilirsiniz. SFTP sistemi hakkında bilgi almak için Kimlik Erişim Yöntemi ekibi ile iletişime geçebilirsiniz.","keremt",NULL,NULL
1296026,"14",NULL,5768,"Kapama Faturaları Hakkında","Merhaba,
satismuhasebe@cekok.com.tr adresine müşterinin 2022/2023 yılında kullandrğı kredilerin evrakları gönderilmekte ve fatura talep edilmektedir.
4 adet Mailin serbest bırakılmasını talep eder, iyi çalışmalar dilerim.","2","4",18271,"keremt","2025-12-23 15:47:10.103","2025-12-23 15:48:01.017","2025-12-23 12:58:20.44","Merhaba, karantinaya takılan mailiniz serbest bırakılmıştır. 10 dk içerisinde mail karşı tarafa ulaşacaktır. Maili tekrar göndermenize gerek yoktur.","10","3","Merhaba, karantinaya takılan mailiniz serbest bırakılmıştır. 10 dk içerisinde mail karşı tarafa ulaşacaktır. Maili tekrar göndermenize gerek yoktur.","keremt",NULL,NULL
1295880,"14",NULL,5768,"Hesap Ekstresi Paylaşımı - Güvenlik Bilgilendirmesi","Merhaba,

sukru.ozciftci@ekvatorenerji.com, pelin.uygun@ekvatorenerji.com mail adresinlerine 10:18 de iletilen mailin serbest bırakılmasını rica ederim.
saygılarımla","2","4",18271,"keremt","2025-12-23 15:45:27.82","2025-12-23 15:47:00.877","2025-12-23 10:19:13.983","Hesap ekstrelerini firmanın kayıtlı mail adresine BOA > Hesap Ekstresi ekranı üzerinden göndermeniz gerekmektedir. Neden bu şekilde göndermeyi deniyorsunuz?","10","3","Hesap ekstrelerini firmanın kayıtlı mail adresine BOA > Hesap Ekstresi ekranı üzerinden göndermeniz gerekmektedir. Neden bu şekilde göndermeyi deniyorsunuz?","keremt",NULL,NULL
1296104,"14",NULL,5768,"MÜŞTERİ EPOSTA HAKKINDA","Merhaba,
müşterimizin imza sirküleri güncellemesi için gerekli KVKK evraklarını iletmek istiyoruz fakat tc içerdiği için takıldı. Mailin müşterimize düşülmesi konusunda desteğinizi rica ederiz.","2","4",18271,"keremt","2025-12-23 15:28:32.253","2025-12-24 16:07:56.64","2025-12-23 15:14:19.047","Merhaba, karantinaya takılan mailiniz serbest bırakılmıştır. 10 dk içerisinde mail karşı tarafa ulaşacaktır. Maili tekrar göndermenize gerek yoktur.","10","3","Merhaba, karantinaya takılan mailiniz serbest bırakılmıştır. 10 dk içerisinde mail karşı tarafa ulaşacaktır. Maili tekrar göndermenize gerek yoktur.","keremt",NULL,NULL
1295721,"14",NULL,5768,"BOAAuditArchive& BOAMulti","INC1293517, INC1291856, INC1292507
Mercek talepleri kapsamında verisiz olarak backup dosyaları oluşturulan  BOAAuditArchive ve BOAMulti 
veri tabanlarının Halk Katılıma transfer edilebilmesi için hashleme ve güvenlik onaylarının tamamlanmasında yardımcı olabilir misiniz?

Dosyalar aşağıdaki klasörde  bulunmaktadır.
Klasör:  \\splktfs\Architecht\BirimlerArasi\HalkKatilim_BOAAuditArchive","2","4",22808,"keremt","2025-12-23 14:34:37.873","2025-12-23 16:42:32.85","2025-12-22 20:15:26.787","Süreç tamamlanmıştır.","10","3","Süreç tamamlanmıştır.","keremt",NULL,NULL
1295943,"14","6",5768,"Neova mailim iletilmiyor","Neova mailim güvenlik kaynaklı iletilmiyor fakat tss teklif almam lazım","3","4",5170,"keremt","2025-12-23 12:20:16.017","2025-12-23 16:11:06.03","2025-12-23 11:05:14.723","Attığınız mail sağlık@neova.com.tr, olarak görünmektedir. Mail atarken Türkçe karakter kullanmamanız gerekmekte. Aldığınız hata güvenlik hatası değil, exchange sisteminin ilgili adresi bulamamasından kaynaklıdır. Mail adresini düzelttiğiniz taktirde mailiniz ulaşacaktır.","3","3","Attığınız mail sağlık@neova.com.tr, olarak görünmektedir. Mail atarken Türkçe karakter kullanmamanız gerekmekte. Aldığınız hata güvenlik hatası değil, exchange sisteminin ilgili adresi bulamamasından kaynaklıdır. Mail adresini düzelttiğiniz taktirde mailiniz ulaşacaktır.","keremt",NULL,NULL
1295973,"14",NULL,5768,"vergi çalışmaları hk.","PwC ile yapılan toplantıda istenen verileri gönderebilir misiniz?","2","4",18271,"keremt","2025-12-23 12:18:45.87","2025-12-23 14:30:25.42","2025-12-23 11:32:07.1","Merhaba, karantinaya takılan mailiniz serbest bırakılmıştır. 10 dk içerisinde mail karşı tarafa ulaşacaktır. Maili tekrar göndermenize gerek yoktur.","10","3","Merhaba, karantinaya takılan mailiniz serbest bırakılmıştır. 10 dk içerisinde mail karşı tarafa ulaşacaktır. Maili tekrar göndermenize gerek yoktur.","keremt",NULL,NULL
1296008,"14",NULL,5768,"Firma dekont gönderimi","Merhabalar;
firma geçmiş yıllarda yapılan işlemlerde toplu dekont talep etmekte, gönderilen dekontlar veri korumaya takıldığını konu hakkında değerli yardımalarınızı arz ederim,
iyi çalışmalar","1","4",18271,"keremt","2025-12-23 12:14:46.043","2025-12-23 12:15:26.29","2025-12-23 12:00:17.407","Merhaba, karantinaya takılan mailiniz serbest bırakılmıştır. 10 dk içerisinde mail karşı tarafa ulaşacaktır. Maili tekrar göndermenize gerek yoktur.","10","3","Merhaba, karantinaya takılan mailiniz serbest bırakılmıştır. 10 dk içerisinde mail karşı tarafa ulaşacaktır. Maili tekrar göndermenize gerek yoktur.","keremt",NULL,NULL
1295974,"14",NULL,5768,"Matriks Email","Divitte eklenen maili Karşı kuruma gönderilmesinde veri bloke uygulamasının kaldırılmasını rica ederiz.","2","4",18271,"keremt","2025-12-23 12:12:28.853","2025-12-23 12:14:33.677","2025-12-23 11:29:47.977","Merhaba, karantinaya takılan mailiniz serbest bırakılmıştır. 10 dk içerisinde mail karşı tarafa ulaşacaktır. Maili tekrar göndermenize gerek yoktur.","10","3","Merhaba, karantinaya takılan mailiniz serbest bırakılmıştır. 10 dk içerisinde mail karşı tarafa ulaşacaktır. Maili tekrar göndermenize gerek yoktur.","keremt",NULL,NULL
1295522,"14",NULL,5768,"hesap ekstre çıktı alamıyoruz","91077269  nolu hesaptan vize başvurusu nedeniyle hesap ekstre çıktısı alamıyoruz ivedi yardımlarınız rica olunur.","2","4",18271,"keremt","2025-12-23 11:35:35.273","2025-12-23 11:37:03.503","2025-12-22 14:17:16.133","Aşağıdaki linkte yer alan ""DLP Ajanı Nasıl Güncellenir?"" başlığındaki adımları uyguladıktan sonra işlemi yeniden yapmayı dener misiniz?
https://bilge.kuveytturk.com.tr/genel/24374-dlp-forcepoint-one-endpoint#dlp-ajani-nasil-guncellenir","10","3","Aşağıdaki linkte yer alan ""DLP Ajanı Nasıl Güncellenir?"" başlığındaki adımları uyguladıktan sonra işlemi yeniden yapmayı dener misiniz?
https://bilge.kuveytturk.com.tr/genel/24374-dlp-forcepoint-one-endpoint#dlp-ajani-nasil-guncellenir","keremt",NULL,NULL
1295672,"14",NULL,5768,"Teminat Sayımı İçin Liste yazdırılmaması hakk.","Merhaba,
ekli excel dosyasının fiziki sayım için yazdırılması gerekmektedir. Yazdırılamamıştır. Uyarı maili ve yazdırmak istediğimiz excel ekte tarafınıza sunulmuştur.","2","4",18271,"keremt","2025-12-23 11:35:27.21","2025-12-23 11:41:47.68","2025-12-22 16:54:19.263","Aşağıdaki linkte yer alan ""DLP Ajanı Nasıl Güncellenir?"" başlığındaki adımları uyguladıktan sonra işlemi yeniden yapmayı dener misiniz?
https://bilge.kuveytturk.com.tr/genel/24374-dlp-forcepoint-one-endpoint#dlp-ajani-nasil-guncellenir","10","3","Aşağıdaki linkte yer alan ""DLP Ajanı Nasıl Güncellenir?"" başlığındaki adımları uyguladıktan sonra işlemi yeniden yapmayı dener misiniz?
https://bilge.kuveytturk.com.tr/genel/24374-dlp-forcepoint-one-endpoint#dlp-ajani-nasil-guncellenir","keremt",NULL,NULL
1295679,"14",NULL,5768,"Şahsi Hesaba Dosya Gönderimi Hk.","Merhaba. Konut finansmanı sebebiyle ilgili evrakları (maaş bordrosu, e devlet bilgileri vb) şahsi mail adresime göndermek istiyorum. Mobil üzerinden ekran görüntüsü dışında evrak kaydı alınamamaktadır. Resmi kurumlara ekran görüntüsü atmanın doğru olmadığını düşünüyorum.Yardımlarınızı rica ederim.","2","4",18271,"keremt","2025-12-23 11:33:36.803","2025-12-23 11:35:16.99","2025-12-22 16:44:42.653","Merhaba, karantinaya takılan son mailiniz serbest bırakılmıştır. 10 dk içerisinde mail karşı tarafa ulaşacaktır. Maili tekrar göndermenize gerek yoktur.","10","3","Merhaba, karantinaya takılan mailiniz serbest bırakılmıştır. 10 dk içerisinde mail karşı tarafa ulaşacaktır. Maili tekrar göndermenize gerek yoktur.","keremt",NULL,NULL
1295882,"14",NULL,5768,"YIL SONU TEMİNAT SAYIMI HAKKINDA","fiziki sayım için teminat listelerinin çıktılarını almak istediğimde ekteki hatayı almaktayım. istisna tanımlanmasını arz ederim.","2","4",18271,"keremt","2025-12-23 11:33:28.277","2025-12-23 11:42:02.22","2025-12-23 10:19:12.07","Aşağıdaki linkte yer alan ""DLP Ajanı Nasıl Güncellenir?"" başlığındaki adımları uyguladıktan sonra işlemi yeniden yapmayı dener misiniz?
https://bilge.kuveytturk.com.tr/genel/24374-dlp-forcepoint-one-endpoint#dlp-ajani-nasil-guncellenir","10","3","Aşağıdaki linkte yer alan ""DLP Ajanı Nasıl Güncellenir?"" başlığındaki adımları uyguladıktan sonra işlemi yeniden yapmayı dener misiniz?
https://bilge.kuveytturk.com.tr/genel/24374-dlp-forcepoint-one-endpoint#dlp-ajani-nasil-guncellenir","keremt",NULL,NULL
1295937,"14",NULL,5768,"Mail İsnisnası hk","Merhaba, yıllık pos envanter mutabakatı yapmaktayız, ekteki mail bankamız pos cihazlarını içermektedir. İlgili cihazlar teknoser firmasında olup mutabkatını sağlamamız için mailin serbest bırakılmasını karsı tarafa iletilmesini talepe deriz.","2","4",18271,"keremt","2025-12-23 11:19:53.3","2025-12-23 11:23:33.93","2025-12-23 10:57:39.943","Merhaba, karantinaya takılan mailiniz serbest bırakılmıştır. 10 dk içerisinde mail karşı tarafa ulaşacaktır. Maili tekrar göndermenize gerek yoktur.","10","3","Merhaba, karantinaya takılan mailiniz serbest bırakılmıştır. 10 dk içerisinde mail karşı tarafa ulaşacaktır. Maili tekrar göndermenize gerek yoktur.","keremt",NULL,NULL
1295900,"14",NULL,5768,"THY EVRAK PAYLAŞIMI","Merhaba,

divitte ekli olan açık bankacılık dökümanları THY ile paylaşılmak istenildiğinde veri korumaya takılmaktadır. Bu mail için istisna tanımlaması yapılmasını rica ederim.","2","4",18271,"keremt","2025-12-23 11:18:47.57","2025-12-23 11:19:43.43","2025-12-23 10:29:16.217","Merhaba, karantinaya takılan mailiniz serbest bırakılmıştır. 10 dk içerisinde mail karşı tarafa ulaşacaktır. Maili tekrar göndermenize gerek yoktur.","10","3","Merhaba, karantinaya takılan mailiniz serbest bırakılmıştır. 10 dk içerisinde mail karşı tarafa ulaşacaktır. Maili tekrar göndermenize gerek yoktur.","keremt",NULL,NULL
1295863,"14",NULL,5768,"Veri İstisna","Merhabalar,

Oto bayii'e taahhütname göndereceğim yardımlarınızı rica ederim.","2","4",18271,"keremt","2025-12-23 11:17:14.707","2025-12-23 11:18:37.373","2025-12-23 10:10:28.973","Merhaba, karantinaya takılan mailiniz serbest bırakılmıştır. 10 dk içerisinde mail karşı tarafa ulaşacaktır. Maili tekrar göndermenize gerek yoktur.","10","3","Merhaba, karantinaya takılan mailiniz serbest bırakılmıştır. 10 dk içerisinde mail karşı tarafa ulaşacaktır. Maili tekrar göndermenize gerek yoktur.","keremt",NULL,NULL
1295829,"14","3",5768,"Simkar Plastik","Merhabalar. Her ay 6802254 hesap numaralı Şimşek Kardeşler firmamıza leasing dekontlarını yolluyorum. Yaklaşık 1 yıldır yollamaktayım. Ancak 2 aydır bilgi güvenliğine takılıyor. Sizden ricam simkarplastik@gmail.com adresini bilgili güvenliğine açabilir misiniz ?","2","4",18271,"keremt","2025-12-23 11:15:52.887","2025-12-23 16:43:27.747","2025-12-23 09:50:16.487","Kayıtlı mail adresine gönderim yapabilirsiniz. Farklı mail adresine gönderim yapılması uygun değildir.","10","3","Kayıtlı mail adresine gönderim yapabilirsiniz. Farklı mail adresine gönderim yapılması uygun değildir.","keremt",NULL,NULL
1295767,"14",NULL,5768,"leasıng","Merhabalar leasınge konu olan malın faturasına ulaşamıyoruz bu sebeple gümrüğün bize gönderdiği dosyayı yine leasıng imer ilşe paylaşmak istiyoruz konuyla alakalı destek rica ederiz","2","4",18271,"keremt","2025-12-23 11:14:50.19","2025-12-23 11:15:41.88","2025-12-23 09:13:21.347","Merhaba, karantinaya takılan mailiniz serbest bırakılmıştır. 10 dk içerisinde mail karşı tarafa ulaşacaktır. Maili tekrar göndermenize gerek yoktur.","10","3","Merhaba, karantinaya takılan mailiniz serbest bırakılmıştır. 10 dk içerisinde mail karşı tarafa ulaşacaktır. Maili tekrar göndermenize gerek yoktur.","keremt",NULL,NULL
1295702,"14",NULL,5768,"Veri Koruma İstisna Talebi","Merhaba,
Tedarikçi ile iş gereği dekontlar paylaşılmıştır. Bu mail için istisna konusunda desteklerinizi rica ederim.","2","4",18271,"keremt","2025-12-23 11:13:29.207","2025-12-23 11:14:35.243","2025-12-22 19:17:07.667","Merhaba, karantinaya takılan mailiniz serbest bırakılmıştır. 10 dk içerisinde mail karşı tarafa ulaşacaktır. Maili tekrar göndermenize gerek yoktur.","10","3","Merhaba, karantinaya takılan mailiniz serbest bırakılmıştır. 10 dk içerisinde mail karşı tarafa ulaşacaktır. Maili tekrar göndermenize gerek yoktur.","keremt",NULL,NULL
1295670,"14",NULL,5768,"log kayıtlarını vergi numarası olarak algılayıp engelliyor sistem","moodys uygulama log kayılarını vergi numarası  olarak görüp engelliyor sistem.
moodys.com uzantısı için engeli kaldırır mısınız.","2","4",18271,"keremt","2025-12-23 11:12:29.257","2025-12-23 11:13:16.453","2025-12-22 16:44:45.65","Merhaba, karantinaya takılan mailiniz serbest bırakılmıştır. 10 dk içerisinde mail karşı tarafa ulaşacaktır. Maili tekrar göndermenize gerek yoktur.","10","3","Merhaba, karantinaya takılan mailiniz serbest bırakılmıştır. 10 dk içerisinde mail karşı tarafa ulaşacaktır. Maili tekrar göndermenize gerek yoktur.","keremt",NULL,NULL
1295662,"14",NULL,5768,"mail istisnası-çınaraltı","İyi çalışmalar ,mail istisnası tanımlanmasını  rica ederiz.","2","4",18271,"keremt","2025-12-23 11:10:46.67","2025-12-23 11:12:17.03","2025-12-22 16:41:51.257","Merhaba, karantinaya takılan mailiniz serbest bırakılmıştır. 10 dk içerisinde mail karşı tarafa ulaşacaktır. Maili tekrar göndermenize gerek yoktur.","10","3","Merhaba, karantinaya takılan mailiniz serbest bırakılmıştır. 10 dk içerisinde mail karşı tarafa ulaşacaktır. Maili tekrar göndermenize gerek yoktur.","keremt",NULL,NULL
1295580,"14",NULL,5768,"İnternet bankacılığı Evraklarını Firmaya gönderemiyorum.","Merhaba,

yetki güncelleme ve müşteri bilgi güncelleme evraklarını firmaya iletemiyorum. Mailin serbest bırakılması için yardımlarınızı beklerim.","2","4",18271,"keremt","2025-12-23 11:07:15.75","2025-12-23 11:08:07.88","2025-12-22 15:11:40.763","Merhaba, karantinaya takılan mailiniz serbest bırakılmıştır. 10 dk içerisinde mail karşı tarafa ulaşacaktır. Maili tekrar göndermenize gerek yoktur.","10","3","Merhaba, karantinaya takılan mailiniz serbest bırakılmıştır. 10 dk içerisinde mail karşı tarafa ulaşacaktır. Maili tekrar göndermenize gerek yoktur.","keremt",NULL,NULL
1295802,"14",NULL,5768,"PwC soru hakkında","kolay gelsin mailin iletilmesi rica olunur","2","4",18271,"keremt","2025-12-23 11:04:46.76","2025-12-23 11:06:41.593","2025-12-23 09:35:56.607","Merhaba, karantinaya takılan mailiniz serbest bırakılmıştır. 10 dk içerisinde mail karşı tarafa ulaşacaktır. Maili tekrar göndermenize gerek yoktur.","10","3","Merhaba, karantinaya takılan mailiniz serbest bırakılmıştır. 10 dk içerisinde mail karşı tarafa ulaşacaktır. Maili tekrar göndermenize gerek yoktur.","keremt",NULL,NULL
1295539,"14","6",5768,"Mail hakkında","Kolay gelsin;
Mailin iletilmesi rica olunur.","2","4",5170,"keremt","2025-12-23 11:04:27.847","2025-12-23 11:07:01.74","2025-12-22 14:38:59.993","Mükerrer talep","3","3","Mükerrer talep","keremt",NULL,NULL
1295516,"14",NULL,5768,"mail veri koruma istisnası hk","merhaba, takipte olan 6058054 Debateks Tekstil müşterimizin firma yetkilisi Deniz Karataş ın dkaratas@debateks.com mail adresine ödeme protokolü gönderilmiştir. Mail veri koruma sistemine takılmıştır. Müşterimizin protokölü incelemesi gerekmektedir.  dkaratas@debateks.com mail adresine istisna tanımlanmasını rica ederiz.","2","4",18271,"keremt","2025-12-23 11:02:57.633","2025-12-23 11:04:01.42","2025-12-22 14:09:32.497","Merhaba, karantinaya takılan mailiniz serbest bırakılmıştır. 10 dk içerisinde mail karşı tarafa ulaşacaktır. Maili tekrar göndermenize gerek yoktur.","10","3","Merhaba, karantinaya takılan mailiniz serbest bırakılmıştır. 10 dk içerisinde mail karşı tarafa ulaşacaktır. Maili tekrar göndermenize gerek yoktur.","keremt",NULL,NULL
1295497,"14","6",5768,"YIL SONU MUTABAKATLARI HK","merhaba,
ekli tabloların çıktısını alarak yıl sonu mutabakatı yapacağız. İStisna tanımı için yardımlarınızı rica ederim.","2","4",5170,"keremt","2025-12-23 10:58:37.067","2025-12-23 11:40:16.177","2025-12-22 13:50:21.32","Mükerrer talep","3","3","Mükerrer talep","keremt",NULL,NULL
1295421,"14",NULL,5768,"2025-12-22 11:21:49 tarihinde \\srvsube-286\34-286-MFP01 cihazından   yazdırma işlemi","merhaba, mutabakat için teminat listeleme ekranındaki bilgileri excele çıktı verdikten sonra yazdıramıyorum . yetki verilmesini rica ederim.","2","4",18271,"keremt","2025-12-23 10:58:25.917","2025-12-23 11:42:17.9","2025-12-22 11:25:19.55","Aşağıdaki linkte yer alan ""DLP Ajanı Nasıl Güncellenir?"" başlığındaki adımları uyguladıktan sonra işlemi yeniden yapmayı dener misiniz?
https://bilge.kuveytturk.com.tr/genel/24374-dlp-forcepoint-one-endpoint#dlp-ajani-nasil-guncellenir","10","3","Aşağıdaki linkte yer alan ""DLP Ajanı Nasıl Güncellenir?"" başlığındaki adımları uyguladıktan sonra işlemi yeniden yapmayı dener misiniz?
https://bilge.kuveytturk.com.tr/genel/24374-dlp-forcepoint-one-endpoint#dlp-ajani-nasil-guncellenir","keremt",NULL,NULL
1295352,"14",NULL,5768,"finans@dritatekstil.com","finans@dritatekstil.com adresine müşterimize kesilen sağlık sigortasının poliçesi iletilmiştir.
İvedilikle mailin gönderilmesi gerekmektedir.","2","4",18271,"keremt","2025-12-23 10:57:15.153","2025-12-23 10:58:07.837","2025-12-22 10:25:17.76","Merhaba, karantinaya takılan mailiniz serbest bırakılmıştır. 10 dk içerisinde mail karşı tarafa ulaşacaktır. Maili tekrar göndermenize gerek yoktur.","10","3","Merhaba, karantinaya takılan mailiniz serbest bırakılmıştır. 10 dk içerisinde mail karşı tarafa ulaşacaktır. Maili tekrar göndermenize gerek yoktur.","keremt",NULL,NULL
1295340,"14",NULL,5768,"Mail Veri İstisna Talebi","Merhaba,
İş gereği tedarikçi firma ile hesap bilgileri paylaşılmıştır. Bu konuda istina için desteklerinizi rica ederim.","2","4",18271,"keremt","2025-12-23 10:55:53.533","2025-12-23 10:57:04.637","2025-12-22 10:17:00.137","Merhaba, karantinaya takılan mailiniz serbest bırakılmıştır. 10 dk içerisinde mail karşı tarafa ulaşacaktır. Maili tekrar göndermenize gerek yoktur.","10","3","Merhaba, karantinaya takılan mailiniz serbest bırakılmıştır. 10 dk içerisinde mail karşı tarafa ulaşacaktır. Maili tekrar göndermenize gerek yoktur.","keremt",NULL,NULL
1295518,"14","6",5768,"VEKALET TARAMASI HK","MERHABA KENDİME AİT VEKALETİ KENDİ ÖZEL MAİLİME ATMAK İSTEDİM KONUYLA ALAKALI YARDIMLARINIZI RİCA EDERİM.","2","4",5170,"keremt","2025-12-22 15:55:24.09","2025-12-22 15:58:09.483","2025-12-22 14:14:13.12","Şahsi işlemlerin kurum bilgisayarı/mailinden yapılması BG politikaları gereği uygun değildir.","3","3","Şahsi işlemlerin kurum bilgisayarı/mailinden yapılması BG politikaları gereği uygun değildir.","keremt",NULL,NULL
1295333,"14",NULL,5768,"Mail için istisna talebi","Merhaba,
İş gereği tedarikçi firma ile hesap bilgileri paylaşılmıştır. Bu konuda istisna için desteklerinizi rica ederim.","2","4",18271,"keremt","2025-12-23 10:55:11.687","2025-12-23 10:55:44.387","2025-12-22 10:15:28.207","Merhaba, karantinaya takılan mailiniz serbest bırakılmıştır. 10 dk içerisinde mail karşı tarafa ulaşacaktır. Maili tekrar göndermenize gerek yoktur.","10","3","Merhaba, karantinaya takılan mailiniz serbest bırakılmıştır. 10 dk içerisinde mail karşı tarafa ulaşacaktır. Maili tekrar göndermenize gerek yoktur.","keremt",NULL,NULL
1295330,"14",NULL,5768,"Mail için istisna talebi","Merhaba,
İş gereği tedarikçi ile hesap bilgileri paylaşılmıştır. Bu konuda istina için desteklerinizi rica ederim.","2","4",18271,"keremt","2025-12-23 10:54:03.77","2025-12-23 10:55:01.393","2025-12-22 10:06:35","Merhaba, karantinaya takılan mailiniz serbest bırakılmıştır. 10 dk içerisinde mail karşı tarafa ulaşacaktır. Maili tekrar göndermenize gerek yoktur.","10","3","Merhaba, karantinaya takılan mailiniz serbest bırakılmıştır. 10 dk içerisinde mail karşı tarafa ulaşacaktır. Maili tekrar göndermenize gerek yoktur.","keremt",NULL,NULL
1295323,"14",NULL,5768,"merhaba","merhaba 
mail gönderimi için desteklerinizi rica ederiz.","2","4",18271,"keremt","2025-12-23 10:52:44.607","2025-12-23 10:53:42.277","2025-12-22 10:10:35.55","Merhaba, gönderilecek mailin iş kapsamını açıklanızı sizlerden beklemekteyiz.","10","3","Merhaba, gönderilecek mailin iş kapsamını açıklanızı sizlerden beklemekteyiz.","keremt",NULL,NULL
1295316,"14",NULL,5768,"YIL sONU MUTABAKAT İŞLEMLERİ HK","ekli listenin çıktısını alarak yıl sonu ipotek sayımı yapacağız. İstinasna tanımlaması için yardımlarınızı rica ederim.","2","4",18271,"keremt","2025-12-23 10:52:33.473","2025-12-23 11:42:32.46","2025-12-22 10:00:56.62","Aşağıdaki linkte yer alan ""DLP Ajanı Nasıl Güncellenir?"" başlığındaki adımları uyguladıktan sonra işlemi yeniden yapmayı dener misiniz?
https://bilge.kuveytturk.com.tr/genel/24374-dlp-forcepoint-one-endpoint#dlp-ajani-nasil-guncellenir","10","3","Aşağıdaki linkte yer alan ""DLP Ajanı Nasıl Güncellenir?"" başlığındaki adımları uyguladıktan sonra işlemi yeniden yapmayı dener misiniz?
https://bilge.kuveytturk.com.tr/genel/24374-dlp-forcepoint-one-endpoint#dlp-ajani-nasil-guncellenir","keremt",NULL,NULL
1295219,"14",NULL,5768,"avukatlara mail gönderimi.","ANlaşmalı avukatımıza protokol göndeirlminde veri güvenliğine takılmıştır. 
Mailin gönderimi için desteklerinizi bekleriz.","2","4",18271,"keremt","2025-12-23 10:51:31.97","2025-12-23 10:52:22.717","2025-12-22 08:49:29.753","Merhaba, karantinaya takılan mailiniz serbest bırakılmıştır. 10 dk içerisinde mail karşı tarafa ulaşacaktır. Maili tekrar göndermenize gerek yoktur.","10","3","Merhaba, karantinaya takılan mailiniz serbest bırakılmıştır. 10 dk içerisinde mail karşı tarafa ulaşacaktır. Maili tekrar göndermenize gerek yoktur.","keremt",NULL,NULL
1295164,"14",NULL,5768,"teminat mutabakatları hk.","Merhabalar;
 Şubemizde yıl sonu teminat mutabakatları yapılması sebebi ile teminat listeme ekranından ilgili teminatlar excel akatrımı yapılıp yazdırılmak istenildiğinde veri güvenliği politikası gereği yazdırılma işlemi engellenmektedir. İlgili mutabakatlar bitimi yapılana kadar teminatların yazdrılması hususunda veri koruma sistemi istisna tanımlama yapılması hususunda gereğin yapılmasını arz ederiz.","2","4",18271,"keremt","2025-12-23 10:50:48.767","2025-12-23 11:41:31.73","2025-12-21 13:59:21.63","Aşağıdaki linkte yer alan ""DLP Ajanı Nasıl Güncellenir?"" başlığındaki adımları uyguladıktan sonra işlemi yeniden yapmayı dener misiniz?
https://bilge.kuveytturk.com.tr/genel/24374-dlp-forcepoint-one-endpoint#dlp-ajani-nasil-guncellenir","10","3","Aşağıdaki linkte yer alan ""DLP Ajanı Nasıl Güncellenir?"" başlığındaki adımları uyguladıktan sonra işlemi yeniden yapmayı dener misiniz?
https://bilge.kuveytturk.com.tr/genel/24374-dlp-forcepoint-one-endpoint#dlp-ajani-nasil-guncellenir","keremt",NULL,NULL
1295012,"14",NULL,5768,"6794180-IŞILDAR OTOMOTİV HK.","Merhabalar,

6794180-IŞILDAR OTOMOTİV isimli müşterimizin muhasebe@isildar.com.tr adresine ekstre göndermek istediğimde güvenlik engeline takılmaktayım. Konuyla ilgili yardımlarınızı talep eder, iyi çalışmalar dilerim.

**USD Fon hesabını talep etmiş olup güvenlik engeline takılmıştır.","2","4",18271,"keremt","2025-12-23 10:39:36.89","2025-12-23 10:50:38.387","2025-12-19 17:58:58.323","Merhaba, karantinaya takılan mailiniz serbest bırakılmıştır. 10 dk içerisinde mail karşı tarafa ulaşacaktır. Maili tekrar göndermenize gerek yoktur.","10","3","Merhaba, karantinaya takılan mailiniz serbest bırakılmıştır. 10 dk içerisinde mail karşı tarafa ulaşacaktır. Maili tekrar göndermenize gerek yoktur.","keremt",NULL,NULL
1294821,"14",NULL,5768,"Dekont mail talebi","608021 hesap nolu müşterimizin dekont talebi bulunmaktadır. Veri güvenliğine takıldığından dolayı iletim yapamamaktayız, yardımlarınızı rica ederiz.
mail adresi : dilekkurbag@mayfren.com","2","4",18271,"keremt","2025-12-23 10:34:00.933","2025-12-23 10:39:10.717","2025-12-19 11:05:55.603","Merhaba, karantinaya takılan mailiniz serbest bırakılmıştır. 10 dk içerisinde mail karşı tarafa ulaşacaktır. Maili tekrar göndermenize gerek yoktur.","10","3","Merhaba, karantinaya takılan mailiniz serbest bırakılmıştır. 10 dk içerisinde mail karşı tarafa ulaşacaktır. Maili tekrar göndermenize gerek yoktur.","keremt",NULL,NULL
1295519,"14","6",5768,"Postman Şablonu Gönderimi Hak.","Kurum dışı fintechler ie api entegrasyonları yapmaktayız. Firmalara alt ortamda test edeblmeleri için mail olarak postman şablonu göndermeye çalıştığımda engellenmektedir. Engelin kalkması için yardımcı olabilir misiniz","3","4",5170,"keremt","2025-12-22 16:50:32.77","2025-12-23 11:30:55.187","2025-12-22 14:12:21.507","KT tarafında takılan bir mail görünmemektedir. Archi sektör tarafının DLP sine biz bakmıyoruz. Oraya talep açabilirsiniz.","3","3","KT tarafında takılan bir mail görünmemektedir. Archi sektör tarafının DLP sine biz bakmıyoruz. Oraya talep açabilirsiniz.","keremt",NULL,NULL
1295625,"14",NULL,5768,"Filtre","Merhabalar,

Koçtaş'a işlem raporunu gönderemedim filtreye takılmasından dolayı,serbest bırakılması hususunda yardımlarınızı rica ederiz.","3","4",18271,"keremt","2025-12-22 16:27:01.54","2025-12-23 11:26:57.487","2025-12-22 16:01:59.923","Merhaba, karantinaya takılan mailiniz serbest bırakılmıştır. 10 dk içerisinde mail karşı tarafa ulaşacaktır. Maili tekrar göndermenize gerek yoktur.","10","3","Merhaba, karantinaya takılan mailiniz serbest bırakılmıştır. 10 dk içerisinde mail karşı tarafa ulaşacaktır. Maili tekrar göndermenize gerek yoktur.","keremt",NULL,NULL
1294823,"14",NULL,5768,"bes hatası için katılım emekliliği mail atımı","Merhaba iyi günler kolay gelsin,

96851758 no’lu müşterimize 2000 tl’den toplam 3 adet bireysel emeklilik yapmak istemekteyiz. Fakat sistemden giriş yaptıktan sonra mobil onaya gönderirken hata almaktayız. Müşteriye ait hiç bes olmamasına rağmen müşterinin telefon numarasının başka bes sözleşmesine tanımlığı olduğuna dair ekran hata vermektedir. Hızlı bes ekranından ve mnuel bes ekranından giriş denemesi yapılmış olup her iki ekrandan da evrakları mobile gönderip işlemi devam ettirememekteyiz. Hata ekranlarımız ektedir.

Müşteriyi kaybetmemek adına konu hakkında acil desteklerinizi arz, talep ederiz. 


yaşana teknik problemden dolayı katılım emeklilik biriminden destek almak için bu maili iletmek istiyorum","2","4",18271,"keremt","2025-12-22 15:59:26.177","2025-12-22 15:59:49.373","2025-12-19 11:24:52.523","Merhaba, karantinaya takılan mailiniz serbest bırakılmıştır. 10 dk içerisinde mail karşı tarafa ulaşacaktır. Maili tekrar göndermenize gerek yoktur.","10","3","Merhaba, karantinaya takılan mailiniz serbest bırakılmıştır. 10 dk içerisinde mail karşı tarafa ulaşacaktır. Maili tekrar göndermenize gerek yoktur.","keremt",NULL,NULL
1295235,"14",NULL,5768,"İstisna Talebi Hk.","Merhaba, Teftiş kurulu talebi olan bazı dosyaların aktarımı için geçici dosyayı kullanmamız gerekiyor fakat güvenlik nedeni ile dosyaların akatarımı gerçekleşmedi. bugün için bir istisna tanımlaması yapılması için desteklerinizi rica eder iyi çalışmalar dilerim.","2","4",18271,"keremt","2025-12-22 14:53:08.353","2025-12-22 16:44:52.97","2025-12-22 08:58:29.07","Kullanıcı farklı bir ortak alan kontrol edeceğini belirtmiştir.","10","3","Kullanıcı farklı bir ortak alan kontrol edeceğini belirtmiştir.","keremt",NULL,NULL
1295501,"14",NULL,5768,"hesap ekstresi çıkmıyor.","müşteriye hesap ekstreesi vereceğiz veri güvenliği nedeniyle hesap ekstresi çıkartmıyorz","2","4",18271,"keremt","2025-12-22 14:30:29.23","2025-12-23 11:02:43.56","2025-12-22 13:53:53.697","Aşağıdaki linkte yer alan ""DLP Ajanı Nasıl Güncellenir?"" başlığındaki adımları uyguladıktan sonra işlemi yeniden yapmayı dener misiniz?
https://bilge.kuveytturk.com.tr/genel/24374-dlp-forcepoint-one-endpoint#dlp-ajani-nasil-guncellenir","10","3","Aşağıdaki linkte yer alan ""DLP Ajanı Nasıl Güncellenir?"" başlığındaki adımları uyguladıktan sonra işlemi yeniden yapmayı dener misiniz?
https://bilge.kuveytturk.com.tr/genel/24374-dlp-forcepoint-one-endpoint#dlp-ajani-nasil-guncellenir","keremt",NULL,NULL
1295396,"14",NULL,5768,"merhaba","merhaba 

 mail gönderimi için desteklerinizi rica ederiz.","2","4",18271,"keremt","2025-12-22 12:01:21.797","2025-12-22 12:02:06.327","2025-12-22 11:05:15.317","Merhaba, mailin iş kapsamını belirtir misiniz? Ayrıca firmanın kurumsal (@xxxx.com) lu bir mail adresi yok mudur?","10","3","Merhaba, mailin iş kapsamını belirtir misiniz? Ayrıca firmanın kurumsal (@xxxx.com) lu bir mail adresi yok mudur?","keremt",NULL,NULL
1295429,"14",NULL,5768,"şahsi işlem hk.","Merhaba ,

Şahsi araç alım işlemim için galeriye atacağım şahsıma ait vekaleti kendi şahsi mailine göndermek istiyorum. Desteklerinizi talep ederim.","2","4",18271,"keremt","2025-12-22 11:50:09.53","2025-12-22 11:51:56.5","2025-12-22 11:31:24.797","Merhaba, karantinaya takılan mailiniz serbest bırakılmıştır. 10 dk içerisinde mail karşı tarafa ulaşacaktır. Maili tekrar göndermenize gerek yoktur.","10","3","Merhaba, karantinaya takılan mailiniz serbest bırakılmıştır. 10 dk içerisinde mail karşı tarafa ulaşacaktır. Maili tekrar göndermenize gerek yoktur.","keremt",NULL,NULL
1295180,"14",NULL,5768,"Mail istina talebi","Merhaba,
İş gereği tedarikçi firma ile hesap bilgileri paylaşımıştır. İlgili mailin istinası konusunda desteklerinizi rica ederiz.","2","4",18271,"keremt","2025-12-22 11:49:27.633","2025-12-22 11:49:54.687","2025-12-21 16:37:57.54","Merhaba, karantinaya takılan mailiniz serbest bırakılmıştır. 10 dk içerisinde mail karşı tarafa ulaşacaktır. Maili tekrar göndermenize gerek yoktur.","10","3","Merhaba, karantinaya takılan mailiniz serbest bırakılmıştır. 10 dk içerisinde mail karşı tarafa ulaşacaktır. Maili tekrar göndermenize gerek yoktur.","keremt",NULL,NULL
1295177,"14",NULL,5768,"Mail Veri Koruma İstisna Talebi","Merhaba,
İş gereği hesap bilgileri tedarikçi firma ile paylaşılmıştır. Konu hakkında desteklerinizi rica ederiz.","2","4",18271,"keremt","2025-12-22 11:48:45.1","2025-12-22 11:49:19.14","2025-12-21 16:16:58.923","Merhaba, karantinaya takılan mailiniz serbest bırakılmıştır. 10 dk içerisinde mail karşı tarafa ulaşacaktır. Maili tekrar göndermenize gerek yoktur.","10","3","Merhaba, karantinaya takılan mailiniz serbest bırakılmıştır. 10 dk içerisinde mail karşı tarafa ulaşacaktır. Maili tekrar göndermenize gerek yoktur.","keremt",NULL,NULL
1295179,"14",NULL,5768,"Mail İstisna talebi","Merhaba,
İş gereği tedarikçi firma ile hesap bilgileri paylaşılmıştır. İlgili mail için istina konusunda desteklerinizi rica ederiz.","2","4",18271,"keremt","2025-12-22 11:46:33.627","2025-12-22 11:48:36.463","2025-12-21 16:36:06.197","Merhaba, karantinaya takılan mailiniz serbest bırakılmıştır. 10 dk içerisinde mail karşı tarafa ulaşacaktır. Maili tekrar göndermenize gerek yoktur.","10","3","Merhaba, karantinaya takılan mailiniz serbest bırakılmıştır. 10 dk içerisinde mail karşı tarafa ulaşacaktır. Maili tekrar göndermenize gerek yoktur.","keremt",NULL,NULL
1295309,"14","3",5768,"Mail e erişim sağlayama","ekteki hata ile mobilde ki maile erişim sağlayamıyorum , yardımcı olunmasını rica ederim.","3","4",5170,"keremt","2025-12-22 10:02:03.903","2025-12-22 17:09:35.2","2025-12-22 09:58:05.353","Merhaba Muhammet Said Bey,
yapılan kontrollerde cep telefon modelinizin iphone 6s plus olduğu görünmektedir. Bu versiyon telefonlar bizim email+ uygulamamız için güncel versiyonlu olarak görünmediğinden maillere erişiminiz sağlanamamaktadır. Yeni model bir telefonla deneme yapmanızı  önermekteyiz.","3","3","Merhaba Muhammet Said Bey,
yapılan kontrollerde cep telefon modelinizin iphone 6s plus olduğu görünmektedir. Bu versiyon telefonlar bizim email+ uygulamamız için güncel olarak görünmediğinden maillere erişiminiz sağlanamamaktadır. Yeni model bir telefonla deneme yapmanızı  önermekteyiz.","keremt",NULL,NULL
1295208,"14",NULL,5768,"teşvik maili","merhaba 
teşvikli proje de evrakları tesvik firmasına göndermek istedigimde belgeler içinde iban bilgisi yazdıgı için engele takılmaktadır engelın kaldırımmasılnı rica ederim gönderilen mail adresleri ytb@tglgumruk.com.tr 'mustafakucuk@trivitale.com' 'info@trivitale.com'","3","4",18271,"keremt","2025-12-22 08:55:39.347","2025-12-23 11:32:58.09","2025-12-22 08:31:19.983","Merhaba, karantinaya takılan mailiniz serbest bırakılmıştır. 10 dk içerisinde mail karşı tarafa ulaşacaktır. Maili tekrar göndermenize gerek yoktur.","10","3","Merhaba, karantinaya takılan mailiniz serbest bırakılmıştır. 10 dk içerisinde mail karşı tarafa ulaşacaktır. Maili tekrar göndermenize gerek yoktur.","keremt",NULL,NULL
1294963,"14",NULL,5768,"6794180-IŞILDAR OTOMOTİV HK.","Merhabalar,

6794180-IŞILDAR OTOMOTİV isimli müşterimizin muhasebe@isildar.com.tr adresine ekstre göndermek istediğimde güvenlik engeline takılmaktayım. Konuyla ilgili yardımlarınızı talep eder, iyi çalışmalar dilerim.","2","4",18271,"keskinme","2025-12-19 17:13:56.267","2025-12-19 17:16:10.007","2025-12-19 16:24:38.253","Merhaba, açıklamaya istinaden mailiniz serbest bırakılmıştır/karşı tarafa gönderilmiştir. Konu ile ilgili ek bir aksiyon almanıza gerek bulunmamaktadır(tekrar maili göndermeye çalışmanıza gerek bulunmamaktadır). Mailin teslim edilmesi ile ilgili karşı taraftan teyit alabilirsiniz. İyi çalışmalar.","10","3","Merhaba, açıklamaya istinaden mailiniz serbest bırakılmıştır/karşı tarafa gönderilmiştir. Konu ile ilgili ek bir aksiyon almanıza gerek bulunmamaktadır(tekrar maili göndermeye çalışmanıza gerek bulunmamaktadır). Mailin teslim edilmesi ile ilgili karşı taraftan teyit alabilirsiniz. İyi çalışmalar.","keskinme",NULL,NULL
1294955,"14",NULL,5768,"istisna talebimiz hakk.","merhaba dıvıte ekli mail ve ekleri  'gouslu@dogusoto.com' ile 'dogusotomaslaksatisdestek@dogusoto.com' ile Orhan Çil / Kuveyt Türk - Çalışlar Caddesi Şubesi orhan.cil@kuveytturk.com.tr ile 'oğuzhan gülen' oguzhangulen@msn.com adteslerine gönderilmek istenmektedir. istisna tanımı yapılması hususunda yardımlarınızı rica ederiz.teşekkürler","2","4",18271,"keskinme","2025-12-19 16:25:52.85","2025-12-19 16:26:38.547","2025-12-19 16:10:30.657","Merhaba, açıklamaya istinaden mailiniz serbest bırakılmıştır/karşı tarafa gönderilmiştir. Konu ile ilgili ek bir aksiyon almanıza gerek bulunmamaktadır(tekrar maili göndermeye çalışmanıza gerek bulunmamaktadır). Mailin teslim edilmesi ile ilgili karşı taraftan teyit alabilirsiniz. İyi çalışmalar.","10","3","Merhaba, açıklamaya istinaden mailiniz serbest bırakılmıştır/karşı tarafa gönderilmiştir. Konu ile ilgili ek bir aksiyon almanıza gerek bulunmamaktadır(tekrar maili göndermeye çalışmanıza gerek bulunmamaktadır). Mailin teslim edilmesi ile ilgili karşı taraftan teyit alabilirsiniz. İyi çalışmalar.","keskinme",NULL,NULL
1294945,"14",NULL,5768,"ıban paylaşımı hk.","8335558 - İSTANBUL SABAHATTİN ZAİM ÜNİVERSİTESİ ile maaş ve promosyon anlaşması yapılmış olup, üniversite tarafından ödeme listeleri vs hazırlanması için çalışanların iban bilgisi talep edilmektedir. 
Iban listesi divite eklenmiş olup , ilgili mailin veri koruma sistemine takılmadan gönderilebilmesi için istisna tanımlanması husususunda yardımlarınızı talep ederiz.","2","4",18271,"keskinme","2025-12-19 16:24:43.38","2025-12-19 16:25:38.073","2025-12-19 15:51:27.44","Merhaba, açıklamaya istinaden mailiniz serbest bırakılmıştır/karşı tarafa gönderilmiştir. Konu ile ilgili ek bir aksiyon almanıza gerek bulunmamaktadır(tekrar maili göndermeye çalışmanıza gerek bulunmamaktadır). Mailin teslim edilmesi ile ilgili karşı taraftan teyit alabilirsiniz. İyi çalışmalar.","10","3","Merhaba, açıklamaya istinaden mailiniz serbest bırakılmıştır/karşı tarafa gönderilmiştir. Konu ile ilgili ek bir aksiyon almanıza gerek bulunmamaktadır(tekrar maili göndermeye çalışmanıza gerek bulunmamaktadır). Mailin teslim edilmesi ile ilgili karşı taraftan teyit alabilirsiniz. İyi çalışmalar.","keskinme",NULL,NULL
1294937,"14",NULL,5768,"İMza sirküleri mail","İmza sirküleri içiin istisna.","2","4",18271,"keskinme","2025-12-19 16:23:19.39","2025-12-19 16:24:28.177","2025-12-19 15:39:06.9","merhaba, kullanıcı adınıza ait engellenen bir işleminiz görünmeketedir, bu kapsamda bilgilendirme sağlayabilir misiniz?","10","3","merhaba, kullanıcı adınıza ait engellenen bir işleminiz görünmeketedir, bu kapsamda bilgilendirme sağlayabilir misiniz?","keskinme",NULL,NULL
1294921,"14",NULL,5768,"gitmeyen mail","Fatma Gül ÜNAL <fatmagul@bilgehukuk.gen.tr>; 'SERDAR BILGEHUKUK' <serdar@bilgehukuk.gen.tr>; 'Akın Aysan' <akin@bilgehukuk.gen.tr>; 'Barbaros İKİZ' <barbaros@bilgehukuk.gen.tr>

İlgili maillere gönderilen excel gitmemiş olup avukat iş ortaklarımıza mailin gönderilmesi hususunda yardımlarınızı rica ederiz.","2","4",18271,"keskinme","2025-12-19 16:22:20.903","2025-12-19 16:23:03.323","2025-12-19 15:23:19.503","Merhaba, açıklamaya istinaden mailiniz serbest bırakılmıştır/karşı tarafa gönderilmiştir. Konu ile ilgili ek bir aksiyon almanıza gerek bulunmamaktadır(tekrar maili göndermeye çalışmanıza gerek bulunmamaktadır). Mailin teslim edilmesi ile ilgili karşı taraftan teyit alabilirsiniz. İyi çalışmalar.","10","3","Merhaba, açıklamaya istinaden mailiniz serbest bırakılmıştır/karşı tarafa gönderilmiştir. Konu ile ilgili ek bir aksiyon almanıza gerek bulunmamaktadır(tekrar maili göndermeye çalışmanıza gerek bulunmamaktadır). Mailin teslim edilmesi ile ilgili karşı taraftan teyit alabilirsiniz. İyi çalışmalar.","keskinme",NULL,NULL
1294892,"14",NULL,5768,"veri koruma istisnası hk","merhaba, 166753 GÜNGÖR AKKAYA müşterimizin 2022 yılından bu yana hesap ekstrelerini excel formatında gungorakkaya@cemaloglu.com mail adresine gönderdim, mailler veri koruma sistemine takıldı, veri koruma sistemine takılan 8 mailin serbest bırakılmasını rica ederim.","2","4",18271,"keskinme","2025-12-19 16:20:57.1","2025-12-19 16:22:07.04","2025-12-19 14:33:50.417","Merhaba, açıklamaya istinaden mailiniz serbest bırakılmıştır/karşı tarafa gönderilmiştir. Konu ile ilgili ek bir aksiyon almanıza gerek bulunmamaktadır(tekrar maili göndermeye çalışmanıza gerek bulunmamaktadır). Mailin teslim edilmesi ile ilgili karşı taraftan teyit alabilirsiniz. İyi çalışmalar.","10","3","Merhaba, açıklamaya istinaden mailiniz serbest bırakılmıştır/karşı tarafa gönderilmiştir. Konu ile ilgili ek bir aksiyon almanıza gerek bulunmamaktadır(tekrar maili göndermeye çalışmanıza gerek bulunmamaktadır). Mailin teslim edilmesi ile ilgili karşı taraftan teyit alabilirsiniz. İyi çalışmalar.","keskinme",NULL,NULL
1294887,"14",NULL,5768,"Azure Devops Güvenlik Bilgilendirme Hatası","Merhaba,

 INC1293132 no'lu merceği açtım geçtiğimiz günlerde. DLP Ajanını güncelledim ancak Safari üzerinden Azure board'a girdiğimde halen hassas veri paylaşımı diye bildirim alıyorum sonrasında da hesabım lock oluyor. Lütfen yardımcı olabilir misiniz?","2","4",18271,"keskinme","2025-12-19 16:19:50.62","2025-12-22 15:58:07.37","2025-12-19 14:26:16.127","merhaba, kullanıcının lock olması ile ilgili DLP kontrollerinin bir bağlantısı bulunmamaktadır. İşlemi tekrar denemeniz mümkün müdür?","10","3","merhaba, kullanıcının lock olması ile ilgili DLP kontrollerinin bir bağlantısı bulunmamaktadır. İşlemi tekrar denemeniz mümkün müdür?","keskinme",NULL,NULL
1294881,"14",NULL,5768,"mail salınması","sözleşme dahilinde avukatlarımız ile genel müdürümüzün imza sirkülerinin paylaşılması gerekmektedir. ilgili mialin salınması konusunda desteklerinizi rica ederiz.","2","4",18271,"keskinme","2025-12-19 16:18:40.507","2025-12-19 16:19:39.223","2025-12-19 14:20:40.507","Merhaba, açıklamaya istinaden mailiniz serbest bırakılmıştır/karşı tarafa gönderilmiştir. Konu ile ilgili ek bir aksiyon almanıza gerek bulunmamaktadır(tekrar maili göndermeye çalışmanıza gerek bulunmamaktadır). Mailin teslim edilmesi ile ilgili karşı taraftan teyit alabilirsiniz. İyi çalışmalar.","10","3","Merhaba, açıklamaya istinaden mailiniz serbest bırakılmıştır/karşı tarafa gönderilmiştir. Konu ile ilgili ek bir aksiyon almanıza gerek bulunmamaktadır(tekrar maili göndermeye çalışmanıza gerek bulunmamaktadır). Mailin teslim edilmesi ile ilgili karşı taraftan teyit alabilirsiniz. İyi çalışmalar.","keskinme",NULL,NULL
1294682,"14",NULL,5768,"E-91351399-663.99-00114400835 TC","Merhabalar,
Müfettişe gönderdiğim mailin ulaşmaısı detay ektedir.","2","4",18271,"keskinme","2025-12-19 16:15:39.637","2025-12-19 16:18:28.737","2025-12-19 08:10:40.71","Merhaba, açıklamaya istinaden mailiniz serbest bırakılmıştır/karşı tarafa gönderilmiştir. Konu ile ilgili ek bir aksiyon almanıza gerek bulunmamaktadır(tekrar maili göndermeye çalışmanıza gerek bulunmamaktadır). Mailin teslim edilmesi ile ilgili karşı taraftan teyit alabilirsiniz. İyi çalışmalar.","10","3","Merhaba, açıklamaya istinaden mailiniz serbest bırakılmıştır/karşı tarafa gönderilmiştir. Konu ile ilgili ek bir aksiyon almanıza gerek bulunmamaktadır(tekrar maili göndermeye çalışmanıza gerek bulunmamaktadır). Mailin teslim edilmesi ile ilgili karşı taraftan teyit alabilirsiniz. İyi çalışmalar.","keskinme",NULL,NULL
1294868,"14",NULL,5768,"VERİ KORUMA İSTİSNASI HK.","Merhabalar ,

İş birliklerimize gönderilecek yıl sonu hediyeleri için Muhiku'ya iletişim bilgileri gönderilmesi gerekmekte olup ilgili istisnanın tanımlanmasını istirham ederim.

İyi Çalışmalar","2","4",18271,"keskinme","2025-12-19 15:11:50.053","2025-12-19 15:12:40.473","2025-12-19 14:06:17.723","Merhaba, açıklamaya istinaden mailiniz serbest bırakılmıştır/karşı tarafa gönderilmiştir. Konu ile ilgili ek bir aksiyon almanıza gerek bulunmamaktadır(tekrar maili göndermeye çalışmanıza gerek bulunmamaktadır). Mailin teslim edilmesi ile ilgili karşı taraftan teyit alabilirsiniz. İyi çalışmalar.","10","3","Merhaba, açıklamaya istinaden mailiniz serbest bırakılmıştır/karşı tarafa gönderilmiştir. Konu ile ilgili ek bir aksiyon almanıza gerek bulunmamaktadır(tekrar maili göndermeye çalışmanıza gerek bulunmamaktadır). Mailin teslim edilmesi ile ilgili karşı taraftan teyit alabilirsiniz. İyi çalışmalar.","keskinme",NULL,NULL
1294060,"14",NULL,5768,"ACİL!!!! Integration Servisi Güvenlik Açığı Rapor Verileri","Ekte bulunan scriptteki verilere ihtiyacımız bulunmaktadır.
Konunun detayları mail üzerinden iletilecektir.
Ben izine ayrılacağım için Sami Miynat ve Turgut Serhat Memik ile süreci ilerletebilirsiniz.

Konu çok acil olduğu için yarına kadar süreci tamamlamayı umuyoruz.","2","4",18271,"keskinme","2025-12-17 16:16:54.643","2025-12-17 16:20:20.8","2025-12-17 11:53:43.92","Merhaba,

Geçici oluşturulan tablolar hangi ortamda oluşturulacaktır?

Kapsamı detaylandırabilir misiniz?","10","3","Merhaba,

Geçici oluşturulan tablolar hangi ortamda oluşturulacaktır?

Kapsamı detaylandırabilir misiniz?","keskinme",NULL,NULL
1294745,"14",NULL,5768,"Mail güvenliğe takıldı","Merhbalar

divitte ekli olan mail veri ağına takılmıştır.ilgili mail in gönderimi konusunda desteklerinizi rica eder iyi çalışmalar dilerim.","2","4",18271,"keskinme","2025-12-19 15:08:47.79","2025-12-19 15:10:08.72","2025-12-19 09:44:42.087","Merhaba, açıklamaya istinaden mailiniz serbest bırakılmıştır/karşı tarafa gönderilmiştir. Konu ile ilgili ek bir aksiyon almanıza gerek bulunmamaktadır(tekrar maili göndermeye çalışmanıza gerek bulunmamaktadır). Mailin teslim edilmesi ile ilgili karşı taraftan teyit alabilirsiniz. İyi çalışmalar.","10","3","Merhaba, açıklamaya istinaden mailiniz serbest bırakılmıştır/karşı tarafa gönderilmiştir. Konu ile ilgili ek bir aksiyon almanıza gerek bulunmamaktadır(tekrar maili göndermeye çalışmanıza gerek bulunmamaktadır). Mailin teslim edilmesi ile ilgili karşı taraftan teyit alabilirsiniz. İyi çalışmalar.","keskinme",NULL,NULL
1294742,"14",NULL,5768,"Veri güvenliğine takılan mail","Merhbalar

Divitte ekli olan mail veri ağına takılmıştır.İlgili mail in gönderimi konusunda desteklerinizi rica eder iyi çalışmalar dilerim.","2","4",18271,"keskinme","2025-12-19 15:08:41.393","2025-12-19 15:09:54.77","2025-12-19 09:38:29.163","Merhaba, açıklamaya istinaden mailiniz serbest bırakılmıştır/karşı tarafa gönderilmiştir. Konu ile ilgili ek bir aksiyon almanıza gerek bulunmamaktadır(tekrar maili göndermeye çalışmanıza gerek bulunmamaktadır). Mailin teslim edilmesi ile ilgili karşı taraftan teyit alabilirsiniz. İyi çalışmalar.","10","3","Merhaba, açıklamaya istinaden mailiniz serbest bırakılmıştır/karşı tarafa gönderilmiştir. Konu ile ilgili ek bir aksiyon almanıza gerek bulunmamaktadır(tekrar maili göndermeye çalışmanıza gerek bulunmamaktadır). Mailin teslim edilmesi ile ilgili karşı taraftan teyit alabilirsiniz. İyi çalışmalar.","keskinme",NULL,NULL
1294780,"14",NULL,5768,"veri yazdırma yetkisi hk.- (KT Mercek No: URND4397671)  ---DLP engel","merhabalar, ekteki excel formunu yazdırabilmek için yetki tanımlaması yapılması konusunda desteklerinizi talep ederiz. iyi çalışmalar.","3","4",18271,"keremt","2025-12-19 11:37:00.917","2025-12-22 11:37:44.253","2025-12-19 10:31:39.993","F1E and Forcepoint DLP Endpoint Operating System and Browser Support Matrix
Aşağıdaki linkte yer alan ""DLP Ajanı Nasıl Güncellenir?"" başlığındaki adımları uyguladıktan sonra işlemi yeniden yapmayı dener misiniz?
https://bilge.kuveytturk.com.tr/genel/24374-dlp-forcepoint-one-endpoint#dlp-ajani-nasil-guncellenir","10","6","F1E and Forcepoint DLP Endpoint Operating System and Browser Support Matrix
Aşağıdaki linkte yer alan ""DLP Ajanı Nasıl Güncellenir?"" başlığındaki adımları uyguladıktan sonra işlemi yeniden yapmayı dener misiniz?
https://bilge.kuveytturk.com.tr/genel/24374-dlp-forcepoint-one-endpoint#dlp-ajani-nasil-guncellenir","keremt",NULL,NULL
1294620,"14",NULL,5768,"ACİL !! MAİL GÖNDERİM HKK.","S.A Hayırlı Çalışmalar , 

8465127 nolu müşterimizle vefa sözleşmesi imzalanmış ilğili gayrimenkül devir işlemleri wep tapudan satış işlemleri girişi için varlık yönetimi tarafından müşterimize gönderilmesi gereken evrakların gönderilmesi gereklidir.  erkan_kes@hotmail.com mail adresine ilğili evrakların gönderilmesi gereklidir. Konu hususunda değerli yardımlarınızı arz ederim.","2","4",18271,"keskinme","2025-12-19 10:50:02.247","2025-12-19 10:51:10.427","2025-12-18 16:38:39.223","merhaba, hotmail  adresine hassas veri gönderim yapılmak istediği görülmüştür, ilgili hassas veri gönderiminin BOA üzerinden gönderilmesi veya maskeli gönderilmesinin sağlamaması hakkında bilgi verebilir misiniz?
Bu şekilde gönderilemiyorsa müşteri talebine ait bir mail olduğunu ve müşterinin BOA üzerindeki kayıtlı mailinin ekran görüntüsünü divite eklemeniz mümkün müdür?","10","3","merhaba, hotmail  adresine hassas veri gönderim yapılmak istediği görülmüştür, ilgili hassas veri gönderiminin BOA üzerinden gönderilmesi veya maskeli gönderilmesinin sağlamaması hakkında bilgi verebilir misiniz?
Bu şekilde gönderilemiyorsa müşteri talebine ait bir mail olduğunu ve müşterinin BOA üzerindeki kayıtlı mailinin ekran görüntüsünü divite eklemeniz mümkün müdür?","keskinme",NULL,NULL
1294637,"14",NULL,5768,"mail gitmiyor","sa 93704153 müşterimize ait ibkb işelmlerini mail atacağım ama veri Vergi kimlik numarası verilerini maskeleme yöntemi ile mail gitmiyor tanımlama yapabilirmsinz.","2","4",18271,"keskinme","2025-12-19 10:26:49.29","2025-12-19 10:29:41.49","2025-12-18 17:21:51.583","Merhaba, açıklamaya istinaden mailiniz serbest bırakılmıştır/karşı tarafa gönderilmiştir. Konu ile ilgili ek bir aksiyon almanıza gerek bulunmamaktadır(tekrar maili göndermeye çalışmanıza gerek bulunmamaktadır). Mailin teslim edilmesi ile ilgili karşı taraftan teyit alabilirsiniz. İyi çalışmalar.","10","3","Merhaba, açıklamaya istinaden mailiniz serbest bırakılmıştır/karşı tarafa gönderilmiştir. Konu ile ilgili ek bir aksiyon almanıza gerek bulunmamaktadır(tekrar maili göndermeye çalışmanıza gerek bulunmamaktadır). Mailin teslim edilmesi ile ilgili karşı taraftan teyit alabilirsiniz. İyi çalışmalar.","keskinme",NULL,NULL
1294638,"14",NULL,5768,"Müşterimizin kredi onay formunun tarfına gönderilmesi hk.","Ekte bulunan belgeler müşterimizin kayıtlı mail adresine gönderilecektir.","2","4",18271,"keskinme","2025-12-19 10:22:11.537","2025-12-19 10:26:33.243","2025-12-18 17:22:32.907","merhaba, gmail adresine hassas veri gönderim yapılmak istediği görülmüştür, hesap ekstreleri mail kanalı üzerinden değil BOA ekranı üzerinden gönderilmektedir.
Hesap ekstresi neden BOA ekranından gönderilemediğine dair bilgi iletebilir misiniz?
 müşteri ait bir mail olduğunu ve müşterinin talebi ile ilgili olduğunu divite eklemeniz mümkün müdür?","10","3","merhaba, gmail adresine hassas veri gönderim yapılmak istediği görülmüştür, hesap ekstreleri mail kanalı üzerinden değil BOA ekranı üzerinden gönderilmektedir.
Hesap ekstresi neden BOA ekranından gönderilemediğine dair bilgi iletebilir misiniz?
 müşteri ait bir mail olduğunu ve müşterinin talebi ile ilgili olduğunu divite eklemeniz mümkün müdür?","keskinme",NULL,NULL
1294639,"14",NULL,5768,"mail iletilmesi hakkında","Ekteki ödeme mailinin iletilmesi hususunda yardımınızı rica ederiz.","2","4",18271,"keskinme","2025-12-19 10:19:36.193","2025-12-19 10:21:57.827","2025-12-18 17:28:22.287","Merhaba, açıklamaya istinaden mailiniz serbest bırakılmıştır/karşı tarafa gönderilmiştir. Konu ile ilgili ek bir aksiyon almanıza gerek bulunmamaktadır(tekrar maili göndermeye çalışmanıza gerek bulunmamaktadır). Mailin teslim edilmesi ile ilgili karşı taraftan teyit alabilirsiniz. İyi çalışmalar.","10","3","Merhaba, açıklamaya istinaden mailiniz serbest bırakılmıştır/karşı tarafa gönderilmiştir. Konu ile ilgili ek bir aksiyon almanıza gerek bulunmamaktadır(tekrar maili göndermeye çalışmanıza gerek bulunmamaktadır). Mailin teslim edilmesi ile ilgili karşı taraftan teyit alabilirsiniz. İyi çalışmalar.","keskinme",NULL,NULL
1294557,"14",NULL,5768,"mail istisna talebi","merhaba ;
müşterimiz doğuş otodan araç alacak olup kredi onay yazısı ve imza sirküsü mail talep edilmiştir.desteklerinizi rica ederim.","2","4",18271,"keskinme","2025-12-19 09:48:04.43","2025-12-19 09:51:46.753","2025-12-18 14:56:27.53","Merhaba, açıklamaya istinaden mailiniz serbest bırakılmıştır/karşı tarafa gönderilmiştir. Konu ile ilgili ek bir aksiyon almanıza gerek bulunmamaktadır(tekrar maili göndermeye çalışmanıza gerek bulunmamaktadır). Mailin teslim edilmesi ile ilgili karşı taraftan teyit alabilirsiniz. İyi çalışmalar.","10","3","Merhaba, açıklamaya istinaden mailiniz serbest bırakılmıştır/karşı tarafa gönderilmiştir. Konu ile ilgili ek bir aksiyon almanıza gerek bulunmamaktadır(tekrar maili göndermeye çalışmanıza gerek bulunmamaktadır). Mailin teslim edilmesi ile ilgili karşı taraftan teyit alabilirsiniz. İyi çalışmalar.","keskinme",NULL,NULL
1294640,"14",NULL,5768,"Mail iletilememesi","Merhabalar,
Müşterimize sistemden BOA üzerinden mail gönderilmiştir. Fakat müşterimize bir türlü mail düşmemektedir. Bu çerçevede müşterinin boa da kayıtlı mail adresine manuel gönderilmek istenmektedir.
Desteğinizi arz/rica ederiz.","2","4",18271,"keskinme","2025-12-19 10:17:12.913","2025-12-19 10:19:12.72","2025-12-18 17:33:39.687","merhaba, gmail adresine hassas veri gönderim yapılmak istediği görülmüştür, hesap ekstreleri mail kanalı üzerinden değil BOA ekranı üzerinden gönderilmektedir.
Hesap ekstresi neden BOA ekranından gönderilemediğine dair bilgi iletebilir misiniz?
 müşteri ait bir mail olduğunu ve müşterinin talebi ile ilgili olduğunu divite eklemeniz mümkün müdür?","10","3","merhaba, gmail adresine hassas veri gönderim yapılmak istediği görülmüştür, hesap ekstreleri mail kanalı üzerinden değil BOA ekranı üzerinden gönderilmektedir.
Hesap ekstresi neden BOA ekranından gönderilemediğine dair bilgi iletebilir misiniz?
 müşteri ait bir mail olduğunu ve müşterinin talebi ile ilgili olduğunu divite eklemeniz mümkün müdür?","keskinme",NULL,NULL
1294642,"14",NULL,5768,"Şubemizden para alacak personeller sorgulanacaktır.","Şubemizden para alacak personeller sorgulanacaktır.

Şubemizde çok para birikmiş alacağız loomis yetkilileri gitmiş listesini gönderdik.

Her hafta şubemizden rutin olarak yapılan bir planlama.

Şubemize giden güvenlik firması yetkililerini parayı veren şubemizin yetkilisi bizim gönderdiğimiz listeyi açacak listeye bararak teyit edecek var ise paraları teslim edecek.","2","4",18271,"keskinme","2025-12-19 10:13:57.023","2025-12-19 10:17:00.657","2025-12-18 17:52:42.8","Merhaba, açıklamaya istinaden mailiniz serbest bırakılmıştır/karşı tarafa gönderilmiştir. Konu ile ilgili ek bir aksiyon almanıza gerek bulunmamaktadır(tekrar maili göndermeye çalışmanıza gerek bulunmamaktadır). Mailin teslim edilmesi ile ilgili karşı taraftan teyit alabilirsiniz. İyi çalışmalar.","10","3","Merhaba, açıklamaya istinaden mailiniz serbest bırakılmıştır/karşı tarafa gönderilmiştir. Konu ile ilgili ek bir aksiyon almanıza gerek bulunmamaktadır(tekrar maili göndermeye çalışmanıza gerek bulunmamaktadır). Mailin teslim edilmesi ile ilgili karşı taraftan teyit alabilirsiniz. İyi çalışmalar.","keskinme",NULL,NULL
1294722,"14",NULL,5768,"tanımlama","Fon kullandırma altında bulunan teminat listeleme ekranından teminatlarımızın mutabakatı için liste çıkartamıyorum,excel'e atıyorum yazdır dediğimde veri güvenliğine takılıyor yardımcı olurmusunuz?","2","4",18271,"keskinme","2025-12-19 10:08:58.613","2025-12-19 10:13:44.95","2025-12-19 09:17:03.877","Yapılan değişikliklerin bilgisayarlarınıza yansıması için aşağıdaki linkte yer alan ""DLP Ajanı Nasıl Güncellenir?"" başlığındaki adımları uyguladıktan sonra işlemi yeniden yapmayı deneyebilirsiniz.
https://bilge.kuveytturk.com.tr/genel/24374-dlp-forcepoint-one-endpoint#dlp-ajani-nasil-guncellenir","10","3","Yapılan değişikliklerin bilgisayarlarınıza yansıması için aşağıdaki linkte yer alan ""DLP Ajanı Nasıl Güncellenir?"" başlığındaki adımları uyguladıktan sonra işlemi yeniden yapmayı deneyebilirsiniz.
https://bilge.kuveytturk.com.tr/genel/24374-dlp-forcepoint-one-endpoint#dlp-ajani-nasil-guncellenir","keskinme",NULL,NULL
1294738,"14",NULL,5768,"pwc ye veri göndermi hk.","merhaba  

yıl sonu vergi çalışmaları kapsamında PwC ye verinin gönderilmesini talep ederim.","2","4",18271,"keskinme","2025-12-19 10:07:15.303","2025-12-19 10:08:46.873","2025-12-19 09:37:39.247","merhaba, mailiniz serbest bırakılmış görünüyor, burada başka bir gönderim talebiniz mi söz konusudur?","10","3","merhaba, mailiniz serbest bırakılmış görünüyor, burada başka bir gönderim talebiniz mi söz konusudur?","keskinme",NULL,NULL
1294581,"14",NULL,5768,"mail gönderimi hk","merhaba,

müşterimize api ile alakalı mail ilettik. ancak veri güv takıldı . acil çözümünü rica ederiz. mail ve detayları ekteki gibidir. ya mailin serbest bıraklması yada ekteki maili n gönderilmeisni rica ederiz.","2","4",18271,"keskinme","2025-12-19 10:03:47.547","2025-12-19 10:06:57.413","2025-12-18 15:43:11.307","merhaba doküman içinde parola geçtiği görülmektedir, açık parola bilgisi bulunmakta mıdır? Bulunuyor ise iş kapsamını detaylandırabilir misiniz?","10","3","merhaba doküman içinde parola geçtiği görülmektedir, açık parola bilgisi bulunmakta mıdır? Bulunuyor ise iş kapsamını detaylandırabilir misiniz?","keskinme",NULL,NULL
1294579,"14",NULL,5768,"mail gönderimi","ektkei mailin müşterimize ulaştırılması hususunda yardımcı olabilir misiniz?","2","4",18271,"keskinme","2025-12-19 10:00:00.68","2025-12-19 10:57:55.457","2025-12-18 15:34:28.423","Merhaba, açıklamaya istinaden mailiniz serbest bırakılmıştır/karşı tarafa gönderilmiştir. Konu ile ilgili ek bir aksiyon almanıza gerek bulunmamaktadır(tekrar maili göndermeye çalışmanıza gerek bulunmamaktadır). Mailin teslim edilmesi ile ilgili karşı taraftan teyit alabilirsiniz. İyi çalışmalar.","10","3","Merhaba, açıklamaya istinaden mailiniz serbest bırakılmıştır/karşı tarafa gönderilmiştir. Konu ile ilgili ek bir aksiyon almanıza gerek bulunmamaktadır(tekrar maili göndermeye çalışmanıza gerek bulunmamaktadır). Mailin teslim edilmesi ile ilgili karşı taraftan teyit alabilirsiniz. İyi çalışmalar.","keskinme",NULL,NULL
1294576,"14",NULL,5768,"istisna talebi","ekli maili müşterimize göndermek için istisna talep ederiz.","2","4",18271,"keskinme","2025-12-19 09:53:47.693","2025-12-19 10:56:52.347","2025-12-18 15:27:44.097","Merhaba, açıklamaya istinaden mailiniz serbest bırakılmıştır/karşı tarafa gönderilmiştir. Konu ile ilgili ek bir aksiyon almanıza gerek bulunmamaktadır(tekrar maili göndermeye çalışmanıza gerek bulunmamaktadır). Mailin teslim edilmesi ile ilgili karşı taraftan teyit alabilirsiniz. İyi çalışmalar.","10","3","Merhaba, açıklamaya istinaden mailiniz serbest bırakılmıştır/karşı tarafa gönderilmiştir. Konu ile ilgili ek bir aksiyon almanıza gerek bulunmamaktadır(tekrar maili göndermeye çalışmanıza gerek bulunmamaktadır). Mailin teslim edilmesi ile ilgili karşı taraftan teyit alabilirsiniz. İyi çalışmalar.","keskinme",NULL,NULL
1294570,"14",NULL,5768,"Mail Gönderimi","Ekteki mailin tekrar gönderilmesini talep ederiz. İyi çalışmalar.","2","4",18271,"keskinme","2025-12-19 09:52:00.03","2025-12-19 09:53:35.457","2025-12-18 15:16:09.14","merhaba, gmail  adresine hassas veri gönderim yapılmak istediği görülmüştür, ilgili hassas veri gönderiminin BOA üzerinden gönderilmesi veya maskeli gönderilmesinin sağlamaması hakkında bilgi verebilir misiniz?
Bu şekilde gönderilemiyorsa müşteri talebine ait bir mail olduğunu ve müşterinin BOA üzerindeki kayıtlı mailinin ekran görüntüsünü divite eklemeniz mümkün müdür?","10","3","merhaba, gmail  adresine hassas veri gönderim yapılmak istediği görülmüştür, ilgili hassas veri gönderiminin BOA üzerinden gönderilmesi veya maskeli gönderilmesinin sağlamaması hakkında bilgi verebilir misiniz?
Bu şekilde gönderilemiyorsa müşteri talebine ait bir mail olduğunu ve müşterinin BOA üzerindeki kayıtlı mailinin ekran görüntüsünü divite eklemeniz mümkün müdür?","keskinme",NULL,NULL
1294556,"14",NULL,5768,"Mail istisna hk.","Merhaba,
Divitteki mail satıcıya ulaşmamıştır. Yardımcı olabilir misiniz?
Teşekkür ederim.","2","4",18271,"keskinme","2025-12-19 09:44:21.56","2025-12-19 09:47:53.17","2025-12-18 14:55:51.103","Merhaba, açıklamaya istinaden mailiniz serbest bırakılmıştır/karşı tarafa gönderilmiştir. Konu ile ilgili ek bir aksiyon almanıza gerek bulunmamaktadır(tekrar maili göndermeye çalışmanıza gerek bulunmamaktadır). Mailin teslim edilmesi ile ilgili karşı taraftan teyit alabilirsiniz. İyi çalışmalar.","10","3","Merhaba, açıklamaya istinaden mailiniz serbest bırakılmıştır/karşı tarafa gönderilmiştir. Konu ile ilgili ek bir aksiyon almanıza gerek bulunmamaktadır(tekrar maili göndermeye çalışmanıza gerek bulunmamaktadır). Mailin teslim edilmesi ile ilgili karşı taraftan teyit alabilirsiniz. İyi çalışmalar.","keskinme",NULL,NULL
1294518,"14",NULL,5768,"excel den cıktı alamama","merhaba ,

mutabakat yapacagım fakat temınet lıstelemeden cıkarmıs oldugum excel çıktısı alamamaktayım .yetkı tanımlaması için desteklerınızı rica ederim.","2","4",18271,"keskinme","2025-12-19 09:18:23.3","2025-12-19 09:44:04.173","2025-12-18 13:43:55.353","Yapılan değişikliklerin bilgisayarlarınıza yansıması için aşağıdaki linkte yer alan ""DLP Ajanı Nasıl Güncellenir?"" başlığındaki adımları uyguladıktan sonra işlemi yeniden yapmayı deneyebilirsiniz.
https://bilge.kuveytturk.com.tr/genel/24374-dlp-forcepoint-one-endpoint#dlp-ajani-nasil-guncellenir","10","3","Yapılan değişikliklerin bilgisayarlarınıza yansıması için aşağıdaki linkte yer alan ""DLP Ajanı Nasıl Güncellenir?"" başlığındaki adımları uyguladıktan sonra işlemi yeniden yapmayı deneyebilirsiniz.
https://bilge.kuveytturk.com.tr/genel/24374-dlp-forcepoint-one-endpoint#dlp-ajani-nasil-guncellenir","keskinme",NULL,NULL
1294551,"14",NULL,5768,"tares sistemi yükelme","merhaba,
tares sistemine sözlşeme yüklenirken hata alıyorum ilgil ekran için yetki erişimi önemle ric aolunur 
https://www.tares.org.tr/tasinirRehin/basvuru/yeniSozlesme.xhtml","2","4",18271,"keskinme","2025-12-18 15:12:53.933","2025-12-18 15:14:49.207","2025-12-18 14:50:10.94","Yapılan değişikliklerin bilgisayarlarınıza yansıması için aşağıdaki linkte yer alan ""DLP Ajanı Nasıl Güncellenir?"" başlığındaki adımları uyguladıktan sonra işlemi yeniden yapmayı deneyebilirsiniz.
https://bilge.kuveytturk.com.tr/genel/24374-dlp-forcepoint-one-endpoint#dlp-ajani-nasil-guncellenir","10","3","Yapılan değişikliklerin bilgisayarlarınıza yansıması için aşağıdaki linkte yer alan ""DLP Ajanı Nasıl Güncellenir?"" başlığındaki adımları uyguladıktan sonra işlemi yeniden yapmayı deneyebilirsiniz.
https://bilge.kuveytturk.com.tr/genel/24374-dlp-forcepoint-one-endpoint#dlp-ajani-nasil-guncellenir","keskinme",NULL,NULL
1294523,"14",NULL,5768,"Veri Koruma Sistemi İstisna Tanımlaması","RFI156350  başlıklı mailimiz Veri Koruma Sistemi'ne takılmıştır. Söz konusu dosya uyum kapsamında mubair bankamızın talep ettiği bilgileri içermektedir.  

Mailin Veri Koruma Sistemi İstisna Tanımlaması yapılarak gönderiminin sağlanması konusunda desteklerinizi rica ederiz.","2","4",18271,"keskinme","2025-12-18 15:11:27.417","2025-12-18 15:12:30.733","2025-12-18 13:51:23.797","Merhaba, açıklamaya istinaden mailiniz serbest bırakılmıştır/karşı tarafa gönderilmiştir. Konu ile ilgili ek bir aksiyon almanıza gerek bulunmamaktadır(tekrar maili göndermeye çalışmanıza gerek bulunmamaktadır). Mailin teslim edilmesi ile ilgili karşı taraftan teyit alabilirsiniz. İyi çalışmalar.","10","3","Merhaba, açıklamaya istinaden mailiniz serbest bırakılmıştır/karşı tarafa gönderilmiştir. Konu ile ilgili ek bir aksiyon almanıza gerek bulunmamaktadır(tekrar maili göndermeye çalışmanıza gerek bulunmamaktadır). Mailin teslim edilmesi ile ilgili karşı taraftan teyit alabilirsiniz. İyi çalışmalar.","keskinme",NULL,NULL
1294490,"14",NULL,5768,"Çok hassas verileri 2025-12-18 12:05:02 tarihinde CREDITECHT adresine Çok hassas verileri 2025-12-18 12:05:02 tarihinde CREDITECHT adresine göndermek istediniz.","Merhaba , bu ay içerisinde başlatılan ve müşterilerimizin finansal raporlarının girildiği CREDITECHT ekranından mizan yüklemeye çalışıyruz ancak veri güvenliğinden dolayı izin vermemektedir.

Mizanda Ibanlar ve hassas güvenliğe konu teşkil edecek herşey gizlenmiş veya silinmiştir. 
Kurumsal Mali Tahlil Kübra Hanım'da sürece dahil olmuş ilgili mizanı o da incelemiştir. Ancak yine bu durumu aşamadık .
Konu hakkında yardımlarınızı arz ediyoruz . Ben mizanın ilk halini ve son halini de divite ekliyorum .","2","4",18271,"keskinme","2025-12-18 15:06:01.293","2025-12-18 15:11:18.37","2025-12-18 12:13:50.26","merhaba, 43 adet TCKN verisi açık şekilde görünüyor incelemeniz mümkün müdür?","10","3","merhaba, 43 adet TCKN verisi açık şekilde görünüyor incelemeniz mümkün müdür?","keskinme",NULL,NULL
1293195,"14",NULL,5768,"İstisna tanımlama hk.","Merhabalar kolay gelsin 

görüntüdeki gönderdiğim maili müşterimizin sistemde kayıtlı e posta adresine göndermek istiyorum. İstisna tanımı hususunda desteklerinizi talep ediyorum.","2","4",18271,"keskinme","2025-12-18 14:27:32.57","2025-12-18 14:28:31.573","2025-12-15 11:06:17.633","Merhaba, açıklamaya istinaden mailiniz serbest bırakılmıştır/karşı tarafa gönderilmiştir. Konu ile ilgili ek bir aksiyon almanıza gerek bulunmamaktadır(tekrar maili göndermeye çalışmanıza gerek bulunmamaktadır). Mailin teslim edilmesi ile ilgili karşı taraftan teyit alabilirsiniz. İyi çalışmalar.","10","3","Merhaba, açıklamaya istinaden mailiniz serbest bırakılmıştır/karşı tarafa gönderilmiştir. Konu ile ilgili ek bir aksiyon almanıza gerek bulunmamaktadır(tekrar maili göndermeye çalışmanıza gerek bulunmamaktadır). Mailin teslim edilmesi ile ilgili karşı taraftan teyit alabilirsiniz. İyi çalışmalar.","keskinme",NULL,NULL
1294530,"14",NULL,5768,"avukatlara mail gönderimi","avukatlara mail gönderimi","2","4",18271,"keskinme","2025-12-18 14:26:33.513","2025-12-18 14:27:20.957","2025-12-18 14:05:48.67","Merhaba, açıklamaya istinaden mailiniz serbest bırakılmıştır/karşı tarafa gönderilmiştir. Konu ile ilgili ek bir aksiyon almanıza gerek bulunmamaktadır(tekrar maili göndermeye çalışmanıza gerek bulunmamaktadır). Mailin teslim edilmesi ile ilgili karşı taraftan teyit alabilirsiniz. İyi çalışmalar.","10","3","Merhaba, açıklamaya istinaden mailiniz serbest bırakılmıştır/karşı tarafa gönderilmiştir. Konu ile ilgili ek bir aksiyon almanıza gerek bulunmamaktadır(tekrar maili göndermeye çalışmanıza gerek bulunmamaktadır). Mailin teslim edilmesi ile ilgili karşı taraftan teyit alabilirsiniz. İyi çalışmalar.","keskinme",NULL,NULL
1294500,"14",NULL,5768,"Integration Servisi Güvenlik Açığı Hakkında Veri Talebi","Integration uygulamalarında tespit edilen güvenlik açıkları hakkında Ökkeş Bey'in talebi üzerinde rapor hazırlanması gerekmektedir. Bunun için canlı ortamda ekte bulunan scriptteki verilere ihtiyacımız bulunmaktadır.

Konunun detayları mail üzerinden de iletilmiş ve Resul Sezgin Albayrak Bey'in onayı alınmıştır. Mercek üzerinden de uygunluk verip talebi veri tabanı ekibine akarabilir misiniz?","2","4",18272,"keskinme","2025-12-18 14:23:15.02","2025-12-18 14:24:30.8","2025-12-18 12:28:10.803","merhaba, erişim talep ettiğiniz veritabanı+şema+nesne için rol bilgi eklenerek BOA Veri Erişim talebi ekranından talep oluşturabilirsiniz. Talebiniz bu akış üzerinden karşılanacaktır.","10","3","merhaba, erişim talep ettiğiniz veritabanı+şema+nesne için rol bilgi eklenerek BOA Veri Erişim talebi ekranından talep oluşturabilirsiniz. Talebiniz bu akış üzerinden karşılanacaktır.","keskinme",NULL,NULL
1294367,"14",NULL,5768,"mutabakatlar için","Merhaba yıllık mutabakatlar için sistemden veri çekiyorum ama güvenlik uyarısı alıyorum  yetki rica ediyorum","2","4",18271,"keskinme","2025-12-18 10:40:50.627","2025-12-18 10:43:14.617","2025-12-18 09:19:06.177","Yapılan değişikliklerin bilgisayarlarınıza yansıması için aşağıdaki linkte yer alan ""DLP Ajanı Nasıl Güncellenir?"" başlığındaki adımları uyguladıktan sonra işlemi yeniden yapmayı deneyebilirsiniz.
https://bilge.kuveytturk.com.tr/genel/24374-dlp-forcepoint-one-endpoint#dlp-ajani-nasil-guncellenir","10","3","Yapılan değişikliklerin bilgisayarlarınıza yansıması için aşağıdaki linkte yer alan ""DLP Ajanı Nasıl Güncellenir?"" başlığındaki adımları uyguladıktan sonra işlemi yeniden yapmayı deneyebilirsiniz.
https://bilge.kuveytturk.com.tr/genel/24374-dlp-forcepoint-one-endpoint#dlp-ajani-nasil-guncellenir","keskinme",NULL,NULL
1294479,"14",NULL,5768,"avukatlara mail gönderimi","MErhaba 
Bankamız anlaşmalı avukatlarına mail göndermek istiyoruz. Maili göönderimine ivedi uygunluk talep ediyoruz

Finans ve müşteri verilerini maskeleme yöntemi kullanılmadan 2025-12-18 11:51:54 tarihinde feyzullah.bicakcilar@mutlu.av.tr, erdem@mineerdem.com, bilgi@mineerdem.com, icratakip@mutlu.av.tr adresine göndermek istediniz. Bilgi güvenliği politikaları gereğince bu işlem engellenmiştir. Bu verileri akıştan çıkararak veya aşağıda belirtilen maskeleme yöntemini akışta bulunan veriler için uygulayarak veri gönderimi yapabilirsiniz.
• IBAN verisi için ilk ve son 4 rakam hariç olmak üzere TR11XXXXXXXXXXXXXXXXXX1111) diğer rakamları maskeleyiniz.
• TCKN verisi için ilk ve son 2 rakam hariç olmak üzere (11XXXXXXX11) diğer rakamları maskeleyiniz.
• Kart verisi için ise ilk 6 ve son 4 rakam hariç olmak üzere (1111 11XX XXXX 1111) diğer rakamları maskeleyiniz.
Bu verileri maskelemeden iş kapsamı ihtiyacından dolayı gönderilmesi gerekliyse BT Mercek Talep – Çağrı Oluştur ekranından “Yetki ve Erişim Talepleri > Veri Koruma Sistemi İstisna Tanımlama” kategorisinden çağrı oluşturabilirsiniz.

Kuveyt Türk Veri Güvenliği Ekibi","2","4",18271,"keskinme","2025-12-18 12:20:19.017","2025-12-18 12:21:13.91","2025-12-18 11:53:12.513","Merhaba, açıklamaya istinaden mailiniz serbest bırakılmıştır/karşı tarafa gönderilmiştir. Konu ile ilgili ek bir aksiyon almanıza gerek bulunmamaktadır(tekrar maili göndermeye çalışmanıza gerek bulunmamaktadır). Mailin teslim edilmesi ile ilgili karşı taraftan teyit alabilirsiniz. İyi çalışmalar.","10","3","Merhaba, açıklamaya istinaden mailiniz serbest bırakılmıştır/karşı tarafa gönderilmiştir. Konu ile ilgili ek bir aksiyon almanıza gerek bulunmamaktadır(tekrar maili göndermeye çalışmanıza gerek bulunmamaktadır). Mailin teslim edilmesi ile ilgili karşı taraftan teyit alabilirsiniz. İyi çalışmalar.","keskinme",NULL,NULL
1294477,"14",NULL,5768,"DLP Engeli","Merhaba,

Tradesoft Entegrasyonu projemiz kapsamında çalıştığımız ATP firmasına ilettiğim maillerde hata alıyorum. Özellikle ekte json vb. dosyalar varsa bu yaşanıyor. Burada istisna tanımlamamız mümkün müdür?","2","4",18271,"keskinme","2025-12-18 12:18:15.35","2025-12-18 12:20:06.393","2025-12-18 11:48:52.71","merhaba, son 7 güne ait hassas veri uyarınız görümemektedir, hassas veri ile ilgili mail olarak bildirim alıyor muydunuz?","10","3","merhaba, son 7 güne ait hassas veri uyarınız görümemektedir, hassas veri ile ilgili mail olarak bildirim alıyor muydunuz?","keskinme",NULL,NULL
1294448,"14",NULL,5768,"98646968 hakan tenekeci ekstre izin talebi hak.","Müşterimizin vize başvurusu için kaşe imzalı ekstreli talebi mevcuttur. İstisna tanımı hususunda bilgilerinizi arz ederiz.

98646968","2","4",18271,"keskinme","2025-12-18 12:14:29.743","2025-12-19 10:55:50.823","2025-12-18 11:09:50.207","Yapılan değişikliklerin bilgisayarlarınıza yansıması için aşağıdaki linkte yer alan ""DLP Ajanı Nasıl Güncellenir?"" başlığındaki adımları uyguladıktan sonra işlemi yeniden yapmayı deneyebilirsiniz.
https://bilge.kuveytturk.com.tr/genel/24374-dlp-forcepoint-one-endpoint#dlp-ajani-nasil-guncellenir","10","3","Yapılan değişikliklerin bilgisayarlarınıza yansıması için aşağıdaki linkte yer alan ""DLP Ajanı Nasıl Güncellenir?"" başlığındaki adımları uyguladıktan sonra işlemi yeniden yapmayı deneyebilirsiniz.
https://bilge.kuveytturk.com.tr/genel/24374-dlp-forcepoint-one-endpoint#dlp-ajani-nasil-guncellenir","keskinme",NULL,NULL
1294434,"14",NULL,5768,"fatura gönderimi hk.","emin.ceylan@hikmetgida.com.tr, secil.guler@kaanlar.com.tr adresine kaanlar firmasından gelen faturalardan hata aldıklarımızı geri göndereceğim desteklerinizi rica ederiz.","2","4",18271,"keskinme","2025-12-18 12:12:48.64","2025-12-18 12:14:21.57","2025-12-18 10:53:42.46","Merhaba, açıklamaya istinaden mailiniz serbest bırakılmıştır/karşı tarafa gönderilmiştir. Konu ile ilgili ek bir aksiyon almanıza gerek bulunmamaktadır(tekrar maili göndermeye çalışmanıza gerek bulunmamaktadır). Mailin teslim edilmesi ile ilgili karşı taraftan teyit alabilirsiniz. İyi çalışmalar.","10","3","Merhaba, açıklamaya istinaden mailiniz serbest bırakılmıştır/karşı tarafa gönderilmiştir. Konu ile ilgili ek bir aksiyon almanıza gerek bulunmamaktadır(tekrar maili göndermeye çalışmanıza gerek bulunmamaktadır). Mailin teslim edilmesi ile ilgili karşı taraftan teyit alabilirsiniz. İyi çalışmalar.","keskinme",NULL,NULL
1294353,"14",NULL,5768,"TCKN","Turkcell e mail g önderiyorum. veri güvenliğine takılıyor ivedi açmanızı rica ederim. GSM Hat kullanıcı bilgilerini göndermek zorundayız
kaan.gok@turkcell.com.tr","2","4",18271,"keskinme","2025-12-18 12:10:18.33","2025-12-18 12:12:37.9","2025-12-18 09:02:49.703","Merhaba, açıklamaya istinaden mailiniz serbest bırakılmıştır/karşı tarafa gönderilmiştir. Konu ile ilgili ek bir aksiyon almanıza gerek bulunmamaktadır(tekrar maili göndermeye çalışmanıza gerek bulunmamaktadır). Mailin teslim edilmesi ile ilgili karşı taraftan teyit alabilirsiniz. İyi çalışmalar.","10","3","Merhaba, açıklamaya istinaden mailiniz serbest bırakılmıştır/karşı tarafa gönderilmiştir. Konu ile ilgili ek bir aksiyon almanıza gerek bulunmamaktadır(tekrar maili göndermeye çalışmanıza gerek bulunmamaktadır). Mailin teslim edilmesi ile ilgili karşı taraftan teyit alabilirsiniz. İyi çalışmalar.","keskinme",NULL,NULL
1294428,"14",NULL,5768,"araç kredisi satıcı taahhüt yazısı hk","Merhaba,

91963438 müşterimizin araç kredisi için satıcı tarafından istenen tahhütname gönderilecektir. Acil desteklerinizi rica ederiz.","2","4",18271,"keskinme","2025-12-18 11:51:31.883","2025-12-18 11:54:59.143","2025-12-18 10:49:19.54","Merhaba, açıklamaya istinaden mailiniz serbest bırakılmıştır/karşı tarafa gönderilmiştir. Konu ile ilgili ek bir aksiyon almanıza gerek bulunmamaktadır(tekrar maili göndermeye çalışmanıza gerek bulunmamaktadır). Mailin teslim edilmesi ile ilgili karşı taraftan teyit alabilirsiniz. İyi çalışmalar.","10","3","Merhaba, açıklamaya istinaden mailiniz serbest bırakılmıştır/karşı tarafa gönderilmiştir. Konu ile ilgili ek bir aksiyon almanıza gerek bulunmamaktadır(tekrar maili göndermeye çalışmanıza gerek bulunmamaktadır). Mailin teslim edilmesi ile ilgili karşı taraftan teyit alabilirsiniz. İyi çalışmalar.","keskinme",NULL,NULL
1292740,"14",NULL,5768,"maaş listesi hk.","merhaba,
Müşteriden hatalı olarak gelen maaş exceli düzenlenmiş olup, aynı müşteriye tekrar geri iletmek istediğimizde hata almaktayız. İstisna tanımlaması noktasında desteğinizi rica ederiz.","2","4",18271,"scakici","2025-12-18 11:25:40.39","2025-12-18 11:38:58.597","2025-12-12 14:01:37.237","Mailiniz serbest bırakılmıştır. Tekrar göndermenize gerek yoktur.","10","3","Mailiniz serbest bırakılmıştır. Tekrar göndermenize gerek yoktur.","scakici",NULL,NULL
1294384,"14",NULL,5768,"araç garanti yazısı gönderimi","Merhaba, Müşterimiz için onaylanan araç kredisine ait garanti yazısının ilgili araç bayiisine ait mail adresine gönderilmesi gerekmektedir. Mail gönderimi bugün saat 09:26 da tarafımca yapılmış ve veri hassasiyetine takılmıştır. Konu hakkında acil desteğinizi rica ederiz.","2","4",18271,"keskinme","2025-12-18 10:43:23.853","2025-12-18 10:44:31.587","2025-12-18 09:25:10.027","Merhaba, açıklamaya istinaden mailiniz serbest bırakılmıştır/karşı tarafa gönderilmiştir. Konu ile ilgili ek bir aksiyon almanıza gerek bulunmamaktadır(tekrar maili göndermeye çalışmanıza gerek bulunmamaktadır). Mailin teslim edilmesi ile ilgili karşı taraftan teyit alabilirsiniz. İyi çalışmalar.","10","3","Merhaba, açıklamaya istinaden mailiniz serbest bırakılmıştır/karşı tarafa gönderilmiştir. Konu ile ilgili ek bir aksiyon almanıza gerek bulunmamaktadır(tekrar maili göndermeye çalışmanıza gerek bulunmamaktadır). Mailin teslim edilmesi ile ilgili karşı taraftan teyit alabilirsiniz. İyi çalışmalar.","keskinme",NULL,NULL
1294349,"14",NULL,5768,"Üreticiye Mail Gönderimi Hk.","Merhaba,

Dün Aruba TAC ile yaptığımız çalışma sonrası aldığımız log dosyasını Üreticiye mail olarak gönderemedik. Aşağıdaki mail adresi/adresleri için gerekli izinlerin verilmesi noktasında desteklerinizi rica ediyoruz.

aravazhi.senthilkumar@hpe.com
deepak.elumalai@hpe.com 
gsd_csc_case_mngmt@hpe.com 

teşekkürler, iyi çalışmalar.","2","4",18271,"keskinme","2025-12-18 10:38:13.233","2025-12-18 10:39:13.81","2025-12-18 08:58:24.437","Merhaba, açıklamaya istinaden mailiniz serbest bırakılmıştır/karşı tarafa gönderilmiştir. Konu ile ilgili ek bir aksiyon almanıza gerek bulunmamaktadır(tekrar maili göndermeye çalışmanıza gerek bulunmamaktadır). Mailin teslim edilmesi ile ilgili karşı taraftan teyit alabilirsiniz. İyi çalışmalar.","10","3","Merhaba, açıklamaya istinaden mailiniz serbest bırakılmıştır/karşı tarafa gönderilmiştir. Konu ile ilgili ek bir aksiyon almanıza gerek bulunmamaktadır(tekrar maili göndermeye çalışmanıza gerek bulunmamaktadır). Mailin teslim edilmesi ile ilgili karşı taraftan teyit alabilirsiniz. İyi çalışmalar.","keskinme",NULL,NULL
1294326,"14",NULL,5768,"mail göndderimi","Merhba,
'yusuf.celebi@iscihukuk.com mail adresine gönderim zyapamıyorum.Yardımlarınız rşca olunur.","2","4",18271,"keskinme","2025-12-18 10:37:08.363","2025-12-18 14:26:18.05","2025-12-18 08:08:02.717","Merhaba, açıklamaya istinaden mailiniz serbest bırakılmıştır/karşı tarafa gönderilmiştir. Konu ile ilgili ek bir aksiyon almanıza gerek bulunmamaktadır(tekrar maili göndermeye çalışmanıza gerek bulunmamaktadır). Mailin teslim edilmesi ile ilgili karşı taraftan teyit alabilirsiniz. İyi çalışmalar.","10","3","Merhaba, açıklamaya istinaden mailiniz serbest bırakılmıştır/karşı tarafa gönderilmiştir. Konu ile ilgili ek bir aksiyon almanıza gerek bulunmamaktadır(tekrar maili göndermeye çalışmanıza gerek bulunmamaktadır). Mailin teslim edilmesi ile ilgili karşı taraftan teyit alabilirsiniz. İyi çalışmalar.","keskinme",NULL,NULL
1294273,"14",NULL,5768,"Güvenlik gerekçesiyle gönderilemeyen mail hk.","Ekteki 2 adet mail, müşteri verisi içerdiği gerekçesiyle gönderilemedi. Gönderilmesi konusunda acil yardımlarınız rica olunur.","2","4",18271,"keskinme","2025-12-18 10:23:20.197","2025-12-18 10:27:33.337","2025-12-17 16:53:42.263","Merhaba, açıklamaya istinaden mailiniz serbest bırakılmıştır/karşı tarafa gönderilmiştir. Konu ile ilgili ek bir aksiyon almanıza gerek bulunmamaktadır(tekrar maili göndermeye çalışmanıza gerek bulunmamaktadır). Mailin teslim edilmesi ile ilgili karşı taraftan teyit alabilirsiniz. İyi çalışmalar.","10","3","Merhaba, açıklamaya istinaden mailiniz serbest bırakılmıştır/karşı tarafa gönderilmiştir. Konu ile ilgili ek bir aksiyon almanıza gerek bulunmamaktadır(tekrar maili göndermeye çalışmanıza gerek bulunmamaktadır). Mailin teslim edilmesi ile ilgili karşı taraftan teyit alabilirsiniz. İyi çalışmalar.","keskinme",NULL,NULL
1294269,"14",NULL,5768,"hesap no paylaşımı hk.","8335558 - İSTANBUL SABAHATTİN ZAİM ÜNİVERSİTESİ ile maaş ve promosyon anlaşması yapılmış olup, üniversite tarafından ödeme listeleri vs hazırlanması için çalışanların hesap no bilgisi talep edilmektedir. 
hesap listesi divite eklenmiş olup , ilgili mailin veri koruma sistemine takılmadan gönderilebilmesi için istisna tanımlanması husususunda yardımlarınızı talep ederiz.","2","4",18271,"keskinme","2025-12-18 10:22:13.837","2025-12-18 10:23:03.143","2025-12-17 16:50:12.66","Merhaba, açıklamaya istinaden mailiniz serbest bırakılmıştır/karşı tarafa gönderilmiştir. Konu ile ilgili ek bir aksiyon almanıza gerek bulunmamaktadır(tekrar maili göndermeye çalışmanıza gerek bulunmamaktadır). Mailin teslim edilmesi ile ilgili karşı taraftan teyit alabilirsiniz. İyi çalışmalar.","10","3","Merhaba, açıklamaya istinaden mailiniz serbest bırakılmıştır/karşı tarafa gönderilmiştir. Konu ile ilgili ek bir aksiyon almanıza gerek bulunmamaktadır(tekrar maili göndermeye çalışmanıza gerek bulunmamaktadır). Mailin teslim edilmesi ile ilgili karşı taraftan teyit alabilirsiniz. İyi çalışmalar.","keskinme",NULL,NULL
1294200,"14",NULL,5768,"ekteki mail için istisna tanımlanmasını rica ederim","ekteki mail için istisna tanımlanmasını rica ederim","2","4",18271,"keskinme","2025-12-18 10:20:51.93","2025-12-18 10:22:03.607","2025-12-17 14:54:03.537","Merhaba, açıklamaya istinaden mailiniz serbest bırakılmıştır/karşı tarafa gönderilmiştir. Konu ile ilgili ek bir aksiyon almanıza gerek bulunmamaktadır(tekrar maili göndermeye çalışmanıza gerek bulunmamaktadır). Mailin teslim edilmesi ile ilgili karşı taraftan teyit alabilirsiniz. İyi çalışmalar.","10","3","Merhaba, açıklamaya istinaden mailiniz serbest bırakılmıştır/karşı tarafa gönderilmiştir. Konu ile ilgili ek bir aksiyon almanıza gerek bulunmamaktadır(tekrar maili göndermeye çalışmanıza gerek bulunmamaktadır). Mailin teslim edilmesi ile ilgili karşı taraftan teyit alabilirsiniz. İyi çalışmalar.","keskinme",NULL,NULL
1294122,"14",NULL,5768,"Veri Koruma hak.","Merhaba
pisik@dogusoto.com adresine gönderilen belge kredi onay yazısıdır.Serbest bırakılması konusunda yardımlarınızı talep ederim.","2","4",18271,"keskinme","2025-12-18 10:06:04.413","2025-12-18 10:16:21.697","2025-12-17 14:18:06.987","Merhaba, açıklamaya istinaden mailiniz serbest bırakılmıştır/karşı tarafa gönderilmiştir. Konu ile ilgili ek bir aksiyon almanıza gerek bulunmamaktadır(tekrar maili göndermeye çalışmanıza gerek bulunmamaktadır). Mailin teslim edilmesi ile ilgili karşı taraftan teyit alabilirsiniz. İyi çalışmalar.","10","3","Merhaba, açıklamaya istinaden mailiniz serbest bırakılmıştır/karşı tarafa gönderilmiştir. Konu ile ilgili ek bir aksiyon almanıza gerek bulunmamaktadır(tekrar maili göndermeye çalışmanıza gerek bulunmamaktadır). Mailin teslim edilmesi ile ilgili karşı taraftan teyit alabilirsiniz. İyi çalışmalar.","keskinme",NULL,NULL
1294120,"14",NULL,5768,"mail istisnası tanımlama","merhaba ,
 nurcanozlem@teknikoto.com mail adresine kredi onay yazısı ve imza sirlülerimizi göndereceğiz istina tanımlanmasını rica ederiz.","2","4",18271,"keskinme","2025-12-18 10:04:33.98","2025-12-18 10:05:52.04","2025-12-17 14:13:02.747","merhaba, hotmail  adresine hassas veri gönderim yapılmak istediği görülmüştür, ilgili hassas veri gönderiminin BOA üzerinden gönderilmesi veya maskeli gönderilmesinin sağlamaması hakkında bilgi verebilir misiniz?
Bu şekilde gönderilemiyorsa müşteri talebine ait bir mail olduğunu ve müşterinin BOA üzerindeki kayıtlı mailinin ekran görüntüsünü divite eklemeniz mümkün müdür?","10","3","merhaba, hotmail  adresine hassas veri gönderim yapılmak istediği görülmüştür, ilgili hassas veri gönderiminin BOA üzerinden gönderilmesi veya maskeli gönderilmesinin sağlamaması hakkında bilgi verebilir misiniz?
Bu şekilde gönderilemiyorsa müşteri talebine ait bir mail olduğunu ve müşterinin BOA üzerindeki kayıtlı mailinin ekran görüntüsünü divite eklemeniz mümkün müdür?","keskinme",NULL,NULL
1294191,"14",NULL,5768,"PayTR","PayTR ödeme kuruluşu mail","2","4",18271,"keskinme","2025-12-17 16:21:19.153","2025-12-17 16:37:11.04","2025-12-17 14:45:26.837","Merhaba, açıklamaya istinaden mailiniz serbest bırakılmıştır/karşı tarafa gönderilmiştir. Konu ile ilgili ek bir aksiyon almanıza gerek bulunmamaktadır(tekrar maili göndermeye çalışmanıza gerek bulunmamaktadır). Mailin teslim edilmesi ile ilgili karşı taraftan teyit alabilirsiniz. İyi çalışmalar.","10","3","Merhaba, açıklamaya istinaden mailiniz serbest bırakılmıştır/karşı tarafa gönderilmiştir. Konu ile ilgili ek bir aksiyon almanıza gerek bulunmamaktadır(tekrar maili göndermeye çalışmanıza gerek bulunmamaktadır). Mailin teslim edilmesi ile ilgili karşı taraftan teyit alabilirsiniz. İyi çalışmalar.","keskinme",NULL,NULL
1293958,"14",NULL,5768,"hesap ekstresi yazdıramama","Şube koordinasyon gişe destek personeliyim. Windows 11 yüklü cihazlardan hesap ekstresi yazdırmaya çalıştığımda;

 '' Hesap Ekstresi Paylaşımı - Güvenlik Bilgilendirmesi''  başlığı altında  '' Kuveyt Türk müşterisine ait hesap ekstresi dosyasının 2025-11-18 16:05:37 tarihinde \\srvsube-215\MFP-OPERASYON adresine göndermek istediniz. Bilgi güvenliği politikaları gereğince bu işlem engellenmiştir. 

Hesap ekstresini akıştan çıkartarak gönderim işlemini yeniden deneyebilirsiniz.

Gönderim işleminin hesap ekstresi ile beraber iletilmesi gerekliyse BT Mercek Talep – Çağrı Oluştur ekranından “Yetki ve Erişim Talepleri > Veri Koruma Sistemi İstisna Tanımlama” kategorisinden çağrı oluşturabilirsiniz.

Kuveyt Türk Veri Güvenliği Ekibi  gibi  mailler geliyor. 
Yardımlarınızı rica ederim.","2","4",18271,"keskinme","2025-12-18 10:01:27.46","2025-12-18 10:02:21.273","2025-12-17 09:29:35.533","merhaba, çıktı olarak hassas veri paylaşımı yapılmak istediği görülmüştür, ilgili hassas veri gönderiminin BOA üzerinden gönderilmesi veya maskeli gönderilmesinin sağlamaması hakkında bilgi verebilir misiniz?
Bu şekilde gönderilemiyorsa müşteri talebine ait bir mail olduğunu ve müşterinin BOA üzerindeki kayıtlı mailinin ekran görüntüsünü divite eklemeniz mümkün müdür?","10","3","merhaba, çıktı olarak hassas veri paylaşımı yapılmak istediği görülmüştür, ilgili hassas veri gönderiminin BOA üzerinden gönderilmesi veya maskeli gönderilmesinin sağlamaması hakkında bilgi verebilir misiniz?
Bu şekilde gönderilemiyorsa müşteri talebine ait bir mail olduğunu ve müşterinin BOA üzerindeki kayıtlı mailinin ekran görüntüsünü divite eklemeniz mümkün müdür?","keskinme",NULL,NULL
1294241,"14",NULL,5768,"mail iletilmesi hk","elif.bal@katilimemeklilik.com.tr; Travel Health Insurance Claims <travel@remed.com.tr>; Sağlık İletişim ve Talep Yönetimi <KESaglikITY@katilimemeklilik.com.tr>
yukarıda bulunan mail adreslerine katılım Emeklilik sigorta şirketinden tazmin talebinde bulunmak amacıyla çeşitli evraklar göndermek istiyorum. Mail başlıkları aşağıdaki gibidir. 
Evrak Talebi // Katılım: 535969 // Dilek Gecim  // 20251275229
Evrak Talebi // Katılım: 535675 // Murat Tevfik Gecim // 20251275202
Evrak Talebi // Katılım: 535971 // Idil Gecim // 20251275215","2","4",18271,"keskinme","2025-12-17 16:23:02.783","2025-12-18 09:59:23.55","2025-12-17 16:09:28.047","Merhaba, açıklamaya istinaden mailiniz serbest bırakılmıştır/karşı tarafa gönderilmiştir. Konu ile ilgili ek bir aksiyon almanıza gerek bulunmamaktadır(tekrar maili göndermeye çalışmanıza gerek bulunmamaktadır). Mailin teslim edilmesi ile ilgili karşı taraftan teyit alabilirsiniz. İyi çalışmalar.","10","3","Merhaba, açıklamaya istinaden mailiniz serbest bırakılmıştır/karşı tarafa gönderilmiştir. Konu ile ilgili ek bir aksiyon almanıza gerek bulunmamaktadır(tekrar maili göndermeye çalışmanıza gerek bulunmamaktadır). Mailin teslim edilmesi ile ilgili karşı taraftan teyit alabilirsiniz. İyi çalışmalar.","keskinme",NULL,NULL
1294223,"14",NULL,5768,"mail istisna talebi","Fatura anlaşmalı gümrük müşavirliğimize , leasing işlem aşaması için gönderilmektedir.","2","4",18271,"keskinme","2025-12-17 16:22:54.797","2025-12-17 16:41:48.453","2025-12-17 15:41:49.183","Merhaba, açıklamaya istinaden mailiniz serbest bırakılmıştır/karşı tarafa gönderilmiştir. Konu ile ilgili ek bir aksiyon almanıza gerek bulunmamaktadır(tekrar maili göndermeye çalışmanıza gerek bulunmamaktadır). Mailin teslim edilmesi ile ilgili karşı taraftan teyit alabilirsiniz. İyi çalışmalar.","10","3","Merhaba, açıklamaya istinaden mailiniz serbest bırakılmıştır/karşı tarafa gönderilmiştir. Konu ile ilgili ek bir aksiyon almanıza gerek bulunmamaktadır(tekrar maili göndermeye çalışmanıza gerek bulunmamaktadır). Mailin teslim edilmesi ile ilgili karşı taraftan teyit alabilirsiniz. İyi çalışmalar.","keskinme",NULL,NULL
1294221,"14",NULL,5768,"Tedarikçi Firma Mail Gönderimi Hk.","Merhaba,
Tedarikçi firmamıza her hafta sevk yapmaktayız. Sevk yapılmadan önce arşiv koli barkod bilgilerini içeren excel dosyaları göndermekteyiz. Barkod bilgisi 11 haneli olması nedeniyle sistem TC no olarak algılamakta ve veri koruma nedeniyle maili engellemektedir. Bu durumu sık sık yaşıyoruz. Şuanki mailin gönderilmesi, sonraki süreçlerde ise veri koruma engeline takılmaksızın desteklerinizi rica ederiz.","2","4",18271,"keskinme","2025-12-17 16:22:46.983","2025-12-17 16:40:54.27","2025-12-17 15:37:09.09","Merhaba, açıklamaya istinaden mailiniz serbest bırakılmıştır/karşı tarafa gönderilmiştir. Konu ile ilgili ek bir aksiyon almanıza gerek bulunmamaktadır(tekrar maili göndermeye çalışmanıza gerek bulunmamaktadır). Mailin teslim edilmesi ile ilgili karşı taraftan teyit alabilirsiniz. İyi çalışmalar.","10","3","Merhaba, açıklamaya istinaden mailiniz serbest bırakılmıştır/karşı tarafa gönderilmiştir. Konu ile ilgili ek bir aksiyon almanıza gerek bulunmamaktadır(tekrar maili göndermeye çalışmanıza gerek bulunmamaktadır). Mailin teslim edilmesi ile ilgili karşı taraftan teyit alabilirsiniz. İyi çalışmalar.","keskinme",NULL,NULL
1294217,"14",NULL,5768,"pwc ye excel paylaşımı hk.","merhaba yıl sonu çalışmaları kapsamında evraklarını gönderilmesini talep ediyorum.","2","4",18271,"keskinme","2025-12-17 16:22:37.513","2025-12-17 16:40:00.773","2025-12-17 15:27:50.203","Merhaba, açıklamaya istinaden mailiniz serbest bırakılmıştır/karşı tarafa gönderilmiştir. Konu ile ilgili ek bir aksiyon almanıza gerek bulunmamaktadır(tekrar maili göndermeye çalışmanıza gerek bulunmamaktadır). Mailin teslim edilmesi ile ilgili karşı taraftan teyit alabilirsiniz. İyi çalışmalar.","10","3","Merhaba, açıklamaya istinaden mailiniz serbest bırakılmıştır/karşı tarafa gönderilmiştir. Konu ile ilgili ek bir aksiyon almanıza gerek bulunmamaktadır(tekrar maili göndermeye çalışmanıza gerek bulunmamaktadır). Mailin teslim edilmesi ile ilgili karşı taraftan teyit alabilirsiniz. İyi çalışmalar.","keskinme",NULL,NULL
1294209,"14",NULL,5768,"swift gönderimi","müşterimize gelen bedellerin swift gönderim hk.","2","4",18271,"keskinme","2025-12-17 16:22:29.023","2025-12-17 16:39:06.71","2025-12-17 15:06:42.78","Merhaba, açıklamaya istinaden mailiniz serbest bırakılmıştır/karşı tarafa gönderilmiştir. Konu ile ilgili ek bir aksiyon almanıza gerek bulunmamaktadır(tekrar maili göndermeye çalışmanıza gerek bulunmamaktadır). Mailin teslim edilmesi ile ilgili karşı taraftan teyit alabilirsiniz. İyi çalışmalar.","10","3","Merhaba, açıklamaya istinaden mailiniz serbest bırakılmıştır/karşı tarafa gönderilmiştir. Konu ile ilgili ek bir aksiyon almanıza gerek bulunmamaktadır(tekrar maili göndermeye çalışmanıza gerek bulunmamaktadır). Mailin teslim edilmesi ile ilgili karşı taraftan teyit alabilirsiniz. İyi çalışmalar.","keskinme",NULL,NULL
1294202,"14",NULL,5768,"mail gönderimi","Merhaba uyumsoft firmasına sehven fazla fatura ödemesi yaptığımız için ödemenin iadesini talep etmek için iban bilgileri içeren mail atmamız gerekiyor fakat veri koruma sistemine takılmaktadır. Konu hakkında yardımlarınızı rica ederim.","2","4",18271,"keskinme","2025-12-17 16:21:31.367","2025-12-17 16:38:11.513","2025-12-17 14:57:16.993","Merhaba, açıklamaya istinaden mailiniz serbest bırakılmıştır/karşı tarafa gönderilmiştir. Konu ile ilgili ek bir aksiyon almanıza gerek bulunmamaktadır(tekrar maili göndermeye çalışmanıza gerek bulunmamaktadır). Mailin teslim edilmesi ile ilgili karşı taraftan teyit alabilirsiniz. İyi çalışmalar.","10","3","Merhaba, açıklamaya istinaden mailiniz serbest bırakılmıştır/karşı tarafa gönderilmiştir. Konu ile ilgili ek bir aksiyon almanıza gerek bulunmamaktadır(tekrar maili göndermeye çalışmanıza gerek bulunmamaktadır). Mailin teslim edilmesi ile ilgili karşı taraftan teyit alabilirsiniz. İyi çalışmalar.","keskinme",NULL,NULL
1294099,"14",NULL,5768,"mail gönderimi hk.","17/12/2025 tarihinde 13:46 da emre.kaplan@borusanoto.com adresine gönderilmek istenen ekteki mailin gönderilmesine izin verilmesi rica olunur.","2","4",18271,"keskinme","2025-12-17 14:29:51.33","2025-12-17 16:35:36.373","2025-12-17 13:50:27.383","Merhaba, açıklamaya istinaden mailiniz serbest bırakılmıştır/karşı tarafa gönderilmiştir. Konu ile ilgili ek bir aksiyon almanıza gerek bulunmamaktadır(tekrar maili göndermeye çalışmanıza gerek bulunmamaktadır). Mailin teslim edilmesi ile ilgili karşı taraftan teyit alabilirsiniz. İyi çalışmalar.","10","3","Merhaba, açıklamaya istinaden mailiniz serbest bırakılmıştır/karşı tarafa gönderilmiştir. Konu ile ilgili ek bir aksiyon almanıza gerek bulunmamaktadır(tekrar maili göndermeye çalışmanıza gerek bulunmamaktadır). Mailin teslim edilmesi ile ilgili karşı taraftan teyit alabilirsiniz. İyi çalışmalar.","keskinme",NULL,NULL
1294092,"14",NULL,5768,"ıban paylaşımı hk.","8335558 - İSTANBUL SABAHATTİN ZAİM ÜNİVERSİTESİ ile maaş ve promosyon anlaşması yapılmış olup, üniversite tarafından ödeme listeleri vs hazırlanması için çalışanların iban bilgisi talep edilmektedir. 
Iban listesi divite eklenmiş olup , ilgili mailin veri koruma sistemine takılmadan gönderilebilmesi için istisna tanımlanması husususunda yardımlarınızı talep ederiz.","2","4",18271,"keskinme","2025-12-17 14:29:43.313","2025-12-17 16:33:55.057","2025-12-17 13:43:28.783","Merhaba, açıklamaya izu.edu.tr için istinaden mailiniz serbest bırakılmıştır/karşı tarafa gönderilmiştir. Konu ile ilgili ek bir aksiyon almanıza gerek bulunmamaktadır(tekrar maili göndermeye çalışmanıza gerek bulunmamaktadır). Mailin teslim edilmesi ile ilgili karşı taraftan teyit alabilirsiniz. İyi çalışmalar.","10","3","Merhaba, açıklamaya izu.edu.tr için istinaden mailiniz serbest bırakılmıştır/karşı tarafa gönderilmiştir. Konu ile ilgili ek bir aksiyon almanıza gerek bulunmamaktadır(tekrar maili göndermeye çalışmanıza gerek bulunmamaktadır). Mailin teslim edilmesi ile ilgili karşı taraftan teyit alabilirsiniz. İyi çalışmalar.","keskinme",NULL,NULL
1294082,"14",NULL,5768,"Veri koruma izni","Müşterimize ait hesap ektresi masaüstüne indiirlmiş yazıcıdan yazdırılamk istenmiştir. İşlemin istisna tutulması rica olunur.","2","4",18271,"keskinme","2025-12-17 14:29:30.983","2025-12-17 16:32:09.727","2025-12-17 13:26:24.767","merhaba, çıktı olarak hassas veri gönderim yapılmak istediği görülmüştür, ilgili hassas veri gönderiminin BOA üzerinden gönderilmesi veya maskeli gönderilmesinin sağlamaması hakkında bilgi verebilir misiniz?
Bu şekilde gönderilemiyorsa müşteri talebine ait bir mail olduğunu ve müşterinin BOA üzerindeki kayıtlı mailinin ekran görüntüsünü divite eklemeniz mümkün müdür?","10","3","merhaba, çıktı olarak hassas veri gönderim yapılmak istediği görülmüştür, ilgili hassas veri gönderiminin BOA üzerinden gönderilmesi veya maskeli gönderilmesinin sağlamaması hakkında bilgi verebilir misiniz?
Bu şekilde gönderilemiyorsa müşteri talebine ait bir mail olduğunu ve müşterinin BOA üzerindeki kayıtlı mailinin ekran görüntüsünü divite eklemeniz mümkün müdür?","keskinme",NULL,NULL
1294081,"14",NULL,5768,"DLP İstisna Tanımı","Veri Güvenliği süreçlerinin kalitesini artırmak adına geliştirmek adına istisna talebi verebilir misiniz? teşekkürler.","2","4",18271,"keskinme","2025-12-17 14:03:01.393","2025-12-17 14:03:17.887","2025-12-17 13:23:42.58","Merhaba, açıklamaya istinaden mailiniz serbest bırakılmıştır/karşı tarafa gönderilmiştir. Konu ile ilgili ek bir aksiyon almanıza gerek bulunmamaktadır(tekrar maili göndermeye çalışmanıza gerek bulunmamaktadır). Mailin teslim edilmesi ile ilgili karşı taraftan teyit alabilirsiniz. İyi çalışmalar.","10","3","Merhaba, açıklamaya istinaden mailiniz serbest bırakılmıştır/karşı tarafa gönderilmiştir. Konu ile ilgili ek bir aksiyon almanıza gerek bulunmamaktadır(tekrar maili göndermeye çalışmanıza gerek bulunmamaktadır). Mailin teslim edilmesi ile ilgili karşı taraftan teyit alabilirsiniz. İyi çalışmalar.","keskinme",NULL,NULL
1294077,"14",NULL,5768,"İstisna Talebi HK.","Merhaba kolay gelsin;

Müşterimiz EFEKTİF ENDÜSTRİYEL firmasının LEASİNG işlemiyle alakalı ekte yer alan dekontları satıcı firmaya göndermemiz gerekmektedir. Gönderirken Veri Koruma Sistemine takıldığından gönderim yapamamaktayız. İstisna tanımlanması konusunda yardımlarınızı arz/rica ederim.","2","4",18271,"keskinme","2025-12-17 14:02:52.853","2025-12-17 16:31:02.127","2025-12-17 12:46:21.067","Merhaba, açıklamaya istinaden mailiniz serbest bırakılmıştır/karşı tarafa gönderilmiştir. Konu ile ilgili ek bir aksiyon almanıza gerek bulunmamaktadır(tekrar maili göndermeye çalışmanıza gerek bulunmamaktadır). Mailin teslim edilmesi ile ilgili karşı taraftan teyit alabilirsiniz. İyi çalışmalar.","10","3","Merhaba, açıklamaya istinaden mailiniz serbest bırakılmıştır/karşı tarafa gönderilmiştir. Konu ile ilgili ek bir aksiyon almanıza gerek bulunmamaktadır(tekrar maili göndermeye çalışmanıza gerek bulunmamaktadır). Mailin teslim edilmesi ile ilgili karşı taraftan teyit alabilirsiniz. İyi çalışmalar.","keskinme",NULL,NULL
1294072,"14",NULL,5768,"Maaş listesi yazdırma işleminde veri koruma uyarısının giderilmesi hkk.","Merhaba,
Ekte yer alan müşterimizin hesabından yaptığı maaş ödemelerine ait listeyi çıktı alırken veri koruma engeline takılmaktayız.
Yazdırma işleminde veri koruma kısıtının kaldırılmasını rica ederiz.","2","4",18271,"keskinme","2025-12-17 14:02:46.29","2025-12-17 16:30:02.717","2025-12-17 12:20:45.61","merhaba, ekte bir belge yer almamaktadır, ek olarak belgeyi mail olarak iletememe nedeniniz iş kapsamı hakkında bilgi iletebilir misiniz?","10","3","merhaba, ekte bir belge yer almamaktadır, ek olarak belgeyi mail olarak iletememe nedeniniz iş kapsamı hakkında bilgi iletebilir misiniz?","keskinme",NULL,NULL
1294069,"14",NULL,5768,"Mail Serbest Bırakılması Hk.","Merhabalar,

Dış denetim sürecimiz kapsamında oguzhangundogdu@brothersandpartners.com.tr mail adresine 12.19'da gönderilen mailin serbest bırakılmasını rica ederiz.

İyi çalışmalar.","2","4",18271,"keskinme","2025-12-17 14:02:38.65","2025-12-17 16:28:20.31","2025-12-17 12:22:04.187","Merhaba, açıklamaya istinaden mailiniz serbest bırakılmıştır/karşı tarafa gönderilmiştir. Konu ile ilgili ek bir aksiyon almanıza gerek bulunmamaktadır(tekrar maili göndermeye çalışmanıza gerek bulunmamaktadır). Mailin teslim edilmesi ile ilgili karşı taraftan teyit alabilirsiniz. İyi çalışmalar.","10","3","Merhaba, açıklamaya istinaden mailiniz serbest bırakılmıştır/karşı tarafa gönderilmiştir. Konu ile ilgili ek bir aksiyon almanıza gerek bulunmamaktadır(tekrar maili göndermeye çalışmanıza gerek bulunmamaktadır). Mailin teslim edilmesi ile ilgili karşı taraftan teyit alabilirsiniz. İyi çalışmalar.","keskinme",NULL,NULL
1294018,"14",NULL,5768,"LEASING PROJE MAİLİ","Merhaba,
müşterimize leasing projesinin evraklarını iletmekteyiz. Evraklar arasında gümrük ödemelerine ait dekontlar da mevcuttur. Mailin müşteriye gönderilebilmesi konusunda istisna tanımlanmasını talep ederiz.","2","4",18271,"keskinme","2025-12-17 11:53:16.407","2025-12-17 11:52:25.293","2025-12-17 10:57:05.16","Merhaba, açıklamaya istinaden mailiniz serbest bırakılmıştır/karşı tarafa gönderilmiştir. Konu ile ilgili ek bir aksiyon almanıza gerek bulunmamaktadır(tekrar maili göndermeye çalışmanıza gerek bulunmamaktadır). Mailin teslim edilmesi ile ilgili karşı taraftan teyit alabilirsiniz. İyi çalışmalar.","10","3","Merhaba, açıklamaya istinaden mailiniz serbest bırakılmıştır/karşı tarafa gönderilmiştir. Konu ile ilgili ek bir aksiyon almanıza gerek bulunmamaktadır(tekrar maili göndermeye çalışmanıza gerek bulunmamaktadır). Mailin teslim edilmesi ile ilgili karşı taraftan teyit alabilirsiniz. İyi çalışmalar.","keskinme",NULL,NULL
1293933,"14",NULL,5768,"Veri Hakkında Sınıflandırma Bilgisi Talebi","Merhaba, bir tabloyu mail göndermek isterken aşağıdaki uyarıyı aldım. Tabloda Çevik takım listeleri yer almaktadır. Hassas veri olarak false positive değerlendirilmiş olabilir mi?
Özel bir izinle bu veriyi paylaşmak değil talebim, paylaştığımız veriler hassas mı değil mi bu ayrımda net olmak istiyorum.


Çok hassas verileri 2025-12-16 14:19:26 tarihinde zeynepnur.pelit@nativebs.com adresine göndermek istediniz. 
Göndermek istediğiniz dosya Veri Koruma Sistemi tarafından çok hassas veri kategorisinde sınıflandırıldığı için engellenmiştir.","2","4",18271,"keskinme","2025-12-17 14:02:33.49","2025-12-18 10:18:34.46","2025-12-17 09:16:45.077","Merhaba, açıklamaya istinaden mailiniz serbest bırakılmıştır/karşı tarafa gönderilmiştir. Konu ile ilgili ek bir aksiyon almanıza gerek bulunmamaktadır(tekrar maili göndermeye çalışmanıza gerek bulunmamaktadır). Mailin teslim edilmesi ile ilgili karşı taraftan teyit alabilirsiniz. İyi çalışmalar.","10","3","Merhaba, açıklamaya istinaden mailiniz serbest bırakılmıştır/karşı tarafa gönderilmiştir. Konu ile ilgili ek bir aksiyon almanıza gerek bulunmamaktadır(tekrar maili göndermeye çalışmanıza gerek bulunmamaktadır). Mailin teslim edilmesi ile ilgili karşı taraftan teyit alabilirsiniz. İyi çalışmalar.","keskinme",NULL,NULL
1294057,"14",NULL,5768,"Maskelenmiş Verinin Hata Vermesi","Merhaba,

Mail ile yapılan dönüşte belirtildiği gibi 123456****1234 şeklinde kart verileri maskelenmiş olsa da divitte eklediğim hatayı almaktayım.

Bilgileri ilettiğimiz Param Kuruluşu kart verilerini bize ileten kuruluştur. Bu çerçevede mailin iletilebilmesi için destek talep ediyorum.","2","4",18271,"keskinme","2025-12-17 11:54:46.367","2025-12-17 14:43:02.64","2025-12-17 10:40:49","Merhaba, açıklamaya istinaden mailiniz serbest bırakılmıştır/karşı tarafa gönderilmiştir. Konu ile ilgili ek bir aksiyon almanıza gerek bulunmamaktadır(tekrar maili göndermeye çalışmanıza gerek bulunmamaktadır). Mailin teslim edilmesi ile ilgili karşı taraftan teyit alabilirsiniz. İyi çalışmalar.","10","3","Merhaba, açıklamaya istinaden mailiniz serbest bırakılmıştır/karşı tarafa gönderilmiştir. Konu ile ilgili ek bir aksiyon almanıza gerek bulunmamaktadır(tekrar maili göndermeye çalışmanıza gerek bulunmamaktadır). Mailin teslim edilmesi ile ilgili karşı taraftan teyit alabilirsiniz. İyi çalışmalar.","keskinme",NULL,NULL
1294048,"14",NULL,5768,"iletilemeyen mailer hk","elif.bal@katilimemeklilik.com.tr; Travel Health Insurance Claims <travel@remed.com.tr>; Sağlık İletişim ve Talep Yönetimi <KESaglikITY@katilimemeklilik.com.tr>
yukarıda bulunan mail adreslerine 4 adet sigorta tazmin evrağı gönderme talebim mevcuttur. Yardımlarınızı rica ediyorum","2","4",18271,"keskinme","2025-12-17 11:54:24.033","2025-12-18 09:59:01.437","2025-12-17 11:37:30.56","Merhaba, açıklamaya istinaden mailiniz serbest bırakılmıştır/karşı tarafa gönderilmiştir. Konu ile ilgili ek bir aksiyon almanıza gerek bulunmamaktadır(tekrar maili göndermeye çalışmanıza gerek bulunmamaktadır). Mailin teslim edilmesi ile ilgili karşı taraftan teyit alabilirsiniz. İyi çalışmalar.","10","3","Merhaba, açıklamaya istinaden mailiniz serbest bırakılmıştır/karşı tarafa gönderilmiştir. Konu ile ilgili ek bir aksiyon almanıza gerek bulunmamaktadır(tekrar maili göndermeye çalışmanıza gerek bulunmamaktadır). Mailin teslim edilmesi ile ilgili karşı taraftan teyit alabilirsiniz. İyi çalışmalar.","keskinme",NULL,NULL
1294033,"14",NULL,5768,"pwc ye gönderilecek veri","yılsonu vergi çalışma kapsamında ekte iletilen verini vergi danışmanımıza gönderilmesini talep ederiz.","2","4",18271,"keskinme","2025-12-17 11:54:12.317","2025-12-17 12:19:27.633","2025-12-17 11:17:27.657","Merhaba, açıklamaya istinaden mailiniz serbest bırakılmıştır/karşı tarafa gönderilmiştir. Konu ile ilgili ek bir aksiyon almanıza gerek bulunmamaktadır(tekrar maili göndermeye çalışmanıza gerek bulunmamaktadır). Mailin teslim edilmesi ile ilgili karşı taraftan teyit alabilirsiniz. İyi çalışmalar.","10","3","Merhaba, açıklamaya istinaden mailiniz serbest bırakılmıştır/karşı tarafa gönderilmiştir. Konu ile ilgili ek bir aksiyon almanıza gerek bulunmamaktadır(tekrar maili göndermeye çalışmanıza gerek bulunmamaktadır). Mailin teslim edilmesi ile ilgili karşı taraftan teyit alabilirsiniz. İyi çalışmalar.","keskinme",NULL,NULL
1294013,"14",NULL,5768,"Mailim Karşı tarafa Gitmemekte;","merhaba,

paytr ödeme kuruluşuna attığım mail ve ek gitmemekte veri güvenliği uyarısı vermektedir. daha önce benzer mail attığımda ulaşmıştı, mailimin karantinadan çıkarılması konusunda desteklerinizi rica ederim.
mail konusu: Pre-Arb Gelen Harcama İtirazı (2 ARALIK)","3","4",18271,"keskinme","2025-12-17 11:54:06.117","2025-12-17 12:09:01.17","2025-12-17 10:43:37.94","Merhaba, açıklamaya istinaden mailiniz serbest bırakılmıştır/karşı tarafa gönderilmiştir. Konu ile ilgili ek bir aksiyon almanıza gerek bulunmamaktadır(tekrar maili göndermeye çalışmanıza gerek bulunmamaktadır). Mailin teslim edilmesi ile ilgili karşı taraftan teyit alabilirsiniz. İyi çalışmalar.","10","3","Merhaba, açıklamaya istinaden mailiniz serbest bırakılmıştır/karşı tarafa gönderilmiştir. Konu ile ilgili ek bir aksiyon almanıza gerek bulunmamaktadır(tekrar maili göndermeye çalışmanıza gerek bulunmamaktadır). Mailin teslim edilmesi ile ilgili karşı taraftan teyit alabilirsiniz. İyi çalışmalar.","keskinme",NULL,NULL
1294027,"14",NULL,5768,"merhabalar yıl sonu olması sebebi ile yıllık mutabakatlar yapılmaktadır.araç rehin listesi ve ipotek listelerini yazıcıdan çıktı olarak almak istemekteyiz veri güvenliği sebebi ile çıktı alınamamakta.","merhabalar yıl sonu olması sebebi ile yıllık mutabakatlar yapılmaktadır.araç rehin listesi ve ipotek listelerini exel olarak yazıcıdan çıktı olarak almak istemekteyiz veri güvenliği sebebi ile çıktı alınamamaktayız konu hakkında acil yardımlarınız rica olunur.veri koruma ve exel görseli ektedir.ç","2","4",18271,"keskinme","2025-12-17 11:54:04.527","2025-12-17 12:16:56.767","2025-12-17 11:11:23.753","Yapılan değişikliklerin bilgisayarlarınıza yansıması için aşağıdaki linkte yer alan ""DLP Ajanı Nasıl Güncellenir?"" başlığındaki adımları uyguladıktan sonra işlemi yeniden yapmayı deneyebilirsiniz.
https://bilge.kuveytturk.com.tr/genel/24374-dlp-forcepoint-one-endpoint#dlp-ajani-nasil-guncellenir","10","3","Yapılan değişikliklerin bilgisayarlarınıza yansıması için aşağıdaki linkte yer alan ""DLP Ajanı Nasıl Güncellenir?"" başlığındaki adımları uyguladıktan sonra işlemi yeniden yapmayı deneyebilirsiniz.
https://bilge.kuveytturk.com.tr/genel/24374-dlp-forcepoint-one-endpoint#dlp-ajani-nasil-guncellenir","keskinme",NULL,NULL
1294025,"14",NULL,5768,"PROJE EVRAKLARI HK","Müşterimize proje evrakları gönderilmekte olup veri koruma sistemine takılmaktadır. ilgili mail ekte yer almakta olup mailin gönderilmesi konusudna desteğinizi talep ederiz.","2","4",18271,"keskinme","2025-12-17 11:53:55.053","2025-12-17 12:10:01.917","2025-12-17 11:11:24.987","Merhaba, açıklamaya istinaden mailiniz serbest bırakılmıştır/karşı tarafa gönderilmiştir. Konu ile ilgili ek bir aksiyon almanıza gerek bulunmamaktadır(tekrar maili göndermeye çalışmanıza gerek bulunmamaktadır). Mailin teslim edilmesi ile ilgili karşı taraftan teyit alabilirsiniz. İyi çalışmalar.","10","3","Merhaba, açıklamaya istinaden mailiniz serbest bırakılmıştır/karşı tarafa gönderilmiştir. Konu ile ilgili ek bir aksiyon almanıza gerek bulunmamaktadır(tekrar maili göndermeye çalışmanıza gerek bulunmamaktadır). Mailin teslim edilmesi ile ilgili karşı taraftan teyit alabilirsiniz. İyi çalışmalar.","keskinme",NULL,NULL
1293996,"14",NULL,5768,"Tablo erişim yetkisi","Merhaba,

Architecht web sitesi asistanı projesi için KT Buluttaki tablolara Zeynep Işık (zeynep.isik@architecht.com)(izeynep) adına yetki verilmesi hususunda yardımcı olabilir misiniz?
Tablo bilgileri aşağıdaki gibidir.

Server adı - IP - DB - Şema adı - Tablo İsmi
OS41TDTESTDB1 - 10.20.89.21 - GENAI - ARCHWEB - Utterances
OSP41PLPRODDB1 - 10.20.77.21 - GENAI - ARCHWEB - Utterances
Erişim rolü: read-write yetkisi
Erişim süresi: 1 yıl","2","4",18271,"keskinme","2025-12-17 11:24:38.183","2025-12-17 11:24:35.91","2025-12-17 09:27:45.45","merhaba, ilgili veri tabanı erişim talebiniz ile ilgili sunucular architecht ortamından olması nedeniyle talebinizi Zendesk platformu üzerinden yapmanızı rica ederiz.","10","3","merhaba, ilgili veri tabanı erişim talebiniz ile ilgili sunucular architecht ortamından olması nedeniyle talebinizi Zendesk platformu üzerinden yapmanızı rica ederiz.","keskinme",NULL,NULL
1293966,"14",NULL,5768,"mutubakat için gks yi çıktı olarak alma","merhabalar sene sonu mutabakat için gks listesine ihtiyacımız vardır. bunun isin çıktı alabilmek için istisna konusunda desteğinizi talep ediyoruz.","2","4",18271,"keskinme","2025-12-17 10:25:04.053","2025-12-17 10:26:46.507","2025-12-17 09:53:31.387","Yapılan değişikliklerin bilgisayarlarınıza yansıması için aşağıdaki linkte yer alan ""DLP Ajanı Nasıl Güncellenir?"" başlığındaki adımları uyguladıktan sonra işlemi yeniden yapmayı deneyebilirsiniz.
https://bilge.kuveytturk.com.tr/genel/24374-dlp-forcepoint-one-endpoint#dlp-ajani-nasil-guncellenir","10","3","Yapılan değişikliklerin bilgisayarlarınıza yansıması için aşağıdaki linkte yer alan ""DLP Ajanı Nasıl Güncellenir?"" başlığındaki adımları uyguladıktan sonra işlemi yeniden yapmayı deneyebilirsiniz.
https://bilge.kuveytturk.com.tr/genel/24374-dlp-forcepoint-one-endpoint#dlp-ajani-nasil-guncellenir","keskinme",NULL,NULL
1293953,"14",NULL,5768,"yazıcıdan teminat listeisi cıktı alınamaması","Şubemizin yıl sonu mutakabatları için mevcut teminatlarının çıktısı alınması için yazıcı veri güvenliği kısıtından dolayı cıktı alınamamaktadır. kısıtın kaldırılması hususunda değerli desteklerinize arz ederiz. veri güvenliği konusundaki sorumluluğun tarafınıza ait olduğunu teyit ederim.  cıktısı alınmasına mütakip tutanak altına alınarak şubede muhafaza edilecektir.","2","4",18271,"keskinme","2025-12-17 10:23:34.977","2025-12-17 10:24:51.54","2025-12-17 09:34:39.677","Yapılan değişikliklerin bilgisayarlarınıza yansıması için aşağıdaki linkte yer alan ""DLP Ajanı Nasıl Güncellenir?"" başlığındaki adımları uyguladıktan sonra işlemi yeniden yapmayı deneyebilirsiniz.
https://bilge.kuveytturk.com.tr/genel/24374-dlp-forcepoint-one-endpoint#dlp-ajani-nasil-guncellenir","10","3","Yapılan değişikliklerin bilgisayarlarınıza yansıması için aşağıdaki linkte yer alan ""DLP Ajanı Nasıl Güncellenir?"" başlığındaki adımları uyguladıktan sonra işlemi yeniden yapmayı deneyebilirsiniz.
https://bilge.kuveytturk.com.tr/genel/24374-dlp-forcepoint-one-endpoint#dlp-ajani-nasil-guncellenir","keskinme",NULL,NULL
1293940,"14",NULL,5768,"Yıl Sonu Teminat Sayımı İçin Yazdırılamaması Hakk.","Merhaba,
Ekli dosyayı yıl sonuteminat sayımı için yazdırmamız gereklidir. Veri güvenliği politikası gereği yazdıramamaktayız.Nasıl yapabileceğimiz hususunda yardımlarınızı talep ederiz.","2","4",18271,"keskinme","2025-12-17 10:21:25.563","2025-12-17 10:23:25.49","2025-12-17 09:24:14.727","Yapılan değişikliklerin bilgisayarlarınıza yansıması için aşağıdaki linkte yer alan ""DLP Ajanı Nasıl Güncellenir?"" başlığındaki adımları uyguladıktan sonra işlemi yeniden yapmayı deneyebilirsiniz.
https://bilge.kuveytturk.com.tr/genel/24374-dlp-forcepoint-one-endpoint#dlp-ajani-nasil-guncellenir","10","3","Yapılan değişikliklerin bilgisayarlarınıza yansıması için aşağıdaki linkte yer alan ""DLP Ajanı Nasıl Güncellenir?"" başlığındaki adımları uyguladıktan sonra işlemi yeniden yapmayı deneyebilirsiniz.
https://bilge.kuveytturk.com.tr/genel/24374-dlp-forcepoint-one-endpoint#dlp-ajani-nasil-guncellenir","keskinme",NULL,NULL
1293935,"14",NULL,5768,"Mail Serbest Bırakılması Hk.","Merhaba,

adiguzeldogukan34@gmail.com, mertcancucen@gmail.com mail adreslerine gönderilen ve ekran görüntüsü paylaşılan mailin serbest bırakılması hususunda değerli desteklerinizi arz/rica eder, iyi çalışmalar dilerim.

**Müşterimiz Google'a yapılan reklam ödemeleri ve Google'dan gelen ihracat bedelleri için Ticaret Bakanlığı D.F.İ.F kapsamında ihracat teşviki almaktadır. Ödeme dekontlarına ve kredi kartı ekstrelerine şube kaşe+imzası talep edilmektedir. Elektronik ortamdan başvuru yapılmasından dolayı mailden gönderim yapılmaktadır.","2","4",18271,"keskinme","2025-12-17 10:20:09.253","2025-12-17 10:28:57.09","2025-12-17 09:16:58.353","Merhaba, açıklamaya istinaden mailiniz serbest bırakılmıştır/karşı tarafa gönderilmiştir. Konu ile ilgili ek bir aksiyon almanıza gerek bulunmamaktadır(tekrar maili göndermeye çalışmanıza gerek bulunmamaktadır). Mailin teslim edilmesi ile ilgili karşı taraftan teyit alabilirsiniz. İyi çalışmalar.","10","3","Merhaba, açıklamaya istinaden mailiniz serbest bırakılmıştır/karşı tarafa gönderilmiştir. Konu ile ilgili ek bir aksiyon almanıza gerek bulunmamaktadır(tekrar maili göndermeye çalışmanıza gerek bulunmamaktadır). Mailin teslim edilmesi ile ilgili karşı taraftan teyit alabilirsiniz. İyi çalışmalar.","keskinme",NULL,NULL
1293924,"14",NULL,5768,"mail iletimi","Merhabalar RE: ÖDEMESİ GELMEYEN İŞLEMLER HK. konulu mailimin 2025-12-17 08:53:52 tarihinde esra.gordu@hepsiburada.com, edanur.bilgin@hepsiburada.com, didem.erguler@hepsiburada.com adresine göndermek için mailin serbest bırakılmasını rica ederiz","2","4",18271,"keskinme","2025-12-17 10:19:06.26","2025-12-17 10:19:58.31","2025-12-17 09:12:41.59","Merhaba, açıklamaya istinaden mailiniz serbest bırakılmıştır/karşı tarafa gönderilmiştir. Konu ile ilgili ek bir aksiyon almanıza gerek bulunmamaktadır(tekrar maili göndermeye çalışmanıza gerek bulunmamaktadır). Mailin teslim edilmesi ile ilgili karşı taraftan teyit alabilirsiniz. İyi çalışmalar.","10","3","Merhaba, açıklamaya istinaden mailiniz serbest bırakılmıştır/karşı tarafa gönderilmiştir. Konu ile ilgili ek bir aksiyon almanıza gerek bulunmamaktadır(tekrar maili göndermeye çalışmanıza gerek bulunmamaktadır). Mailin teslim edilmesi ile ilgili karşı taraftan teyit alabilirsiniz. İyi çalışmalar.","keskinme",NULL,NULL
1293763,"14",NULL,5768,"ERP Tablosuna Yetki","Merhaba,
""17422 - Görüntülü Görüşmelerde Disconnect Durumunda Mail Gönderilmesi Geliştirmeleri "" işi kapsamında alt ortamda testlerimi ilerletiyorum. HRM.Person tablosunda yaşadığım yetki sorunu sebebiyle testlerim aksamaktadır. Alt ortamda mailin doğru adrese gittiğini görüntüleyebilmek için update yetkisine ihtiyacım bulunmaktadır.Desteğinizi rica ederim.","2","4",21475,"keskinme","2025-12-16 14:58:59.59","2025-12-16 15:00:08.04","2025-12-16 14:16:06.91","merhaba, alt ortamda yetki talebiniz mevcut ise tüm veri tabanları için yetki tanımları sadece BOA ""Veri Erişim Talebi"" üzerinden yapılmaktadır. Bu ekranı kullanabilirsiniz.","10","3","merhaba, alt ortamda yetki talebiniz mevcut ise tüm veri tabanları için yetki tanımları sadece BOA ""Veri Erişim Talebi"" üzerinden yapılmaktadır. Bu ekranı kullanabilirsiniz.","keskinme",NULL,NULL
1293837,"14",NULL,5768,"mail gönderim yetksii","merhabamail gönderim için yetki rica ederiz. sigorta firmasına gönderilecektir.

Sayın Tuğba Kaya / Kuveyt Türk - Kestel Şubesi,

Finans ve müşteri verilerini maskeleme yöntemi kullanılmadan 2025-12-16 15:58:05 tarihinde mertmustafa.goksel@somposigorta.com.tr, info@ismailorhantasimacilik.com.tr, kadriye.bekoglu@somposigorta.com.tr adresine göndermek istediniz. Bilgi güvenliği politikaları gereğince bu işlem engellenmiştir. Bu verileri akıştan çıkararak veya aşağıda belirtilen maskeleme yöntemini akışta bulunan veriler için uygulayarak veri gönderimi yapabilirsiniz.
• IBAN verisi için ilk ve son 4 rakam hariç olmak üzere TR11XXXXXXXXXXXXXXXXXX1111) diğer rakamları maskeleyiniz.
• TCKN verisi için ilk ve son 2 rakam hariç olmak üzere (11XXXXXXX11) diğer rakamları maskeleyiniz.
• Kart verisi için ise ilk 6 ve son 4 rakam hariç olmak üzere (1111 11XX XXXX 1111) diğer rakamları maskeleyiniz.
Bu verileri maskelemeden iş kapsamı ihtiyacından dolayı gönderilmesi gerekliyse BT Mercek Talep – Çağrı Oluştur ekranından “Yetki ve Erişim Talepleri > Veri Koruma Sistemi İstisna Tanımlama” kategorisinden çağrı oluşturabilirsiniz.

Kuveyt Türk Veri Güvenliği Ekibi","2","4",18271,"keskinme","2025-12-17 09:20:29.21","2025-12-17 09:21:58.737","2025-12-16 16:05:23.797","Merhaba, açıklamaya istinaden mailiniz serbest bırakılmıştır/karşı tarafa gönderilmiştir. Konu ile ilgili ek bir aksiyon almanıza gerek bulunmamaktadır(tekrar maili göndermeye çalışmanıza gerek bulunmamaktadır). Mailin teslim edilmesi ile ilgili karşı taraftan teyit alabilirsiniz. İyi çalışmalar.","10","3","Merhaba, açıklamaya istinaden mailiniz serbest bırakılmıştır/karşı tarafa gönderilmiştir. Konu ile ilgili ek bir aksiyon almanıza gerek bulunmamaktadır(tekrar maili göndermeye çalışmanıza gerek bulunmamaktadır). Mailin teslim edilmesi ile ilgili karşı taraftan teyit alabilirsiniz. İyi çalışmalar.","keskinme",NULL,NULL
1293851,"14",NULL,5768,"Leasing proforma gönderimi hk","Merhabalar, 

egemen@imer.com, leasing@imer.com adresine göndermiş olduğum mailin iletilmesi için yardımlarınızı rica ederiz. 
Mail ekinde prforma bulunmaktadır.","2","4",18271,"keskinme","2025-12-17 09:07:37.32","2025-12-17 09:20:09.993","2025-12-16 16:54:04.033","Merhaba, açıklamaya istinaden mailiniz serbest bırakılmıştır/karşı tarafa gönderilmiştir. Konu ile ilgili ek bir aksiyon almanıza gerek bulunmamaktadır(tekrar maili göndermeye çalışmanıza gerek bulunmamaktadır). Mailin teslim edilmesi ile ilgili karşı taraftan teyit alabilirsiniz. İyi çalışmalar.","10","3","Merhaba, açıklamaya istinaden mailiniz serbest bırakılmıştır/karşı tarafa gönderilmiştir. Konu ile ilgili ek bir aksiyon almanıza gerek bulunmamaktadır(tekrar maili göndermeye çalışmanıza gerek bulunmamaktadır). Mailin teslim edilmesi ile ilgili karşı taraftan teyit alabilirsiniz. İyi çalışmalar.","keskinme",NULL,NULL
1293828,"14",NULL,5768,"VERİ KORUMA İSTİSNA TALEBİ","YILSONU MUTABAKATLARININ YAPILABİLMESİ SEBEİYLE İLGİLİ EXCEL DOSYASININ YAZICIDAN ÇIKTI ALINARAK ARŞİVDEN KONTROL SAĞLANMASI GEREKMEKTEDİR. İLGİLİ DOSYAYA İSTİSNA TANIMLANMASI HUSUSUNDA DESTEKLERİNİZİ TALEP EDERİZ.","2","4",18271,"keskinme","2025-12-16 16:18:51.607","2025-12-16 16:20:09.92","2025-12-16 16:06:01.703","Yapılan değişikliklerin bilgisayarlarınıza yansıması için aşağıdaki linkte yer alan ""DLP Ajanı Nasıl Güncellenir?"" başlığındaki adımları uyguladıktan sonra işlemi yeniden yapmayı deneyebilirsiniz.
https://bilge.kuveytturk.com.tr/genel/24374-dlp-forcepoint-one-endpoint#dlp-ajani-nasil-guncellenir","10","3","Yapılan değişikliklerin bilgisayarlarınıza yansıması için aşağıdaki linkte yer alan ""DLP Ajanı Nasıl Güncellenir?"" başlığındaki adımları uyguladıktan sonra işlemi yeniden yapmayı deneyebilirsiniz.
https://bilge.kuveytturk.com.tr/genel/24374-dlp-forcepoint-one-endpoint#dlp-ajani-nasil-guncellenir","keskinme",NULL,NULL
1293801,"14",NULL,5768,"verı guvenlıgı hakkında","kolay gelsın yıl sonu temınat mutabakatını yapmak ıstıyoruz lıste cıkarmak ıstıyoruz ama verı guvelıgı dıye uyarı vermektedır konu hakkında yardımlarınız arz ederım","2","4",18271,"keskinme","2025-12-16 16:17:10.923","2025-12-16 16:18:36.847","2025-12-16 14:57:38.32","Yapılan değişikliklerin bilgisayarlarınıza yansıması için aşağıdaki linkte yer alan ""DLP Ajanı Nasıl Güncellenir?"" başlığındaki adımları uyguladıktan sonra işlemi yeniden yapmayı deneyebilirsiniz.
https://bilge.kuveytturk.com.tr/genel/24374-dlp-forcepoint-one-endpoint#dlp-ajani-nasil-guncellenir","10","3","Yapılan değişikliklerin bilgisayarlarınıza yansıması için aşağıdaki linkte yer alan ""DLP Ajanı Nasıl Güncellenir?"" başlığındaki adımları uyguladıktan sonra işlemi yeniden yapmayı deneyebilirsiniz.
https://bilge.kuveytturk.com.tr/genel/24374-dlp-forcepoint-one-endpoint#dlp-ajani-nasil-guncellenir","keskinme",NULL,NULL
1293804,"14",NULL,5768,"CKN Verisi Paylaşımı- Güvenlik Bilgilendirmesi","merhabalar,
ekte yer mailin gönderimi için yardımlarınızı rica ederiz.","2","4",18271,"keskinme","2025-12-16 16:09:54.203","2025-12-16 16:11:59.893","2025-12-16 15:10:52.77","Merhaba, açıklamaya istinaden mailiniz serbest bırakılmıştır/karşı tarafa gönderilmiştir. Konu ile ilgili ek bir aksiyon almanıza gerek bulunmamaktadır(tekrar maili göndermeye çalışmanıza gerek bulunmamaktadır). Mailin teslim edilmesi ile ilgili karşı taraftan teyit alabilirsiniz. İyi çalışmalar.","10","3","Merhaba, açıklamaya istinaden mailiniz serbest bırakılmıştır/karşı tarafa gönderilmiştir. Konu ile ilgili ek bir aksiyon almanıza gerek bulunmamaktadır(tekrar maili göndermeye çalışmanıza gerek bulunmamaktadır). Mailin teslim edilmesi ile ilgili karşı taraftan teyit alabilirsiniz. İyi çalışmalar.","keskinme",NULL,NULL
1293777,"14",NULL,5768,"Mail gönderimi hk.","Merhaba, müşterimize poliçe gönderimi yaparken veri güvenliğinden dolayı gönderim yapamadık. Gönderim hususunda desteklerinizi rica eder, hayırlı çalışmalar dileriz.","2","4",18271,"keskinme","2025-12-16 15:01:50.597","2025-12-16 15:02:47.44","2025-12-16 14:30:21.963","Merhaba, açıklamaya istinaden mailiniz serbest bırakılmıştır/karşı tarafa gönderilmiştir. Konu ile ilgili ek bir aksiyon almanıza gerek bulunmamaktadır(tekrar maili göndermeye çalışmanıza gerek bulunmamaktadır). Mailin teslim edilmesi ile ilgili karşı taraftan teyit alabilirsiniz. İyi çalışmalar.","10","3","Merhaba, açıklamaya istinaden mailiniz serbest bırakılmıştır/karşı tarafa gönderilmiştir. Konu ile ilgili ek bir aksiyon almanıza gerek bulunmamaktadır(tekrar maili göndermeye çalışmanıza gerek bulunmamaktadır). Mailin teslim edilmesi ile ilgili karşı taraftan teyit alabilirsiniz. İyi çalışmalar.","keskinme",NULL,NULL
1293773,"14",NULL,5768,"proje ödemesi hk","merhaba 
ilgili müşterimize geri ödeme planı ve ödeme dekontu paylasılacaktır ancak güvenlik uyarısına takılmaktadır. kıymetli yardımlarınızı arz rica ederiz. 

serdar@pancom.com.tr
sarp@pancom.com.tr'","2","4",18271,"keskinme","2025-12-16 15:00:20.39","2025-12-16 15:01:41.617","2025-12-16 14:25:44.72","Merhaba, açıklamaya istinaden mailiniz serbest bırakılmıştır/karşı tarafa gönderilmiştir. Konu ile ilgili ek bir aksiyon almanıza gerek bulunmamaktadır(tekrar maili göndermeye çalışmanıza gerek bulunmamaktadır). Mailin teslim edilmesi ile ilgili karşı taraftan teyit alabilirsiniz. İyi çalışmalar.","10","3","Merhaba, açıklamaya istinaden mailiniz serbest bırakılmıştır/karşı tarafa gönderilmiştir. Konu ile ilgili ek bir aksiyon almanıza gerek bulunmamaktadır(tekrar maili göndermeye çalışmanıza gerek bulunmamaktadır). Mailin teslim edilmesi ile ilgili karşı taraftan teyit alabilirsiniz. İyi çalışmalar.","keskinme",NULL,NULL
1312418,"1","3",5768,"ickontrol db Erişim Yetkisi Kaldırma","İç Kontrol DB Kullanıcılar mail grubu üyelerinin ickontrol db üzerinde update, delete, insert, exec gibi yetkileri bulunmaktadır. Belirli kullanıcıların bu yetkilere sahip olması için Veri Erişim Talebi ekranından yetkiler talep edilmiş olup bu mail grubunun ickontrol db üzerindek bütün yetkileri kaldırılmalıdır.

İyi çalışmalar.","3","4",14847,"scakici","2026-02-10 09:08:52.573",NULL,"2026-02-09 11:38:25.193","","10","3","","tugaya",32,"Yetki ve Erişim Talepleri > FTP / SFTP"
